date,wd,ws,temp_K,mixing_height_m
01-01-2024 0:00,201.15,2.24,287.19,258.75
01-01-2024 1:00,206.49,1.86,286.5,172.48
01-01-2024 2:00,216.25,0.94,285.56,88.38
01-01-2024 3:00,217.25,0.29,284.61,28.39
01-01-2024 4:00,209.81,0.69,284.19,16.49
01-01-2024 5:00,196.93,1.14,284.67,10.06
01-01-2024 6:00,170.39,0.02,283.69,2.33
01-01-2024 7:00,100.59,0,285.74,-26.87
01-01-2024 8:00,56.25,0.21,288.44,-28.51
01-01-2024 9:00,270.11,0.51,290.98,-35.37
01-01-2024 10:00,240.66,1.21,293.11,-54.14
01-01-2024 11:00,231.99,1.56,294.77,-71.91
01-01-2024 12:00,224.33,1.89,296,-80.5
01-01-2024 13:00,220.75,2.19,296.97,-103.69
01-01-2024 14:00,209.89,2.53,297.44,-117.32
01-01-2024 15:00,209.67,2.91,297.64,-141.12
01-01-2024 16:00,209.41,3.02,297.62,-170.83
01-01-2024 17:00,210.91,3.22,297.21,-221.27
01-01-2024 18:00,207.24,3.23,296.46,-463.99
01-01-2024 19:00,204.46,2.46,295.29,630.04
01-01-2024 20:00,202.14,2.22,293.08,160.75
01-01-2024 21:00,195.57,2.83,291.3,235.04
01-01-2024 22:00,204.36,2.43,289.94,201.07
01-01-2024 23:00,207.36,1.25,288.5,99.45
02-01-2024 0:00,210.62,1.05,287.61,74.56
02-01-2024 1:00,204.04,0.81,286.58,69.49
02-01-2024 2:00,177.94,0.56,285.93,35.66
02-01-2024 3:00,180.97,0.72,285.49,16.87
02-01-2024 4:00,130.02,0.63,285.59,5.1
02-01-2024 5:00,162.65,0.6,285.83,-57.64
02-01-2024 6:00,78.35,0.02,285.71,-27.1
02-01-2024 7:00,219.84,0.13,286.14,-25.16
02-01-2024 8:00,217.41,0.21,289.05,-31.93
02-01-2024 9:00,231.59,1.08,292,-46.86
02-01-2024 10:00,222.95,1.5,293.95,-63.84
02-01-2024 11:00,216.07,1.66,295.54,-67.63
02-01-2024 12:00,213.97,1.78,297.06,-83.28
02-01-2024 13:00,213.31,1.97,298.12,-88.88
02-01-2024 14:00,213.46,1.97,298.92,-107.88
02-01-2024 15:00,216.12,2.12,299.45,-129.48
02-01-2024 16:00,215.54,2.33,299.64,-173.71
02-01-2024 17:00,218.16,2.29,299.52,-275.94
02-01-2024 18:00,214.58,2.01,299,-1011.65
02-01-2024 19:00,195.78,0.75,297.54,131.66
02-01-2024 20:00,171.75,0.09,294.14,24.97
02-01-2024 21:00,332.25,0.05,293.1,24.03
02-01-2024 22:00,271.29,1.04,293.17,8.02
02-01-2024 23:00,4.96,0.75,291.94,5.95
03-01-2024 0:00,42.59,1.19,290.1,81.19
03-01-2024 1:00,64.92,1.24,289.21,87.08
03-01-2024 2:00,79.49,1.29,288.63,77.44
03-01-2024 3:00,88.34,0.92,288.07,46.05
03-01-2024 4:00,104.14,0.89,287.51,43.11
03-01-2024 5:00,115.23,0.79,287.67,-66.81
03-01-2024 6:00,270.77,0.05,287.47,-31.02
03-01-2024 7:00,73.01,0.17,287.54,-28.04
03-01-2024 8:00,107.31,0.02,288.34,-25.68
03-01-2024 9:00,267.02,0.66,292.43,-35.99
03-01-2024 10:00,226.41,1.51,295.17,-67.05
03-01-2024 11:00,222.24,1.63,296.7,-70.87
03-01-2024 12:00,216.94,1.63,298.13,-85.88
03-01-2024 13:00,214.48,1.86,299.11,-94.35
03-01-2024 14:00,214.19,1.95,299.79,-120.93
03-01-2024 15:00,211.6,2.18,300.2,-162.93
03-01-2024 16:00,214.77,2.27,300.31,-216.48
03-01-2024 17:00,211.67,2.12,300.03,-369.7
03-01-2024 18:00,205.91,1.82,299.27,-2721.91
03-01-2024 19:00,199.66,1.67,297.31,227.34
03-01-2024 20:00,187.92,1.42,294.43,74.17
03-01-2024 21:00,192.77,2.14,293.31,119.88
03-01-2024 22:00,198.7,2.3,291.89,138.3
03-01-2024 23:00,195.44,0.53,290.13,38.51
04-01-2024 0:00,242.09,0.53,289.36,5.47
04-01-2024 1:00,295.28,0.41,288.39,4.19
04-01-2024 2:00,66.47,0.85,288.1,-933.91
04-01-2024 3:00,97.4,1.08,288.02,-85.49
04-01-2024 4:00,111.52,0.92,287.95,-74.84
04-01-2024 5:00,102.56,0.54,287.88,-48.01
04-01-2024 6:00,86.54,0.28,287.72,-38.02
04-01-2024 7:00,50.04,0.5,287.89,-36.88
04-01-2024 8:00,34.26,0.34,288.4,-29.45
04-01-2024 9:00,302.56,0.38,292.56,-33.99
04-01-2024 10:00,256.08,1.19,295.03,-53.34
04-01-2024 11:00,221.56,1.88,296.47,-83.97
04-01-2024 12:00,218.12,1.89,297.75,-85.07
04-01-2024 13:00,218.12,2.37,298.47,-98.46
04-01-2024 14:00,213.57,2.49,298.89,-117.83
04-01-2024 15:00,209.23,2.59,299.25,-132.41
04-01-2024 16:00,208.53,2.77,299.19,-165.72
04-01-2024 17:00,203.67,2.99,298.77,-237.93
04-01-2024 18:00,206.41,3.43,297.71,-577.01
04-01-2024 19:00,200.03,3.48,295.7,1741.71
04-01-2024 20:00,193.73,3.57,293.35,428.4
04-01-2024 21:00,196.5,3.16,292.38,433.66
04-01-2024 22:00,206.97,3.14,290.62,688.64
04-01-2024 23:00,203.85,2.92,289.4,715.17
05-01-2024 0:00,205.27,2.64,288.44,762.65
05-01-2024 1:00,206.32,2.15,287.82,376.85
05-01-2024 2:00,204.85,1.03,287.14,166.91
05-01-2024 3:00,212.21,0.47,286.33,97.75
05-01-2024 4:00,202.27,0.49,286.39,-42.44
05-01-2024 5:00,165.51,0.03,286.44,-30.6
05-01-2024 6:00,94.8,0.14,286.96,-31.25
05-01-2024 7:00,42.74,0.34,286.92,-32.67
05-01-2024 8:00,45.29,0.34,287.49,-29.07
05-01-2024 9:00,193.02,0.1,290.59,-27.59
05-01-2024 10:00,264.13,0.89,293.79,-45.76
05-01-2024 11:00,228.17,1.72,295.41,-71.57
05-01-2024 12:00,220.51,2.07,296.54,-89.83
05-01-2024 13:00,212.76,2.53,297.26,-104.12
05-01-2024 14:00,212.86,3.06,297.58,-137.22
05-01-2024 15:00,207.37,3.58,297.7,-176.45
05-01-2024 16:00,208.14,4.02,297.59,-233.44
05-01-2024 17:00,207.54,4.37,296.81,-361.28
05-01-2024 18:00,208.17,3.96,295.68,-703.78
05-01-2024 19:00,200.17,3.55,293.81,1067.24
05-01-2024 20:00,197.59,3.97,292.36,2569.39
05-01-2024 21:00,199.09,3.48,290.76,716.02
05-01-2024 22:00,205.55,3.12,289.61,665.1
05-01-2024 23:00,204.88,3.01,288.69,591.15
06-01-2024 0:00,205.72,2.69,288.05,473.65
06-01-2024 1:00,207.58,2.18,287.49,373.32
06-01-2024 2:00,211.09,1.53,287.06,178.6
06-01-2024 3:00,215.4,1.5,286.68,162.15
06-01-2024 4:00,167.92,0.48,286.56,80.59
06-01-2024 5:00,76,0.06,286.47,-28.29
06-01-2024 6:00,268.53,0.11,286.6,-29.67
06-01-2024 7:00,306.81,0.21,286.7,-28.64
06-01-2024 8:00,333.03,0.06,287.11,-25.78
06-01-2024 9:00,275.21,0.44,290.92,-32.11
06-01-2024 10:00,232.06,1.21,293.25,-50.17
06-01-2024 11:00,226.73,1.55,295.02,-66.19
06-01-2024 12:00,217.99,1.92,296.24,-85.79
06-01-2024 13:00,210.16,2.32,297.22,-98.61
06-01-2024 14:00,213.07,2.61,297.84,-124.4
06-01-2024 15:00,214.75,3.31,297.95,-168.73
06-01-2024 16:00,231.68,3.49,297.74,-221.05
06-01-2024 17:00,224.43,3.77,297.33,-330.46
06-01-2024 18:00,227.85,3.47,296.83,-627.63
06-01-2024 19:00,222.62,3.74,295.06,1460.36
06-01-2024 20:00,203.13,3.55,292.56,465.02
06-01-2024 21:00,198.4,2.76,291.31,477.73
06-01-2024 22:00,194.35,3.02,290.02,449.63
06-01-2024 23:00,197.98,2.81,289.06,332.35
07-01-2024 0:00,201.77,2.12,288.2,205.96
07-01-2024 1:00,207.95,1.42,287.43,117.08
07-01-2024 2:00,201.58,1.07,286.64,92.9
07-01-2024 3:00,204.73,1.02,286.1,73.92
07-01-2024 4:00,192.25,0.54,285.52,17.54
07-01-2024 5:00,197.25,0.49,285.05,19.63
07-01-2024 6:00,200.54,0.42,284.62,20.45
07-01-2024 7:00,209.25,1.15,286.51,-79.16
07-01-2024 8:00,214.97,1.61,288.68,-66.19
07-01-2024 9:00,222.79,1.89,290.53,-72.11
07-01-2024 10:00,220.6,2.33,292.16,-81.18
07-01-2024 11:00,214.75,2.4,293.67,-89.91
07-01-2024 12:00,210.72,2.52,294.99,-92.89
07-01-2024 13:00,209.09,2.77,296.07,-116
07-01-2024 14:00,213.24,3.05,296.88,-138.7
07-01-2024 15:00,210.18,2.84,297.41,-145.15
07-01-2024 16:00,213.12,2.89,297.51,-175.04
07-01-2024 17:00,216.28,3,297.25,-268.22
07-01-2024 18:00,217.64,2.76,296.72,-593.33
07-01-2024 19:00,218.04,3.16,294.88,1111.53
07-01-2024 20:00,206.36,2.26,292.38,164
07-01-2024 21:00,196.21,1.07,290.79,65.73
07-01-2024 22:00,193.08,1.13,289.75,64.87
07-01-2024 23:00,199.37,1.62,289.19,82.41
08-01-2024 0:00,191.57,1.14,288.19,60.74
08-01-2024 1:00,184.81,1.34,287.39,70.56
08-01-2024 2:00,194.25,1.46,286.89,75.05
08-01-2024 3:00,202.51,1.58,286.42,83.29
08-01-2024 4:00,211.91,1.44,285.76,78.66
08-01-2024 5:00,205.78,1.34,284.9,102.59
08-01-2024 6:00,199.43,0.69,283.89,57.15
08-01-2024 7:00,202.92,1.6,285.68,-153.52
08-01-2024 8:00,211.97,1.38,287.99,-60.71
08-01-2024 9:00,219.7,1.95,289.98,-68.78
08-01-2024 10:00,217.71,2.12,291.85,-77.01
08-01-2024 11:00,217.74,2.34,293.47,-82.65
08-01-2024 12:00,211.7,2.39,294.91,-94.33
08-01-2024 13:00,212.01,2.24,295.99,-102.32
08-01-2024 14:00,214.34,2.6,296.81,-120.18
08-01-2024 15:00,212.07,2.77,297.26,-141.99
08-01-2024 16:00,212.6,2.72,297.33,-166.06
08-01-2024 17:00,211.65,2.68,297.13,-218.63
08-01-2024 18:00,213.98,2.75,296.55,-588.76
08-01-2024 19:00,222.26,2.42,295.16,696.3
08-01-2024 20:00,199.27,2.29,292.34,176.7
08-01-2024 21:00,186.46,1.4,290.9,83.23
08-01-2024 22:00,30.32,0.04,289.06,29.23
08-01-2024 23:00,196.95,1.07,288.54,65.38
09-01-2024 0:00,196.81,0.79,287.2,66
09-01-2024 1:00,211,0.47,285.91,69.87
09-01-2024 2:00,189.99,0.23,285.22,26.77
09-01-2024 3:00,197.73,0.98,285.46,12.76
09-01-2024 4:00,196.7,0.47,285.34,3.89
09-01-2024 5:00,356.46,0.83,283.12,1
09-01-2024 6:00,280.28,0.83,282.16,1
09-01-2024 7:00,81.82,0.25,285.79,-55.13
09-01-2024 8:00,231.53,0.12,288.41,-33.82
09-01-2024 9:00,228.72,0.9,290.92,-45.08
09-01-2024 10:00,226.81,1.41,292.73,-61.78
09-01-2024 11:00,217.91,1.68,294.23,-67.65
09-01-2024 12:00,218.26,2,295.56,-87.11
09-01-2024 13:00,216.91,2.05,296.58,-89.16
09-01-2024 14:00,213.62,2.3,297.28,-113.99
09-01-2024 15:00,210.09,2.59,297.6,-136.65
09-01-2024 16:00,205.32,2.69,297.7,-165.77
09-01-2024 17:00,205.4,2.74,297.4,-231.36
09-01-2024 18:00,208.47,2.62,296.84,-588.45
09-01-2024 19:00,209.38,1.5,295.53,235.16
09-01-2024 20:00,204.8,2.4,293.14,147.45
09-01-2024 21:00,175.66,0.93,291.08,55.22
09-01-2024 22:00,191.2,0.94,289.94,52.02
09-01-2024 23:00,264.74,0.36,289.27,3.52
10-01-2024 0:00,317.94,0.6,288.4,4.89
10-01-2024 1:00,55.62,0.74,286.73,15.94
10-01-2024 2:00,74.16,0.39,285.91,23.5
10-01-2024 3:00,71.32,1.04,286.01,11.56
10-01-2024 4:00,95.54,1.09,285.47,12.53
10-01-2024 5:00,128.46,0.5,285.04,-42.73
10-01-2024 6:00,105.31,0.31,285.08,-34.9
10-01-2024 7:00,107.43,0.08,285.35,-29.65
10-01-2024 8:00,201.07,0.12,286.22,-24.63
10-01-2024 9:00,258.4,0.38,290.63,-34.62
10-01-2024 10:00,238.77,1.23,292.81,-56.03
10-01-2024 11:00,228.23,1.49,294.43,-72.54
10-01-2024 12:00,219.04,1.74,295.85,-80.06
10-01-2024 13:00,211.92,1.99,296.82,-87.97
10-01-2024 14:00,209.23,2.07,297.53,-104.59
10-01-2024 15:00,213.15,2.39,297.9,-126.96
10-01-2024 16:00,212.55,2.32,298.08,-143.99
10-01-2024 17:00,213.31,2.43,297.84,-203.05
10-01-2024 18:00,206.8,2.31,297.27,-471.24
10-01-2024 19:00,201.41,1.29,296.01,230.02
10-01-2024 20:00,200.24,0.26,293.03,34.56
10-01-2024 21:00,141.16,0.72,292.5,45.05
10-01-2024 22:00,142.25,0.84,291.58,14.1
10-01-2024 23:00,345.57,0.35,289.39,1.57
11-01-2024 0:00,232.9,0.9,287.85,1
11-01-2024 1:00,84.14,0.44,287.34,1.5
11-01-2024 2:00,151.1,0.06,287.67,2.48
11-01-2024 3:00,30.32,0.79,284.87,1
11-01-2024 4:00,29.19,0.49,285.15,1.37
11-01-2024 5:00,336.61,0.92,284.29,1
11-01-2024 6:00,254.89,0.15,284.99,1.98
11-01-2024 7:00,76.63,0.61,287.52,-47.66
11-01-2024 8:00,35.36,0.56,290.53,-38.95
11-01-2024 9:00,314.25,0.09,293.75,-36.49
11-01-2024 10:00,238.93,0.18,296.27,-58.63
11-01-2024 11:00,200.12,0.98,297.64,-72.65
11-01-2024 12:00,212.18,1.5,298.53,-100.11
11-01-2024 13:00,203.31,1.93,299.11,-131.78
11-01-2024 14:00,210.02,2.16,299.49,-143.56
11-01-2024 15:00,208.6,2.52,299.72,-198.98
11-01-2024 16:00,211.14,2.67,299.57,-253.53
11-01-2024 17:00,219.21,3.14,298.91,-409.98
11-01-2024 18:00,220.15,2.96,297.9,-931.63
11-01-2024 19:00,215.46,2.48,296.42,473.08
11-01-2024 20:00,191.65,2.34,293.92,156.12
11-01-2024 21:00,185.92,1.51,292.21,85
11-01-2024 22:00,206.5,0.61,291.14,5.66
11-01-2024 23:00,209.82,0.15,289.66,2.82
12-01-2024 0:00,2.43,0.35,287.54,1.38
12-01-2024 1:00,45.69,0.6,286.21,1
12-01-2024 2:00,73.61,0.96,287.06,8.26
12-01-2024 3:00,266.04,0.02,285.82,2.26
12-01-2024 4:00,136.28,0.25,285.73,3.08
12-01-2024 5:00,129.06,0.4,285.8,-39.78
12-01-2024 6:00,122.89,0.24,285.71,-34.36
12-01-2024 7:00,103.74,0.21,285.87,-33.52
12-01-2024 8:00,261.81,0.22,286.51,-26.3
12-01-2024 9:00,315.35,0.09,289.14,-29.58
12-01-2024 10:00,270.47,0.66,292.1,-38.82
12-01-2024 11:00,243.47,1.35,294.3,-60.56
12-01-2024 12:00,229.66,1.54,295.95,-77.56
12-01-2024 13:00,218.95,1.86,297.03,-87.32
12-01-2024 14:00,221.73,1.96,297.58,-102.31
12-01-2024 15:00,212.75,2.36,297.87,-121.02
12-01-2024 16:00,210.92,2.73,297.81,-152.02
12-01-2024 17:00,211.27,2.82,297.5,-216.97
12-01-2024 18:00,214.4,3.01,296.77,-514.46
12-01-2024 19:00,211.48,2.52,295.49,651.6
12-01-2024 20:00,198.24,2.33,293.1,185.21
12-01-2024 21:00,195.06,1.87,291.69,160.15
12-01-2024 22:00,194.41,1.65,290.39,161.6
12-01-2024 23:00,202.5,1.86,289.13,177.54
13-01-2024 0:00,202.45,0.47,287.93,61.22
13-01-2024 1:00,212.82,0.83,286.97,163.45
13-01-2024 2:00,211.22,0.91,286.25,99.74
13-01-2024 3:00,206.09,1.01,285.66,98.41
13-01-2024 4:00,203,0.78,284.99,69.29
13-01-2024 5:00,205.02,0.55,284.44,44.08
13-01-2024 6:00,201.7,0.58,284.08,16.26
13-01-2024 7:00,249.06,0.07,285.36,-30.48
13-01-2024 8:00,284.31,0.08,287.53,-28.91
13-01-2024 9:00,265.4,0.68,289.95,-41.2
13-01-2024 10:00,245.96,1.59,291.63,-57.02
13-01-2024 11:00,231.46,1.67,293.22,-68.46
13-01-2024 12:00,222.51,1.99,294.54,-86.09
13-01-2024 13:00,225.37,2.37,295.48,-97.44
13-01-2024 14:00,210.08,2.87,296.08,-119.4
13-01-2024 15:00,209.95,3.05,296.49,-136.58
13-01-2024 16:00,212.03,3.17,296.46,-179.34
13-01-2024 17:00,205.73,3.36,296.03,-235.59
13-01-2024 18:00,206.96,3.18,295.31,-468.65
13-01-2024 19:00,204.53,2.57,294.2,567.05
13-01-2024 20:00,205.39,1.92,291.97,132.8
13-01-2024 21:00,201.28,2.64,290.18,217.04
13-01-2024 22:00,209.61,2.42,289.03,180.12
13-01-2024 23:00,204.01,1.79,287.93,122.69
14-01-2024 0:00,206.05,1.48,286.87,117.78
14-01-2024 1:00,7.89,0.13,285.28,37.99
14-01-2024 2:00,201.17,0.77,285.08,8.66
14-01-2024 3:00,212.44,1.23,285.17,10.57
14-01-2024 4:00,149.55,0.9,285.13,6.08
14-01-2024 5:00,173.41,0.11,284.05,2.56
14-01-2024 6:00,190.34,1.29,285.02,7.73
14-01-2024 7:00,197.74,0.72,286.02,-204.61
14-01-2024 8:00,210.92,1.07,288.85,-62.26
14-01-2024 9:00,215.65,1.66,291.11,-70.19
14-01-2024 10:00,222.28,1.89,293.09,-69.9
14-01-2024 11:00,215.15,2.05,294.81,-82.21
14-01-2024 12:00,209.26,2.29,296.14,-89.99
14-01-2024 13:00,208.59,2.5,297.37,-114.99
14-01-2024 14:00,210.02,2.51,298.27,-121.08
14-01-2024 15:00,214.24,2.9,298.83,-167.73
14-01-2024 16:00,210.26,2.65,299.13,-206.69
14-01-2024 17:00,214.12,2.48,299,-308.64
14-01-2024 18:00,206.8,1.81,298.47,-3073.49
14-01-2024 19:00,20.5,0.2,296.44,60.73
14-01-2024 20:00,129.2,0.66,293.64,16.36
14-01-2024 21:00,163.21,1.42,294.57,8.43
14-01-2024 22:00,186.51,0.22,291.16,23.55
14-01-2024 23:00,193.68,1.2,291.52,13
15-01-2024 0:00,24.2,0.46,289.37,4.47
15-01-2024 1:00,211.28,0.8,286.15,1.16
15-01-2024 2:00,197.93,0.97,285.3,1
15-01-2024 3:00,79.7,0.33,285.96,1.73
15-01-2024 4:00,349.16,0.42,285.01,1.59
15-01-2024 5:00,161.52,0.85,287.22,4.7
15-01-2024 6:00,212.96,0.56,286.2,3.83
15-01-2024 7:00,186.68,0.62,286.99,-595.58
15-01-2024 8:00,216.01,1.03,290,-72.01
15-01-2024 9:00,222.98,1.47,292.51,-71.38
15-01-2024 10:00,228.09,2,294.15,-83.58
15-01-2024 11:00,225.76,1.88,295.68,-86.29
15-01-2024 12:00,220.18,2.2,296.88,-97.11
15-01-2024 13:00,213.45,2.26,297.79,-109.64
15-01-2024 14:00,213.13,2.17,298.24,-121.17
15-01-2024 15:00,213.88,2.69,298.5,-168.13
15-01-2024 16:00,213.48,2.82,298.29,-212.22
15-01-2024 17:00,220.18,2.99,297.83,-340.13
15-01-2024 18:00,215.65,3.23,296.88,-2050.11
15-01-2024 19:00,211.71,3.39,294.85,1135.92
15-01-2024 20:00,197.88,3.16,292.03,305.47
15-01-2024 21:00,169.01,0.36,290.03,44.5
15-01-2024 22:00,175.28,0.27,289.35,3.61
15-01-2024 23:00,200.95,0.96,288.7,10.88
16-01-2024 0:00,144.7,0.85,287.77,8.41
16-01-2024 1:00,93.28,0.47,286.76,4.86
16-01-2024 2:00,60.62,0.79,285.82,15.18
16-01-2024 3:00,59.03,0.92,285.35,12.52
16-01-2024 4:00,53.88,0.88,285.12,7.57
16-01-2024 5:00,93.51,1.08,284.81,-507.51
16-01-2024 6:00,151.09,0.26,284.67,-34.12
16-01-2024 7:00,17.92,0.03,284.84,-28.35
16-01-2024 8:00,82.84,0.06,285.69,-25.13
16-01-2024 9:00,219.61,1.06,290.5,-46.44
16-01-2024 10:00,220.53,1.79,292.31,-70.52
16-01-2024 11:00,213.42,1.63,294.18,-75.88
16-01-2024 12:00,209.9,2.37,295.42,-98.81
16-01-2024 13:00,209.63,2.21,296.57,-96.24
16-01-2024 14:00,217.96,1.63,297.72,-96.34
16-01-2024 15:00,203.73,2.19,298.24,-132.36
16-01-2024 16:00,207.72,2.21,298.53,-157.08
16-01-2024 17:00,218.28,1.65,298.48,-173.79
16-01-2024 18:00,208.83,1.47,298.21,-538.89
16-01-2024 19:00,74.11,0.9,296.49,59.91
16-01-2024 20:00,121.91,0.41,294.51,3.66
16-01-2024 21:00,153.53,0.76,293.01,16.53
16-01-2024 22:00,152.2,1.46,293.37,8.92
16-01-2024 23:00,182.61,1.36,291.82,14
17-01-2024 0:00,189.62,1.22,291.89,7.38
17-01-2024 1:00,156.45,0.18,289.23,2.81
17-01-2024 2:00,336.28,0.51,286.96,1.55
17-01-2024 3:00,352.25,0.18,287.24,2.02
17-01-2024 4:00,132.52,0.35,287.94,3.15
17-01-2024 5:00,152.26,0.72,288.39,4.1
17-01-2024 6:00,132.53,1.29,288.58,6.43
17-01-2024 7:00,144.21,0.78,289.87,6.4
17-01-2024 8:00,56.93,0.05,292.18,-49.07
17-01-2024 9:00,245.32,0.01,294.69,-44.93
17-01-2024 10:00,278.74,0.31,296.55,-55.8
17-01-2024 11:00,250.57,1.09,297.9,-81.65
17-01-2024 12:00,219.94,1.45,298.69,-86.09
17-01-2024 13:00,212.55,2.33,298.92,-112.62
17-01-2024 14:00,208.04,2.57,298.98,-128.97
17-01-2024 15:00,208.2,2.56,298.83,-146.42
17-01-2024 16:00,210.86,3.06,298.67,-181.18
17-01-2024 17:00,206.11,3.15,298.31,-267.48
17-01-2024 18:00,204.1,2.99,297.65,-588.62
17-01-2024 19:00,201.67,2.47,296.28,404.17
17-01-2024 20:00,191.6,3.29,293.73,333.7
17-01-2024 21:00,188.3,2.62,292.2,193.05
17-01-2024 22:00,209.56,0.65,290.81,6.92
17-01-2024 23:00,209.18,0.54,289.36,42.7
18-01-2024 0:00,198.34,0.4,288.48,7.09
18-01-2024 1:00,214.18,0.07,287.23,22.25
18-01-2024 2:00,123.77,0.61,287.44,5.53
18-01-2024 3:00,104.49,0.41,286.74,4.17
18-01-2024 4:00,176.31,0.49,286.49,-43.45
18-01-2024 5:00,212.07,0.37,286.74,-38.26
18-01-2024 6:00,202.25,0.65,285.76,-40.26
18-01-2024 7:00,211.85,1.39,286.76,-105.33
18-01-2024 8:00,218.07,1.52,288.83,-67.62
18-01-2024 9:00,220.1,2.04,290.59,-72.73
18-01-2024 10:00,222.98,2.49,292.38,-91.5
18-01-2024 11:00,218.39,2.71,293.93,-96.48
18-01-2024 12:00,214.11,2.56,295.42,-101.35
18-01-2024 13:00,209.76,2.55,296.77,-106.04
18-01-2024 14:00,208.17,2.28,297.81,-100.35
18-01-2024 15:00,207.24,2.62,298.43,-135.52
18-01-2024 16:00,212.55,2.64,298.77,-172.33
18-01-2024 17:00,207.69,2.56,298.67,-256.46
18-01-2024 18:00,207.96,1.69,298.43,-626.49
18-01-2024 19:00,44.89,0.46,296.71,66.69
18-01-2024 20:00,159.29,0.63,295.17,4.55
18-01-2024 21:00,147.99,0.75,293.41,16.69
18-01-2024 22:00,165.74,0.11,291.57,25.13
18-01-2024 23:00,188.26,0.75,291.02,16.31
19-01-2024 0:00,196.4,0.36,289.46,27.92
19-01-2024 1:00,197.53,1.08,289.68,45.24
19-01-2024 2:00,191.66,0.62,288.26,37.74
19-01-2024 3:00,203.29,0.49,287.15,36.85
19-01-2024 4:00,31.8,0.12,285.29,22
19-01-2024 5:00,198.58,0.41,284.87,32.5
19-01-2024 6:00,188.69,1.18,285.47,12.85
19-01-2024 7:00,183.23,0.41,286.81,886.05
19-01-2024 8:00,212.91,0.78,289.68,-62.93
19-01-2024 9:00,233.44,0.76,292.65,-53.99
19-01-2024 10:00,235.32,1.28,294.94,-61.5
19-01-2024 11:00,225.69,1.7,296.72,-71.55
19-01-2024 12:00,220.26,2.1,297.8,-93.96
19-01-2024 13:00,219.71,2.41,298.79,-114.22
19-01-2024 14:00,209.66,2.44,299.43,-138.17
19-01-2024 15:00,208.6,2.4,299.93,-146.14
19-01-2024 16:00,202.04,2.32,300.04,-178.03
19-01-2024 17:00,204.48,2.15,299.75,-262.85
19-01-2024 18:00,203.07,1.41,299.25,5567.55
19-01-2024 19:00,9.11,0.36,296.97,53.61
19-01-2024 20:00,151.23,1.21,295.56,8.1
19-01-2024 21:00,200.51,1.16,294.7,6.54
19-01-2024 22:00,15.95,0.69,291.11,1
19-01-2024 23:00,283.77,0.77,291.74,1
20-01-2024 0:00,44.06,0.54,288.86,20.77
20-01-2024 1:00,86.4,0.71,288.79,5.63
20-01-2024 2:00,94.28,0.36,287.81,3.54
20-01-2024 3:00,134.65,0.66,287.67,4.59
20-01-2024 4:00,141.83,0.17,286.83,2.75
20-01-2024 5:00,56.74,0.87,283.31,1.07
20-01-2024 6:00,29.44,0.71,285.65,1
20-01-2024 7:00,102.71,0.05,286.56,-32.61
20-01-2024 8:00,173.64,0.02,287.01,-25.96
20-01-2024 9:00,279.34,0.5,292.18,-37.43
20-01-2024 10:00,237.89,1.16,294.8,-62.17
20-01-2024 11:00,228.33,1.8,296.04,-78.89
20-01-2024 12:00,218.62,1.99,297.23,-83.9
20-01-2024 13:00,214.72,2.16,298.3,-106.39
20-01-2024 14:00,216.17,2.25,298.89,-108.24
20-01-2024 15:00,208.22,2.35,299.32,-129.92
20-01-2024 16:00,200.21,2.31,299.55,-174.96
20-01-2024 17:00,198.06,2.1,299.41,-263.34
20-01-2024 18:00,192.06,1.54,298.78,-875.15
20-01-2024 19:00,192.66,1.05,296.9,130.68
20-01-2024 20:00,6.05,0.01,293.19,27.7
20-01-2024 21:00,197.59,1.19,293.69,67.16
20-01-2024 22:00,197.82,1.38,292.51,76.71
20-01-2024 23:00,199.87,0.43,290.79,40.65
21-01-2024 0:00,187.95,0.25,289.43,14.54
21-01-2024 1:00,206.11,0.53,288.31,45.36
21-01-2024 2:00,121.99,0.44,288.71,3.87
21-01-2024 3:00,92.93,0.6,288.19,4.52
21-01-2024 4:00,265.92,0.14,286.52,1.99
21-01-2024 5:00,114.2,0.78,286.75,5.92
21-01-2024 6:00,142.94,0.25,287.29,-41.05
21-01-2024 7:00,339.05,0.05,287.19,-27.7
21-01-2024 8:00,341.05,0.22,289.71,-30.42
21-01-2024 9:00,253.15,0.58,293.46,-39.73
21-01-2024 10:00,226.89,1.51,295.53,-63.13
21-01-2024 11:00,220.67,1.67,297.04,-78.78
21-01-2024 12:00,223,1.74,298.52,-83.32
21-01-2024 13:00,214.92,1.82,299.62,-101.86
21-01-2024 14:00,216.13,1.9,300.44,-106.9
21-01-2024 15:00,209.35,1.96,300.73,-124.86
21-01-2024 16:00,203.28,1.91,300.82,-155.45
21-01-2024 17:00,201.69,2.13,300.5,-327.3
21-01-2024 18:00,190.9,1.71,299.78,-785.38
21-01-2024 19:00,193.6,0.89,298.07,132.97
21-01-2024 20:00,214.16,0.42,294.68,18.42
21-01-2024 21:00,203.02,0.17,292.92,25.44
21-01-2024 22:00,212.21,1.02,292.94,8.68
21-01-2024 23:00,188.78,0.94,291.66,8.47
22-01-2024 0:00,26.27,0.13,289.58,1.96
22-01-2024 1:00,120.9,0.04,288.67,2.51
22-01-2024 2:00,300.94,0.81,286.11,1
22-01-2024 3:00,98.36,0.94,288.78,6.3
22-01-2024 4:00,100.74,0.88,288.43,5.75
22-01-2024 5:00,277.4,0.82,284.82,1.1
22-01-2024 6:00,276.28,1.07,284.95,1
22-01-2024 7:00,118.34,0.09,288.97,2.72
22-01-2024 8:00,108,0.01,291.9,-35.17
22-01-2024 9:00,264.78,0.35,294.93,-39.98
22-01-2024 10:00,235.25,1.19,297.36,-59.79
22-01-2024 11:00,228.97,1.49,298.8,-78.52
22-01-2024 12:00,224.82,1.8,300.05,-91.32
22-01-2024 13:00,221.05,1.94,300.98,-99.66
22-01-2024 14:00,210.99,2.31,301.39,-129.9
22-01-2024 15:00,205.51,2.42,301.48,-146.01
22-01-2024 16:00,202.43,2.4,301.32,-170.85
22-01-2024 17:00,199.29,2.5,300.82,-251.04
22-01-2024 18:00,191.81,2.64,299.85,-820.44
22-01-2024 19:00,194.28,2.51,297.86,598.99
22-01-2024 20:00,198.75,2.75,295.35,202.19
22-01-2024 21:00,202.9,2.64,294.14,218.62
22-01-2024 22:00,200.35,2.56,292.67,250.9
22-01-2024 23:00,207.02,2.17,291.53,207.57
23-01-2024 0:00,209.41,1.14,290.37,114.62
23-01-2024 1:00,207.36,0.52,289.24,140.3
23-01-2024 2:00,216.5,0.55,288.45,79.14
23-01-2024 3:00,204.6,0.8,288.36,13.11
23-01-2024 4:00,172.77,0.29,288.1,3.48
23-01-2024 5:00,183.57,0.24,287.65,3.21
23-01-2024 6:00,352.4,0.36,286.37,1.52
23-01-2024 7:00,154.33,0.14,288.34,-32.18
23-01-2024 8:00,269.46,0.13,290.71,-30.95
23-01-2024 9:00,248.99,0.81,293.04,-40.23
23-01-2024 10:00,227.19,1.39,295.04,-50.87
23-01-2024 11:00,226.76,1.64,296.64,-65.69
23-01-2024 12:00,217.29,2.2,297.86,-81.82
23-01-2024 13:00,213.51,2.44,298.74,-102.66
23-01-2024 14:00,211.43,2.82,299.44,-123.94
23-01-2024 15:00,206.74,2.72,299.7,-123.55
23-01-2024 16:00,207.32,2.71,299.73,-142.52
23-01-2024 17:00,204.21,2.95,299.34,-218.21
23-01-2024 18:00,201,3.08,298.47,-482.33
23-01-2024 19:00,202.04,2.59,297.06,719.13
23-01-2024 20:00,205.51,1.94,294.86,125.05
23-01-2024 21:00,208.71,2.42,293.33,189.81
23-01-2024 22:00,208.71,2.28,292.04,170.72
23-01-2024 23:00,209.9,1.77,290.87,134.41
24-01-2024 0:00,214.03,1.22,289.5,135.22
24-01-2024 1:00,202.44,0.2,288.14,107.4
24-01-2024 2:00,204.46,0.16,287.29,21.82
24-01-2024 3:00,29.55,0.8,285.43,1.02
24-01-2024 4:00,298.89,0.85,286.06,1
24-01-2024 5:00,303.8,0.87,285.33,1
24-01-2024 6:00,282.23,0.88,284.16,1
24-01-2024 7:00,85.59,0.36,288.15,7.99
24-01-2024 8:00,225.69,0.23,291.5,-40.17
24-01-2024 9:00,224.2,0.59,294.62,-48.46
24-01-2024 10:00,238.8,0.9,297.06,-55.73
24-01-2024 11:00,229.59,0.86,299.08,-67.7
24-01-2024 12:00,227.36,1.35,300.51,-83.44
24-01-2024 13:00,216.37,1.53,301.34,-102.58
24-01-2024 14:00,210.04,1.87,301.86,-118.56
24-01-2024 15:00,206.28,1.82,302.25,-134.25
24-01-2024 16:00,207.12,1.86,302.28,-169.93
24-01-2024 17:00,199.82,1.9,301.92,-289.36
24-01-2024 18:00,189.92,1.58,301.02,-887.4
24-01-2024 19:00,193.52,0.72,299.19,129.73
24-01-2024 20:00,214.25,0.85,296.63,11.84
24-01-2024 21:00,186.55,0.75,295.72,56.12
24-01-2024 22:00,188.01,0.21,293.87,35.6
24-01-2024 23:00,225.8,0.48,292.97,12.98
25-01-2024 0:00,317.28,0.38,291.06,1.33
25-01-2024 1:00,53.25,0.9,291.29,9.46
25-01-2024 2:00,73.99,0.85,290.29,15.15
25-01-2024 3:00,74,1.03,290,12.99
25-01-2024 4:00,91.01,0.97,289.92,-276.46
25-01-2024 5:00,80.86,0.35,289.54,-38.98
25-01-2024 6:00,99.34,0.39,289.58,-43.46
25-01-2024 7:00,62.02,0.3,289.69,-37.51
25-01-2024 8:00,67.87,0.11,290.32,-27.47
25-01-2024 9:00,13.33,0.19,295,-36.69
25-01-2024 10:00,260.66,0.2,297.71,-40.93
25-01-2024 11:00,231.47,1.56,298.48,-67.61
25-01-2024 12:00,221.42,1.93,299.47,-90.29
25-01-2024 13:00,216.71,2.53,300.07,-114.1
25-01-2024 14:00,211.96,2.81,300.46,-143.58
25-01-2024 15:00,213.62,3.04,300.51,-170.72
25-01-2024 16:00,210.07,2.75,300.4,-159.86
25-01-2024 17:00,206.85,3.09,299.84,-239.06
25-01-2024 18:00,204.26,2.89,298.94,-400.03
25-01-2024 19:00,201.38,2.9,297.01,19640.58
25-01-2024 20:00,199.72,3.01,294.46,495.74
25-01-2024 21:00,204.85,2.68,292.92,475.02
25-01-2024 22:00,209.48,1.94,291.66,359.1
25-01-2024 23:00,208.38,1.64,290.55,503.03
26-01-2024 0:00,219.54,1.34,289.77,470.91
26-01-2024 1:00,220.75,1.33,289,1086.73
26-01-2024 2:00,215.58,1.03,288.37,2767.46
26-01-2024 3:00,216.62,0.73,287.83,-656.79
26-01-2024 4:00,218.42,0.65,287.41,3381.62
26-01-2024 5:00,239.97,0.44,286.96,-131.78
26-01-2024 6:00,278.34,0.75,287.45,-55.39
26-01-2024 7:00,250.62,0.69,287.88,-47.58
26-01-2024 8:00,252.27,0.45,288.43,-33.99
26-01-2024 9:00,265.46,0.21,289.14,-28.63
26-01-2024 10:00,257.89,0.88,292.1,-35.13
26-01-2024 11:00,228.05,1.56,294.94,-56.23
26-01-2024 12:00,217.55,2.38,296.38,-85.27
26-01-2024 13:00,212.5,2.92,297.42,-108.75
26-01-2024 14:00,213.74,3.02,298.13,-116.09
26-01-2024 15:00,209.41,3.07,298.58,-141.51
26-01-2024 16:00,208.33,3.07,298.7,-174.63
26-01-2024 17:00,207.02,3.12,298.54,-240.06
26-01-2024 18:00,204.41,2.98,297.96,-381.41
26-01-2024 19:00,203.01,2.81,296.7,1975.38
26-01-2024 20:00,203.41,2.73,294.46,269.05
26-01-2024 21:00,199.74,2.91,293.46,429.76
26-01-2024 22:00,202.67,3.01,292.38,512.52
26-01-2024 23:00,203.76,2.95,291.19,654.1
27-01-2024 0:00,209.92,2.51,290.26,731.45
27-01-2024 1:00,211.43,2.18,289.67,478.26
27-01-2024 2:00,213.81,1.41,289.3,196.77
27-01-2024 3:00,220.59,0.94,288.68,180.84
27-01-2024 4:00,182.12,0.45,288.11,67.84
27-01-2024 5:00,207.8,0.47,287.81,17.22
27-01-2024 6:00,216.29,0.29,287.4,21.1
27-01-2024 7:00,193.12,0.03,288.06,-28.31
27-01-2024 8:00,219.55,0.33,291.01,-34.98
27-01-2024 9:00,232.46,0.94,293.68,-47.11
27-01-2024 10:00,231.45,1.16,295.89,-51.67
27-01-2024 11:00,226.08,1.4,297.58,-66.33
27-01-2024 12:00,218.73,1.65,299.03,-74.87
27-01-2024 13:00,214.16,1.81,300.15,-95.96
27-01-2024 14:00,208.99,1.82,300.77,-99.31
27-01-2024 15:00,206.63,1.8,301.16,-110.49
27-01-2024 16:00,205.58,1.97,301.27,-160.02
27-01-2024 17:00,206.17,2.08,301.19,-273.71
27-01-2024 18:00,199.69,1.47,300.61,-725.92
27-01-2024 19:00,194.17,0.32,299.08,114.52
27-01-2024 20:00,192.58,0.9,296.72,56.03
27-01-2024 21:00,199.02,1.95,295.66,112.66
27-01-2024 22:00,205.06,1.9,294.4,119.24
27-01-2024 23:00,16.74,0.09,292.44,30.52
28-01-2024 0:00,29.52,0.18,291.38,45.04
28-01-2024 1:00,109.58,0.03,290.47,8.86
28-01-2024 2:00,74.12,0.51,290.36,5.62
28-01-2024 3:00,84.24,0.82,289.79,13.84
28-01-2024 4:00,83.19,0.68,290.02,-58.28
28-01-2024 5:00,106.83,0.46,290.21,-48.19
28-01-2024 6:00,49.21,0.32,290,-38.37
28-01-2024 7:00,65.88,0.1,289.73,-30.91
28-01-2024 8:00,112.73,0.09,290.39,-26.96
28-01-2024 9:00,177.6,0.11,294.48,-31.89
28-01-2024 10:00,279.35,0.31,296.6,-44.22
28-01-2024 11:00,236.16,1.54,297.77,-73.7
28-01-2024 12:00,220.74,2,298.59,-84.77
28-01-2024 13:00,217.75,2.56,299.27,-117.47
28-01-2024 14:00,219.67,2.53,299.7,-116.97
28-01-2024 15:00,210.19,2.74,299.85,-134.52
28-01-2024 16:00,208.75,2.67,299.95,-153.64
28-01-2024 17:00,203.96,2.98,299.61,-229.93
28-01-2024 18:00,203.14,3.27,298.74,-444.47
28-01-2024 19:00,202.95,2.71,297.15,4375.62
28-01-2024 20:00,200.05,3.07,294.67,416.39
28-01-2024 21:00,194.38,2.9,293.49,301.16
28-01-2024 22:00,199.11,2.68,292.08,295.01
28-01-2024 23:00,202.41,2.15,290.92,237.63
29-01-2024 0:00,205.1,1.76,290.06,186.33
29-01-2024 1:00,205.66,0.75,289.16,104.76
29-01-2024 2:00,212.32,0.32,288.21,701.88
29-01-2024 3:00,219.9,0.13,287.54,37.98
29-01-2024 4:00,223.19,0.13,287.65,2.83
29-01-2024 5:00,16.79,0.74,286.61,1
29-01-2024 6:00,0.93,0.78,286.01,1
29-01-2024 7:00,118.77,0.33,288.16,-51.82
29-01-2024 8:00,63.29,0.06,290.89,-32.74
29-01-2024 9:00,242.46,0.62,293.98,-42.77
29-01-2024 10:00,229.12,1.4,296.22,-60.24
29-01-2024 11:00,222.87,1.76,297.68,-80.11
29-01-2024 12:00,221.68,1.92,299.11,-87.72
29-01-2024 13:00,214.35,1.83,300.16,-94.86
29-01-2024 14:00,214.25,2.31,300.73,-114.54
29-01-2024 15:00,208.51,2.29,301,-132.15
29-01-2024 16:00,205.64,2.39,300.99,-169.42
29-01-2024 17:00,208.8,2.66,300.64,-238.35
29-01-2024 18:00,203.79,2.39,299.92,-757.76
29-01-2024 19:00,199.4,2.6,298.11,441.2
29-01-2024 20:00,195.58,2.9,295.59,215.61
29-01-2024 21:00,198.53,2.75,294.07,213.15
29-01-2024 22:00,202.67,2.86,292.5,255.28
29-01-2024 23:00,202.49,1.96,291.35,136.37
30-01-2024 0:00,203.26,1.11,290.09,84.23
30-01-2024 1:00,201.12,0.33,288.86,58.66
30-01-2024 2:00,184.59,0.2,288.12,3.75
30-01-2024 3:00,42.83,0.11,287.74,2.04
30-01-2024 4:00,310.69,0.04,287.51,2.22
30-01-2024 5:00,341.83,0.84,285.1,1.03
30-01-2024 6:00,52.34,0.35,286.37,1.66
30-01-2024 7:00,3.87,0.12,288.22,31.47
30-01-2024 8:00,211.94,1.45,291.54,-106.35
30-01-2024 9:00,216.47,1.84,293.81,-88.73
30-01-2024 10:00,223.85,2.03,295.41,-81.79
30-01-2024 11:00,216.01,2.29,297.13,-91.21
30-01-2024 12:00,215.03,2.26,298.79,-105.82
30-01-2024 13:00,213.75,2.04,300.13,-100.06
30-01-2024 14:00,214.9,1.78,301.17,-104.99
30-01-2024 15:00,222.7,2.02,301.65,-132.6
30-01-2024 16:00,225.51,1.81,301.98,-157.93
30-01-2024 17:00,211.3,1.54,301.87,-208.88
30-01-2024 18:00,222.77,0.78,301.34,-2739.68
30-01-2024 19:00,350.22,1.03,298.56,36.63
30-01-2024 20:00,145.01,0.55,296.37,18.94
30-01-2024 21:00,169.8,1.16,296.6,12.39
30-01-2024 22:00,6.47,0.82,295.38,5.74
30-01-2024 23:00,49.49,1.14,293.91,9.57
31-01-2024 0:00,99.23,1.06,292.64,9.15
31-01-2024 1:00,81.35,0.84,291.67,6.84
31-01-2024 2:00,77.68,0.87,290.99,6.51
31-01-2024 3:00,85.99,0.49,290.13,4.03
31-01-2024 4:00,140.25,0.54,289.78,4.01
31-01-2024 5:00,216.86,0.86,289.98,5.12
31-01-2024 6:00,223.97,0.88,288.48,12.92
31-01-2024 7:00,211.73,0.78,288.7,-88.67
31-01-2024 8:00,226.44,0.58,292,-57.16
31-01-2024 9:00,217.15,1.08,294.52,-64.46
31-01-2024 10:00,222.63,1.77,296.64,-90.43
31-01-2024 11:00,223.29,1.74,298.44,-85.71
31-01-2024 12:00,216.81,1.74,300.18,-107.58
31-01-2024 13:00,212.17,2.08,301.3,-134.16
31-01-2024 14:00,209.42,1.77,302.1,-125.63
31-01-2024 15:00,214.63,1.43,302.58,-112.88
31-01-2024 16:00,223.45,1.69,302.59,-168.42
31-01-2024 17:00,215.48,1.37,302.36,-268.14
31-01-2024 18:00,210.76,0.51,301.49,509.7
31-01-2024 19:00,337.69,1.29,298.15,29.54
31-01-2024 20:00,141.55,0.59,296.15,18.76
31-01-2024 21:00,156.27,1.73,297.42,9.27
31-01-2024 22:00,230.3,0.24,294.04,3.13
31-01-2024 23:00,324.15,0.82,290.07,1
01-02-2024 0:00,89.82,0.2,291.23,2.04
01-02-2024 1:00,270.05,0.18,291.05,2.85
01-02-2024 2:00,261.07,0.83,289.82,1
01-02-2024 3:00,266.12,0.99,287.14,1
01-02-2024 4:00,267.3,0.37,287.24,1.71
01-02-2024 5:00,81.69,0.75,289.67,1
01-02-2024 6:00,27.61,1.07,286.19,1
01-02-2024 7:00,150.37,0.26,289.06,3.07
01-02-2024 8:00,48.14,0.02,292.06,-48.93
01-02-2024 9:00,220.27,0.65,295.08,-60.19
01-02-2024 10:00,221.85,1.27,296.92,-70.65
01-02-2024 11:00,225.15,1.45,298.57,-88.3
01-02-2024 12:00,225.02,1.36,300.04,-90.59
01-02-2024 13:00,219.1,1.51,301.1,-100.68
01-02-2024 14:00,212.45,1.52,301.69,-121.94
01-02-2024 15:00,207.34,1.7,301.9,-137.35
01-02-2024 16:00,205.26,1.73,301.85,-187.65
01-02-2024 17:00,203.2,1.62,301.57,-362.47
01-02-2024 18:00,186.22,0.85,300.8,2457.01
01-02-2024 19:00,349.53,0.47,298.18,52.05
01-02-2024 20:00,182.98,1.62,296.28,86.78
01-02-2024 21:00,143.78,0.63,293.45,1.06
01-02-2024 22:00,201.83,0.7,294.04,7.24
01-02-2024 23:00,20.92,0.25,291.59,26.7
02-02-2024 0:00,152.44,0.65,291.52,5.69
02-02-2024 1:00,115.49,0.9,291.03,7.71
02-02-2024 2:00,288.31,0.03,289.71,2.31
02-02-2024 3:00,162.58,0.3,289.61,3.33
02-02-2024 4:00,351.15,0.54,287.48,1.37
02-02-2024 5:00,218,1.08,289.44,6.6
02-02-2024 6:00,192.63,0.8,288.07,5.98
02-02-2024 7:00,180.33,0.44,288.14,166.04
02-02-2024 8:00,212.35,1.46,291.19,-95.9
02-02-2024 9:00,212.4,1.94,293.44,-93.25
02-02-2024 10:00,215.91,2.21,295.12,-89.3
02-02-2024 11:00,216.28,2.4,296.78,-106.11
02-02-2024 12:00,214.6,2.63,298.1,-117.06
02-02-2024 13:00,209.62,2.01,299.2,-102.71
02-02-2024 14:00,221.8,1.4,300.25,-102.01
02-02-2024 15:00,222.97,1.86,300.63,-120.1
02-02-2024 16:00,221.62,1.63,301.13,-162.22
02-02-2024 17:00,254.74,0.51,301.55,-223.74
02-02-2024 18:00,79.37,0.56,301.04,-27269.1
02-02-2024 19:00,28.1,0.87,298.28,40.94
02-02-2024 20:00,202.61,0.29,295.5,18.37
02-02-2024 21:00,196.45,0.86,294.39,46.27
02-02-2024 22:00,201.92,1.48,293.95,61.61
02-02-2024 23:00,207.77,1.61,292.97,70.57
03-02-2024 0:00,212,2.08,292.54,85.45
03-02-2024 1:00,201.57,1.68,291.11,82.91
03-02-2024 2:00,204.69,1.53,290,78.85
03-02-2024 3:00,206.12,2.08,289.59,103.19
03-02-2024 4:00,202.76,1.67,288.51,106.21
03-02-2024 5:00,197.46,0.78,287.02,66.96
03-02-2024 6:00,193.92,0.85,286.36,56.63
03-02-2024 7:00,193.53,1.03,286.86,-189.8
03-02-2024 8:00,207.33,2.02,289.8,-124.42
03-02-2024 9:00,213.66,2.08,292.36,-90.47
03-02-2024 10:00,218.48,2.35,294.23,-88.86
03-02-2024 11:00,214.09,2.38,296.07,-95.89
03-02-2024 12:00,217.17,2.82,297.46,-118.68
03-02-2024 13:00,218.39,3.07,298.41,-135.47
03-02-2024 14:00,216.38,2.9,299.38,-133.67
03-02-2024 15:00,213.27,2.89,299.95,-173.34
03-02-2024 16:00,216.33,2.66,300.27,-215.86
03-02-2024 17:00,211.09,2.03,300.37,-273.63
03-02-2024 18:00,208.57,1.5,299.84,4348.9
03-02-2024 19:00,41.47,0.51,297.58,47.64
03-02-2024 20:00,134.2,1.21,296.39,8.43
03-02-2024 21:00,175.09,0.23,293.88,31.15
03-02-2024 22:00,201.65,0.22,292.8,22.57
03-02-2024 23:00,192.18,1.13,292.92,8.37
04-02-2024 0:00,194.98,0.96,291.69,16.2
04-02-2024 1:00,201.45,1.37,291.57,11.15
04-02-2024 2:00,210.18,0.8,290.7,5.18
04-02-2024 3:00,240.7,0.4,289.57,3.42
04-02-2024 4:00,15.93,0.93,285.61,1
04-02-2024 5:00,296.18,0.63,285.76,1.29
04-02-2024 6:00,96.74,0.67,288.36,4.22
04-02-2024 7:00,75.16,1.25,289.46,9.48
04-02-2024 8:00,55.78,0.71,291.62,-64.22
04-02-2024 9:00,37.78,0.73,294.39,-53.01
04-02-2024 10:00,40.29,0.46,296.78,-48.02
04-02-2024 11:00,223.84,0.29,298.47,-49.65
04-02-2024 12:00,246.91,1.55,299.38,-86.58
04-02-2024 13:00,221.29,2.01,299.61,-97.38
04-02-2024 14:00,215.11,2.68,299.9,-130.81
04-02-2024 15:00,212.1,2.73,299.89,-137.57
04-02-2024 16:00,211.8,3.19,299.5,-181.78
04-02-2024 17:00,205.7,3.41,298.78,-265.61
04-02-2024 18:00,206.13,3.32,297.78,-534.91
04-02-2024 19:00,202.53,3.09,296.08,1015.64
04-02-2024 20:00,198.85,3.07,293.78,342.07
04-02-2024 21:00,204.06,3.23,292.17,434.27
04-02-2024 22:00,198.85,2.75,290.87,382.69
04-02-2024 23:00,201.92,2.8,289.62,529.69
05-02-2024 0:00,206.86,2.64,288.64,664.14
05-02-2024 1:00,211.12,2.17,287.99,412.09
05-02-2024 2:00,217.46,1.72,287.45,285.55
05-02-2024 3:00,220.82,1.23,286.86,204.91
05-02-2024 4:00,209.92,0.79,286.21,188.76
05-02-2024 5:00,214.39,0.26,285.68,26.3
05-02-2024 6:00,204.95,0.48,285.89,5
05-02-2024 7:00,86.25,0.48,286.42,-47.51
05-02-2024 8:00,200.22,0.07,288.16,-27.94
05-02-2024 9:00,232.43,0.52,291.27,-35.05
05-02-2024 10:00,236.32,1.16,294.09,-47.15
05-02-2024 11:00,221.3,1.64,295.76,-65.78
05-02-2024 12:00,215.54,1.99,297.18,-76.06
05-02-2024 13:00,210.36,2.21,298.39,-96.56
05-02-2024 14:00,217.11,2.24,299.23,-104.67
05-02-2024 15:00,217.51,2.29,299.65,-129.83
05-02-2024 16:00,207.37,2.81,299.81,-198.1
05-02-2024 17:00,203.5,2.55,299.67,-251.07
05-02-2024 18:00,202.53,2.07,299.2,-818.83
05-02-2024 19:00,211.46,0.65,297.63,102.34
05-02-2024 20:00,189.14,0.5,294.95,17.05
05-02-2024 21:00,173,0.1,293.73,19.5
05-02-2024 22:00,196.27,0.85,293.1,51.45
05-02-2024 23:00,200.6,0.37,291.83,36.44
06-02-2024 0:00,195.96,0.26,290.74,33.51
06-02-2024 1:00,141.85,0.15,289.76,3.24
06-02-2024 2:00,19.91,0.04,288.68,2.21
06-02-2024 3:00,198.98,1.14,289.93,7.06
06-02-2024 4:00,159.59,0.6,288.9,4.48
06-02-2024 5:00,351.26,0.09,287.59,2.15
06-02-2024 6:00,197.3,0.32,287.8,3.21
06-02-2024 7:00,187.58,0.93,288.86,8.25
06-02-2024 8:00,66.95,0.14,291.01,-38.81
06-02-2024 9:00,224.46,0.87,293.91,-55.1
06-02-2024 10:00,229.66,1.5,295.8,-68.16
06-02-2024 11:00,224.31,1.67,297.3,-83.95
06-02-2024 12:00,218.85,1.81,298.43,-88.4
06-02-2024 13:00,209.16,2.02,299.32,-110.68
06-02-2024 14:00,209.68,1.91,299.91,-113.29
06-02-2024 15:00,206.89,1.98,300.32,-148.35
06-02-2024 16:00,205.8,2.15,300.22,-188.12
06-02-2024 17:00,204.42,2.23,299.82,-342.26
06-02-2024 18:00,203.42,1.84,299.03,1751.81
06-02-2024 19:00,202.73,1.1,297.04,120.64
06-02-2024 20:00,183.24,1.66,294.86,98.48
06-02-2024 21:00,191.71,2.58,293.6,172.84
06-02-2024 22:00,201.22,2.9,292.33,212.27
06-02-2024 23:00,210.2,2.62,291.09,219.55
07-02-2024 0:00,211.82,1.59,290.08,119.19
07-02-2024 1:00,202.4,0.92,288.9,93.3
07-02-2024 2:00,197.52,0.39,287.97,19.05
07-02-2024 3:00,162.87,0.36,288.28,3.69
07-02-2024 4:00,333.38,0.81,287.22,1
07-02-2024 5:00,219.49,0.13,287.2,2.7
07-02-2024 6:00,192.75,0.97,287.34,7.62
07-02-2024 7:00,196.08,1.09,287.38,995.58
07-02-2024 8:00,204.58,1.29,290.21,-66.87
07-02-2024 9:00,215.28,1.75,292.53,-69.74
07-02-2024 10:00,221.45,2.11,294.46,-75.74
07-02-2024 11:00,217.56,1.99,296.29,-80.84
07-02-2024 12:00,215.4,2.06,297.8,-85.63
07-02-2024 13:00,211.91,2,298.93,-97.99
07-02-2024 14:00,214.34,1.82,299.88,-96.49
07-02-2024 15:00,207.22,1.89,300.49,-119.94
07-02-2024 16:00,214.09,1.56,300.73,-117.97
07-02-2024 17:00,208.54,1.75,300.48,-183.62
07-02-2024 18:00,210.17,1.18,300.06,-505.98
07-02-2024 19:00,14.58,1.53,297.55,30.22
07-02-2024 20:00,125.1,0.42,296.91,3.99
07-02-2024 21:00,151.17,0.9,296.03,66.24
07-02-2024 22:00,166.52,0.6,295.33,16.28
07-02-2024 23:00,312.44,0.41,294.92,3.94
08-02-2024 0:00,29.22,0.91,293.83,9.23
08-02-2024 1:00,26.56,1.08,293.31,9.79
08-02-2024 2:00,74.72,0.26,291.94,3.53
08-02-2024 3:00,79.85,0.69,291.78,5.82
08-02-2024 4:00,87.96,1.15,291.39,12
08-02-2024 5:00,134.06,0.65,291.15,-88.92
08-02-2024 6:00,114.1,0.15,291.17,-38.07
08-02-2024 7:00,290.84,0.01,291.03,-32.72
08-02-2024 8:00,191.08,0.04,291.47,-28.14
08-02-2024 9:00,347.56,0.14,294.6,-32.45
08-02-2024 10:00,297.25,0.27,297.51,-49.32
08-02-2024 11:00,256.71,0.93,299.09,-71.63
08-02-2024 12:00,224.03,1.7,299.81,-100.77
08-02-2024 13:00,217.97,2.33,299.97,-116.21
08-02-2024 14:00,217.57,2.58,300.32,-144.14
08-02-2024 15:00,211.02,2.67,300.5,-164.47
08-02-2024 16:00,209.06,2.78,300.42,-229.73
08-02-2024 17:00,222.81,2.58,300.12,-250.28
08-02-2024 18:00,230,2.66,299.06,-568.9
08-02-2024 19:00,201.41,0.5,297.64,173.1
08-02-2024 20:00,331.43,0.29,295.25,52.97
08-02-2024 21:00,2.34,0.57,293.61,32.44
08-02-2024 22:00,284.23,0.32,292.72,62.94
08-02-2024 23:00,45.85,0.13,291.34,64.6
09-02-2024 0:00,217.31,0.44,290.24,133.22
09-02-2024 1:00,231.88,0.25,289.42,209.72
09-02-2024 2:00,113.07,0.3,288.72,61.38
09-02-2024 3:00,152.43,0.49,288.08,18.97
09-02-2024 4:00,107.06,0.26,287.61,1.07
09-02-2024 5:00,312.86,0.01,287.53,2.35
09-02-2024 6:00,348.36,0.34,287.22,5.61
09-02-2024 7:00,343.54,0.08,287.48,-50.6
09-02-2024 8:00,318.23,0.07,289.51,-32.54
09-02-2024 9:00,286.22,0.5,292.06,-38.48
09-02-2024 10:00,269.96,0.74,294.39,-50.44
09-02-2024 11:00,243.13,1.25,296.11,-69.67
09-02-2024 12:00,232.96,1.48,297.37,-85.15
09-02-2024 13:00,217.42,2.04,298.07,-101.92
09-02-2024 14:00,211.82,2.36,298.59,-115.21
09-02-2024 15:00,212.56,2.86,298.88,-145.96
09-02-2024 16:00,224,3.01,298.83,-180.67
09-02-2024 17:00,216.31,2.93,298.52,-238.61
09-02-2024 18:00,212.78,2.83,297.73,-531.27
09-02-2024 19:00,208.61,2.46,296.22,567.62
09-02-2024 20:00,202.56,2.23,294.09,176.81
09-02-2024 21:00,193.8,2.36,292.49,313.17
09-02-2024 22:00,201.69,2.32,291.3,352.25
09-02-2024 23:00,203.7,2.16,290.21,306.98
10-02-2024 0:00,209.39,1.47,289.47,140.84
10-02-2024 1:00,219.15,0.86,288.7,110.73
10-02-2024 2:00,215.11,0.48,287.8,92.57
10-02-2024 3:00,209.04,0.14,287.21,27.74
10-02-2024 4:00,200.8,0.84,287.34,12.54
10-02-2024 5:00,193.7,0.73,287.72,5.79
10-02-2024 6:00,355.8,0.2,286.4,1.81
10-02-2024 7:00,157.48,0.42,287.6,6.31
10-02-2024 8:00,215.66,0.15,290.34,-39.36
10-02-2024 9:00,223.28,0.68,293.01,-48.19
10-02-2024 10:00,229.28,1.22,294.83,-56.2
10-02-2024 11:00,220.95,1.75,296.29,-78.06
10-02-2024 12:00,217.73,2.08,297.49,-87.78
10-02-2024 13:00,214.3,2.25,298.66,-108.42
10-02-2024 14:00,213.25,2.32,299.38,-115.27
10-02-2024 15:00,211.22,2.32,299.85,-130.75
10-02-2024 16:00,208.61,2.45,300,-173.26
10-02-2024 17:00,206.47,2.47,299.73,-280.56
10-02-2024 18:00,208.15,2.07,299.07,-999.57
10-02-2024 19:00,205.23,1.22,297.44,146.63
10-02-2024 20:00,192.18,1.17,295.13,73.05
10-02-2024 21:00,196.75,1.74,293.86,98.71
10-02-2024 22:00,204.61,1.82,292.72,100.61
10-02-2024 23:00,14.38,0.19,290.72,25.68
11-02-2024 0:00,340.81,0.62,289.59,14.66
11-02-2024 1:00,28.5,0.24,288.72,1.37
11-02-2024 2:00,331.82,0.45,287.85,1.3
11-02-2024 3:00,346.67,0.49,287.31,1.29
11-02-2024 4:00,13.37,0.74,286.54,1
11-02-2024 5:00,185.76,0.21,287.77,3.03
11-02-2024 6:00,272.16,0.66,285.73,1
11-02-2024 7:00,67.23,0.23,287.61,7.29
11-02-2024 8:00,173.66,0.08,289.47,-32.62
11-02-2024 9:00,272.72,0.5,292.07,-38.3
11-02-2024 10:00,231.62,1.44,293.81,-57.68
11-02-2024 11:00,227.27,1.63,295.3,-69.55
11-02-2024 12:00,216.6,1.84,296.7,-85.03
11-02-2024 13:00,213.88,2.41,297.67,-106.6
11-02-2024 14:00,213.25,2.44,298.26,-108.41
11-02-2024 15:00,210.46,2.71,298.47,-145.57
11-02-2024 16:00,210.09,2.78,298.45,-170.17
11-02-2024 17:00,208.94,2.94,298.16,-254.76
11-02-2024 18:00,209.98,2.76,297.44,-918.75
11-02-2024 19:00,204.41,1.84,295.9,204.67
11-02-2024 20:00,198.13,1.13,293.63,67.94
11-02-2024 21:00,182.72,1.35,292.9,88.12
11-02-2024 22:00,196.34,1.51,291.85,96.31
11-02-2024 23:00,202.33,1.33,290.82,85.42
12-02-2024 0:00,205.35,0.45,289.51,50.84
12-02-2024 1:00,210.33,0.07,288.44,38.01
12-02-2024 2:00,25.17,0.25,287.41,23.38
12-02-2024 3:00,198.17,1.1,288.06,10.02
12-02-2024 4:00,198.39,0.65,287.82,5.15
12-02-2024 5:00,194.42,1.08,287.56,8.51
12-02-2024 6:00,190.69,1.07,287.31,7.98
12-02-2024 7:00,186,0.33,286.96,30.12
12-02-2024 8:00,199.31,0.13,289.05,-40.32
12-02-2024 9:00,216.52,0.68,291.94,-49.11
12-02-2024 10:00,223.28,1.46,294.61,-62
12-02-2024 11:00,217.85,1.92,296,-80.54
12-02-2024 12:00,216.36,2.11,297.46,-88.72
12-02-2024 13:00,210.16,2.47,298.37,-107.12
12-02-2024 14:00,208.26,2.14,299.4,-114.52
12-02-2024 15:00,208.84,1.97,300.04,-121.74
12-02-2024 16:00,210.69,2.45,300.16,-198.02
12-02-2024 17:00,210.78,2.78,299.72,-448.16
12-02-2024 18:00,203.65,1.91,299.06,1062.5
12-02-2024 19:00,26.74,0.64,296.33,35.31
12-02-2024 20:00,133.63,0.26,293.86,20.88
12-02-2024 21:00,172.42,1.59,295.45,8.91
12-02-2024 22:00,32.2,0.29,292.08,1.88
12-02-2024 23:00,5.92,1.02,288.36,1
13-02-2024 0:00,353.99,0.03,290.61,2.34
13-02-2024 1:00,324.42,0.97,286.75,1.14
13-02-2024 2:00,322.76,0.76,287.36,1.38
13-02-2024 3:00,178.92,0.2,290.08,2.75
13-02-2024 4:00,358.81,0.26,288.38,1.95
13-02-2024 5:00,159.02,0.07,288.82,2.49
13-02-2024 6:00,345.25,0.24,287.8,1.98
13-02-2024 7:00,302.43,0.43,287.5,1.57
13-02-2024 8:00,42.53,0.39,291.43,-49.59
13-02-2024 9:00,25.59,0.44,294.36,-46.76
13-02-2024 10:00,112.36,0.08,296.9,-44.02
13-02-2024 11:00,254.51,0.77,298.32,-62.72
13-02-2024 12:00,248.62,1.2,299.64,-76.37
13-02-2024 13:00,227.86,1.57,300.42,-102.99
13-02-2024 14:00,218.63,1.9,300.69,-123.39
13-02-2024 15:00,212.59,2.15,300.72,-142.57
13-02-2024 16:00,210.39,2.23,300.49,-159.69
13-02-2024 17:00,205.13,2.19,299.99,-208.94
13-02-2024 18:00,201.93,2.44,298.82,-475.37
13-02-2024 19:00,205.93,2.74,296.26,1079
13-02-2024 20:00,198.83,3.14,293.75,359.34
13-02-2024 21:00,208.88,1.99,292.84,241.05
13-02-2024 22:00,217.25,2.22,291.33,536.88
13-02-2024 23:00,213.46,2.22,289.86,2228.93
14-02-2024 0:00,213.07,1.67,289.07,827.32
14-02-2024 1:00,210.07,1.2,288.44,406.05
14-02-2024 2:00,208.41,0.75,287.71,-1267.99
14-02-2024 3:00,225.72,0.5,287.04,-286.1
14-02-2024 4:00,229.18,0.18,286.73,4.06
14-02-2024 5:00,334.12,0.29,287,-31.3
14-02-2024 6:00,321.28,0.72,287.41,-46.45
14-02-2024 7:00,321.51,0.4,287.53,-33.27
14-02-2024 8:00,347.13,0.11,287.73,-27
14-02-2024 9:00,331.65,0.26,288.19,-28.79
14-02-2024 10:00,257.15,0.58,289.48,-33.47
14-02-2024 11:00,240.1,0.41,293.06,-32
14-02-2024 12:00,223.25,1.55,295.37,-57.11
14-02-2024 13:00,216.95,2.16,296.81,-75.18
14-02-2024 14:00,214.26,2.57,297.73,-103.6
14-02-2024 15:00,212.5,2.43,298.37,-106.22
14-02-2024 16:00,209.14,2.36,298.69,-116.7
14-02-2024 17:00,208.92,2.34,298.63,-151.24
14-02-2024 18:00,205.17,2.44,298.07,-397.11
14-02-2024 19:00,204.3,1.84,296.65,278.79
14-02-2024 20:00,196.64,2.22,294.7,164.61
14-02-2024 21:00,202.4,2.72,293.32,238.98
14-02-2024 22:00,204.63,2.78,291.88,347.24
14-02-2024 23:00,206.33,2.71,290.48,545.44
15-02-2024 0:00,205.06,2.54,289.52,634.19
15-02-2024 1:00,208.7,2.03,288.86,374.38
15-02-2024 2:00,214.82,1.62,288.29,289.12
15-02-2024 3:00,224.88,1.38,287.78,285.78
15-02-2024 4:00,233.62,0.92,288.34,-69.93
15-02-2024 5:00,264.77,0.44,288.69,-43.87
15-02-2024 6:00,347.8,0.18,288.88,-33.82
15-02-2024 7:00,337.37,0.06,288.69,-27.17
15-02-2024 8:00,83.19,0.45,288.6,-31.93
15-02-2024 9:00,4.11,0.05,290.28,-27.3
15-02-2024 10:00,287.94,0.34,294.01,-33.29
15-02-2024 11:00,249.4,1.18,296.6,-54.24
15-02-2024 12:00,225.38,1.92,298.02,-72.42
15-02-2024 13:00,218.43,2.5,298.93,-105.17
15-02-2024 14:00,211.54,2.91,299.47,-129.25
15-02-2024 15:00,214.1,3.12,299.72,-145.89
15-02-2024 16:00,205.46,2.95,299.69,-155.97
15-02-2024 17:00,206.79,2.96,299.35,-217.35
15-02-2024 18:00,204.3,2.86,298.63,-506.6
15-02-2024 19:00,197.49,2.46,297.2,354.66
15-02-2024 20:00,199.77,1.65,295.27,102.09
15-02-2024 21:00,199,2.93,294.5,428.22
15-02-2024 22:00,198.83,2.42,293.36,358.64
15-02-2024 23:00,203.84,2.25,292.25,441.46
16-02-2024 0:00,208.89,2.4,291.09,985.98
16-02-2024 1:00,210.37,2.28,290.31,661.52
16-02-2024 2:00,211.39,1.89,289.72,388.86
16-02-2024 3:00,211.12,1.26,289.11,275.78
16-02-2024 4:00,212.53,1.06,289.69,-97.65
16-02-2024 5:00,277.07,0.61,289.59,-50.56
16-02-2024 6:00,277.17,0.68,289.55,-53.53
16-02-2024 7:00,292.92,0.66,289.51,-45.5
16-02-2024 8:00,316.7,0.23,289.54,-28.68
16-02-2024 9:00,266.2,0.18,290.39,-28.82
16-02-2024 10:00,226.94,0.9,293.79,-39.11
16-02-2024 11:00,221.56,1.44,295.95,-58.92
16-02-2024 12:00,216.29,2,297.45,-73.37
16-02-2024 13:00,210.52,2.47,298.53,-100.19
16-02-2024 14:00,211.5,2.61,299.08,-109.31
16-02-2024 15:00,215.01,2.76,299.59,-145.35
16-02-2024 16:00,207.68,2.99,299.58,-193.29
16-02-2024 17:00,203.88,2.96,299.32,-246.13
16-02-2024 18:00,202.44,3.07,298.51,-694.81
16-02-2024 19:00,205.58,2.51,296.95,360.31
16-02-2024 20:00,205.91,3.17,294.45,311.01
16-02-2024 21:00,199.98,2.96,293.12,272.71
16-02-2024 22:00,205.85,2.79,292.05,229.36
16-02-2024 23:00,204.74,2.22,291.03,184.68
17-02-2024 0:00,203.61,1.58,289.96,130.65
17-02-2024 1:00,201.83,1.63,289.22,122.51
17-02-2024 2:00,189.86,0.66,288.22,53.85
17-02-2024 3:00,192.77,1.54,288.35,79.7
17-02-2024 4:00,195.37,0.59,287.41,41.07
17-02-2024 5:00,201.87,0.47,286.7,17.65
17-02-2024 6:00,194.03,0.55,286.21,7.89
17-02-2024 7:00,183.23,1.01,285.96,-617.85
17-02-2024 8:00,206.75,1.92,288.49,-115.15
17-02-2024 9:00,217.38,2.36,290.82,-101.24
17-02-2024 10:00,220.29,2.32,292.62,-80.87
17-02-2024 11:00,215.57,2.36,294.51,-88.69
17-02-2024 12:00,220.33,2.62,296.08,-100.64
17-02-2024 13:00,212.83,2.71,297.31,-108.15
17-02-2024 14:00,209.19,2.43,298.24,-112.12
17-02-2024 15:00,210.6,2.5,298.87,-128.48
17-02-2024 16:00,207.29,2.36,299.15,-156.82
17-02-2024 17:00,209.52,2.42,299,-225.7
17-02-2024 18:00,211.58,1.92,298.45,-1668.84
17-02-2024 19:00,34.81,0.04,296.25,48.03
17-02-2024 20:00,181.23,0.63,294.28,17.95
17-02-2024 21:00,181.1,0.37,293.45,19.46
17-02-2024 22:00,204.31,0.02,292.02,24.76
17-02-2024 23:00,189.91,1.16,292.31,8.58
18-02-2024 0:00,203.91,1.3,291.86,13.58
18-02-2024 1:00,217.59,1.08,290.96,7.82
18-02-2024 2:00,34.15,0.33,288.29,1.68
18-02-2024 3:00,337.86,0.85,288.29,1
18-02-2024 4:00,29.54,0.88,287.57,1
18-02-2024 5:00,320.15,0.23,286.65,1.91
18-02-2024 6:00,342.77,0.15,286.95,2.07
18-02-2024 7:00,135.54,0.84,289.27,4.79
18-02-2024 8:00,6.1,0.19,291.42,-64.1
18-02-2024 9:00,128.09,0.33,294,-41.1
18-02-2024 10:00,279.51,0.56,296.71,-50.55
18-02-2024 11:00,245.35,1.02,298.67,-63.96
18-02-2024 12:00,231.98,1.21,299.94,-80.73
18-02-2024 13:00,219.31,1.74,300.69,-99.61
18-02-2024 14:00,215.93,2.15,300.97,-124.33
18-02-2024 15:00,206.8,2.41,301.06,-182.56
18-02-2024 16:00,203.77,2.05,300.9,-159.03
18-02-2024 17:00,195.62,2.12,300.39,-200.31
18-02-2024 18:00,189.67,1.68,299.6,-18064.31
18-02-2024 19:00,196.07,2.22,297.34,220.56
18-02-2024 20:00,199.44,2.12,294.86,133.98
18-02-2024 21:00,205.73,1.82,293.23,116.13
18-02-2024 22:00,191.07,0.95,291.62,71.71
18-02-2024 23:00,195.42,0.56,289.79,3926.56
19-02-2024 0:00,236.57,0.16,288.91,86
19-02-2024 1:00,76.24,0.22,288.25,1.53
19-02-2024 2:00,177.08,0.49,287.27,1
19-02-2024 3:00,41.01,0.28,287.6,4.03
19-02-2024 4:00,43.59,0.67,287.55,6.53
19-02-2024 5:00,85.64,0.28,287.32,3.28
19-02-2024 6:00,84.15,0.93,287.65,6.96
19-02-2024 7:00,75.29,0.54,287.24,20.31
19-02-2024 8:00,42.17,1.56,289.38,-71.73
19-02-2024 9:00,29.99,1,291.12,-41.69
19-02-2024 10:00,16.16,0.15,293.45,-32.67
19-02-2024 11:00,292.48,0.07,295.61,-41.22
19-02-2024 12:00,222.29,1.76,296.44,-72.88
19-02-2024 13:00,217.79,2.35,297.11,-92.07
19-02-2024 14:00,221.86,2.83,297.47,-122.03
19-02-2024 15:00,212.99,2.81,297.57,-126.23
19-02-2024 16:00,211.31,2.95,297.51,-151.23
19-02-2024 17:00,213.19,2.98,297.17,-194.28
19-02-2024 18:00,211.78,3,296.33,-306.09
19-02-2024 19:00,202.53,3.25,294.47,-6976.64
19-02-2024 20:00,201.63,3.19,292.49,1132.51
19-02-2024 21:00,200.97,3.51,291.29,7130.13
19-02-2024 22:00,202.71,2.89,290.08,-4944.47
19-02-2024 23:00,209.43,2.88,289.01,-1765.86
20-02-2024 0:00,210.43,2.67,288.05,-1088.93
20-02-2024 1:00,209.83,2.31,288.01,-227.4
20-02-2024 2:00,213.31,1.77,287.93,-140.62
20-02-2024 3:00,214.67,1.83,287.81,-154.29
20-02-2024 4:00,209.93,1.84,287.77,-166.32
20-02-2024 5:00,218.85,1.41,287.76,-111.21
20-02-2024 6:00,215.29,1.31,287.82,-104.46
20-02-2024 7:00,211.82,0.93,287.94,-69.41
20-02-2024 8:00,249.94,0.74,288.22,-50.27
20-02-2024 9:00,247.21,0.83,288.66,-45.04
20-02-2024 10:00,282.55,0.37,289.64,-31.77
20-02-2024 11:00,260.71,0.92,291.65,-41.26
20-02-2024 12:00,243.79,1.16,294.13,-54.88
20-02-2024 13:00,224.26,2.41,295.21,-84.21
20-02-2024 14:00,217.4,2.29,296.29,-85.61
20-02-2024 15:00,213,2.68,296.7,-102.48
20-02-2024 16:00,208.55,2.56,296.99,-122.19
20-02-2024 17:00,210.9,2.61,296.88,-157.53
20-02-2024 18:00,204.84,2.8,296.36,-299.17
20-02-2024 19:00,206.71,2.82,294.89,1747.19
20-02-2024 20:00,202.11,2.92,292.94,642.68
20-02-2024 21:00,202.87,2.88,291.7,576.59
20-02-2024 22:00,204.04,2.25,290.65,526.82
20-02-2024 23:00,206.73,2.6,289.53,1073.22
21-02-2024 0:00,206.52,2.06,288.6,3027.33
21-02-2024 1:00,211.37,1.8,288.21,-173.71
21-02-2024 2:00,218.32,1.47,288.04,-120.92
21-02-2024 3:00,225.75,1.37,287.82,-105.78
21-02-2024 4:00,213.73,1.2,287.76,-91.75
21-02-2024 5:00,219.81,0.69,287.82,-55.67
21-02-2024 6:00,246.39,0.34,288.03,-41.27
21-02-2024 7:00,260.5,0.33,288.24,-42.27
21-02-2024 8:00,271.22,0.44,288.62,-41.45
21-02-2024 9:00,39.6,0.13,289.33,-31.24
21-02-2024 10:00,294.9,0.16,290.24,-30.83
21-02-2024 11:00,251.26,0.21,293.13,-43.44
21-02-2024 12:00,270.77,0.77,295.09,-51.41
21-02-2024 13:00,223.45,1.87,296.25,-82.47
21-02-2024 14:00,220.37,2.49,296.72,-102.66
21-02-2024 15:00,214.88,3.03,296.98,-130.86
21-02-2024 16:00,226.16,3.69,296.91,-208.17
21-02-2024 17:00,212.07,4.16,296.3,-304.44
21-02-2024 18:00,213,4.13,295.13,-532.61
21-02-2024 19:00,207.69,3.97,293.24,5588.4
21-02-2024 20:00,205.6,3.49,291.74,-6713.34
21-02-2024 21:00,195.98,3.16,290.34,-6490.63
21-02-2024 22:00,198.05,3.03,289.57,-502.24
21-02-2024 23:00,199.87,2.47,288.66,-270.54
22-02-2024 0:00,216.78,2.29,288.19,-224.41
22-02-2024 1:00,211.46,2.11,287.84,-202.45
22-02-2024 2:00,217.45,2.16,287.6,-224.98
22-02-2024 3:00,213.97,1.92,287.47,-189.67
22-02-2024 4:00,211.6,1.92,287.42,-195.63
22-02-2024 5:00,217.44,1.31,287.44,-106.05
22-02-2024 6:00,213.44,1.56,287.41,-141.15
22-02-2024 7:00,213.61,2.08,287.32,-244.1
22-02-2024 8:00,209.16,1.95,287.24,-200.62
22-02-2024 9:00,205.77,2.01,287.34,-186.67
22-02-2024 10:00,208,2.42,287.46,-219.37
22-02-2024 11:00,207.61,2.68,287.75,-243.21
22-02-2024 12:00,207.88,2.93,288.08,-205.73
22-02-2024 13:00,213.18,2.42,288.59,-147.3
22-02-2024 14:00,207.45,1.55,289.16,-68.18
22-02-2024 15:00,134.81,0.37,289.4,-44.63
22-02-2024 16:00,358.42,1.12,290.51,-52.84
22-02-2024 17:00,30.31,1.49,289.63,-120.88
22-02-2024 18:00,48.25,0.95,290.51,-57.52
22-02-2024 19:00,40.58,0.87,290.03,-187.23
22-02-2024 20:00,78.62,0.1,288.93,2.89
22-02-2024 21:00,219.36,2.21,288.65,284.42
22-02-2024 22:00,216.93,2.58,287.43,587.07
22-02-2024 23:00,213.15,2.38,286.94,406.79
23-02-2024 0:00,208.89,1.57,286.62,173.41
23-02-2024 1:00,213.46,1.49,286.3,151.77
23-02-2024 2:00,204.27,1.22,285.96,111.38
23-02-2024 3:00,210.93,1.3,285.66,125.51
23-02-2024 4:00,205.19,0.99,285.38,84.7
23-02-2024 5:00,204.46,0.65,285.06,48.85
23-02-2024 6:00,203.93,0.63,285.05,17.68
23-02-2024 7:00,203.34,0.63,285.5,14.62
23-02-2024 8:00,222.15,0.62,287.78,-42.88
23-02-2024 9:00,223.8,0.54,290.07,-36.97
23-02-2024 10:00,225.92,0.77,292.3,-47.49
23-02-2024 11:00,214.94,1.29,294.06,-56.97
23-02-2024 12:00,217.44,1.28,295.61,-67.18
23-02-2024 13:00,215.35,1.53,296.8,-74.02
23-02-2024 14:00,205.85,1.77,297.63,-97.2
23-02-2024 15:00,204.56,2.13,298.09,-124.95
23-02-2024 16:00,211.81,2.17,298.24,-149.33
23-02-2024 17:00,207.85,2.19,298.08,-200.39
23-02-2024 18:00,207.39,1.95,297.5,-645.51
23-02-2024 19:00,204.94,0.79,295.81,90.58
23-02-2024 20:00,189.08,0.03,293.44,23.09
23-02-2024 21:00,182.56,1.04,293.31,70.71
23-02-2024 22:00,186.28,0.56,292.3,45.84
23-02-2024 23:00,180.12,0.32,291.65,4.04
24-02-2024 0:00,234.69,0.47,291.06,4.51
24-02-2024 1:00,244.26,0.56,289.71,16.33
24-02-2024 2:00,230.32,0.12,288.81,1.99
24-02-2024 3:00,57.99,0.25,288.58,3.38
24-02-2024 4:00,85.24,1.08,288.54,9.58
24-02-2024 5:00,82.52,0.95,288.28,7.57
24-02-2024 6:00,83.48,0.85,288.17,6.11
24-02-2024 7:00,89.43,0.42,287.91,3.98
24-02-2024 8:00,193.86,0.09,290.05,-29.35
24-02-2024 9:00,260.67,0.08,292.64,-34.31
24-02-2024 10:00,241.37,0.97,294.48,-55.64
24-02-2024 11:00,225.3,1.47,295.83,-75.71
24-02-2024 12:00,217.08,1.61,296.93,-81.11
24-02-2024 13:00,214.51,1.86,297.76,-89.95
24-02-2024 14:00,211.73,1.82,298.42,-105.05
24-02-2024 15:00,206.14,1.97,298.79,-121.73
24-02-2024 16:00,208.16,1.89,298.86,-141.02
24-02-2024 17:00,200.78,1.94,298.63,-225.6
24-02-2024 18:00,192.53,1.45,297.93,-1183.92
24-02-2024 19:00,11.73,0.13,295.59,42.98
24-02-2024 20:00,185.45,0.53,293.69,39.99
24-02-2024 21:00,184.96,0.83,292.8,49.91
24-02-2024 22:00,194.01,1.42,292.09,79.91
24-02-2024 23:00,199.47,1.74,291.25,105.22
25-02-2024 0:00,194.16,1.17,290.27,72.25
25-02-2024 1:00,216.63,0.12,288.88,32.89
25-02-2024 2:00,16.08,0.46,287.44,1.04
25-02-2024 3:00,259.56,0.28,287.18,1.57
25-02-2024 4:00,94.5,0.5,287.94,4.25
25-02-2024 5:00,66.97,0.42,287.61,3.83
25-02-2024 6:00,67.28,0.19,287.09,2.88
25-02-2024 7:00,107.2,0.71,287.62,5.49
25-02-2024 8:00,271.31,0.01,289.85,-31.09
25-02-2024 9:00,23.02,0.23,293.06,-34.44
25-02-2024 10:00,248.54,0.58,295.24,-50.44
25-02-2024 11:00,231.5,1.34,296.64,-65.07
25-02-2024 12:00,216.6,1.58,297.73,-82.03
25-02-2024 13:00,214.84,2,298.52,-96.28
25-02-2024 14:00,210.97,2.04,299.07,-102.54
25-02-2024 15:00,208.89,2.11,299.41,-137.93
25-02-2024 16:00,203.32,2.25,299.42,-188.08
25-02-2024 17:00,204.84,2.09,299.11,-258.24
25-02-2024 18:00,200.18,1.81,298.32,1525.79
25-02-2024 19:00,193.65,1.23,296.25,99.09
25-02-2024 20:00,187.16,1.78,294.25,103.26
25-02-2024 21:00,173.18,0.12,293.34,34.28
25-02-2024 22:00,240.88,0.54,292.86,5.71
25-02-2024 23:00,249.35,0.05,291.09,17.82
26-02-2024 0:00,170.09,0.46,290.12,12.86
26-02-2024 1:00,60.88,0.34,289.29,30.74
26-02-2024 2:00,59.84,0.54,288.7,17.68
26-02-2024 3:00,72.78,0.87,288.36,12.74
26-02-2024 4:00,68.12,0.98,288,12.21
26-02-2024 5:00,84.84,0.44,287.51,4.25
26-02-2024 6:00,153.57,0.46,287.25,114.94
26-02-2024 7:00,175.39,0.15,287.17,-33.12
26-02-2024 8:00,341.6,0.14,287.64,-27.01
26-02-2024 9:00,29.64,0.04,289.99,-27.7
26-02-2024 10:00,231.24,1.38,293.63,-57.25
26-02-2024 11:00,223.55,1.75,295.15,-76.47
26-02-2024 12:00,221.16,1.91,296.55,-82.84
26-02-2024 13:00,212.62,1.92,297.59,-97.31
26-02-2024 14:00,214.94,2.1,298.34,-107.12
26-02-2024 15:00,219.72,2.37,298.66,-134.67
26-02-2024 16:00,207.82,2.66,298.62,-196.44
26-02-2024 17:00,211.77,2.28,298.39,-291.52
26-02-2024 18:00,200.51,1.47,297.78,1076.78
26-02-2024 19:00,31.85,0.33,294.76,28.4
26-02-2024 20:00,133.12,1,293.85,14.28
26-02-2024 21:00,153.01,0.91,292.61,15.64
26-02-2024 22:00,198.86,0.8,292.16,36.85
26-02-2024 23:00,191.39,0.53,290.86,4.65
27-02-2024 0:00,200.36,1.05,289.97,12.17
27-02-2024 1:00,313.32,0.02,288.23,2.27
27-02-2024 2:00,300.71,0.83,286.35,1
27-02-2024 3:00,289.25,0.18,287.49,2.8
27-02-2024 4:00,23.46,0.54,285.27,1.3
27-02-2024 5:00,144.79,0.08,286.32,2.53
27-02-2024 6:00,1.29,0.45,284.84,1.48
27-02-2024 7:00,184.79,0.19,286.16,2.83
27-02-2024 8:00,322.72,0.09,288.83,-44.42
27-02-2024 9:00,243.76,0.22,291.51,-41.77
27-02-2024 10:00,231.8,1.19,293.87,-59.52
27-02-2024 11:00,227.81,1.57,295.61,-69.31
27-02-2024 12:00,220.76,1.55,296.91,-78.85
27-02-2024 13:00,217.19,1.74,297.8,-98.36
27-02-2024 14:00,210.81,2.06,298.42,-113.71
27-02-2024 15:00,212.93,2.15,298.7,-127.1
27-02-2024 16:00,213.25,2.37,298.77,-187.73
27-02-2024 17:00,202.23,2.33,298.39,-380.93
27-02-2024 18:00,196.52,1.31,297.6,969.54
27-02-2024 19:00,190.36,0.43,295.02,45.26
27-02-2024 20:00,174.65,0.88,293.05,50.05
27-02-2024 21:00,154.21,0.03,292.21,19.1
27-02-2024 22:00,204.6,0.1,291.67,2.72
27-02-2024 23:00,338.47,0.49,289.4,1.25
28-02-2024 0:00,60.64,0.11,289.07,1.96
28-02-2024 1:00,39.46,0.83,288.8,7.98
28-02-2024 2:00,59.32,0.81,287.92,14.83
28-02-2024 3:00,65.25,1.02,287.72,10.65
28-02-2024 4:00,70.29,1.02,287.28,9.28
28-02-2024 5:00,88.62,0.46,287.04,38.07
28-02-2024 6:00,297.34,0.2,285.83,1.81
28-02-2024 7:00,345.6,0.46,285.07,1.34
28-02-2024 8:00,274.76,0.11,288.68,-29.98
28-02-2024 9:00,224.15,0.53,291.78,-41.19
28-02-2024 10:00,224.98,1.09,293.97,-54.32
28-02-2024 11:00,222.66,1.29,295.55,-68.14
28-02-2024 12:00,215.51,1.56,296.93,-75.52
28-02-2024 13:00,212.02,1.65,298.02,-94.64
28-02-2024 14:00,209.59,1.84,298.69,-104.97
28-02-2024 15:00,215.52,2.05,299.11,-128.01
28-02-2024 16:00,213.78,2.1,299.11,-167.76
28-02-2024 17:00,205.31,2.28,298.67,-382.72
28-02-2024 18:00,202.41,1.05,297.94,878.96
28-02-2024 19:00,18.39,0.16,294.85,19.77
28-02-2024 20:00,130.61,0.57,293.32,19.02
28-02-2024 21:00,158.93,1.26,293.43,13.96
28-02-2024 22:00,194.15,0.48,292.25,23.47
28-02-2024 23:00,139.1,0.65,290.14,1
29-02-2024 0:00,156.35,0.71,287.9,1.13
29-02-2024 1:00,6.94,0.74,289.44,5.95
29-02-2024 2:00,248.26,0.13,287.94,2.04
29-02-2024 3:00,89.35,0.78,288.04,6.26
29-02-2024 4:00,94.89,1.12,288.39,8.24
29-02-2024 5:00,132.87,0.79,288.28,4.96
29-02-2024 6:00,324.72,0.22,286.7,1.96
29-02-2024 7:00,325.57,1.04,284,1
29-02-2024 8:00,54.29,0.17,289.73,-38.39
29-02-2024 9:00,240.08,0.37,292.94,-41.86
29-02-2024 10:00,229.47,1.25,295.38,-62.6
29-02-2024 11:00,226.79,1.43,297.08,-78.61
29-02-2024 12:00,220.86,1.5,298.38,-79.13
29-02-2024 13:00,216.08,1.57,299.44,-98.22
29-02-2024 14:00,212.89,1.74,300.07,-117.67
29-02-2024 15:00,213.16,1.84,300.25,-125.4
29-02-2024 16:00,207.99,1.94,300.21,-184.19
29-02-2024 17:00,198.71,1.82,299.87,-454.78
29-02-2024 18:00,192.39,0.65,298.83,266.75
29-02-2024 19:00,169.75,0.34,296.61,7.29
29-02-2024 20:00,159.61,0.67,294.25,17.75
29-02-2024 21:00,194.37,0.72,293.1,55.88
29-02-2024 22:00,30.17,0.21,291.16,26.06
29-02-2024 23:00,192.27,0.04,290.14,33.66
01-03-2024 0:00,21.24,0.36,288.59,33.39
01-03-2024 1:00,26.8,0.11,287.65,26.45
01-03-2024 2:00,327.47,0.18,287.56,1.9
01-03-2024 3:00,292.84,0.08,287.16,2.12
01-03-2024 4:00,301.53,0.32,286.14,1.66
01-03-2024 5:00,299.46,0.54,285.09,1.33
01-03-2024 6:00,306.98,0.9,285.44,1
01-03-2024 7:00,202.31,0.83,287.02,1
01-03-2024 8:00,152.15,0.23,288.5,-30.6
01-03-2024 9:00,244.65,0.22,291.47,-38.04
01-03-2024 10:00,229.61,0.86,293.85,-55.45
01-03-2024 11:00,227.07,1.37,295.23,-67.83
01-03-2024 12:00,223.9,1.43,296.56,-71.36
01-03-2024 13:00,219.12,1.7,297.36,-97.22
01-03-2024 14:00,212.42,1.89,297.79,-114.69
01-03-2024 15:00,208.39,1.87,297.88,-127.41
01-03-2024 16:00,204.72,1.85,297.68,-200.45
01-03-2024 17:00,197.44,1.3,297.1,-2072.74
01-03-2024 18:00,192.41,0.12,295.31,67.19
01-03-2024 19:00,182.85,0.04,292.53,26.75
01-03-2024 20:00,174.92,0.6,291.86,18.61
01-03-2024 21:00,182.96,1.24,291.44,10.57
01-03-2024 22:00,200.4,0.69,290.08,36.45
01-03-2024 23:00,203.83,1.07,289.8,10.48
02-03-2024 0:00,199.44,0.28,288.45,3.4
02-03-2024 1:00,197.41,0.95,287.67,8.87
02-03-2024 2:00,184.13,1.1,287.68,7.69
02-03-2024 3:00,161.04,0.12,286.07,2.7
02-03-2024 4:00,161.89,0.26,285.84,3.1
02-03-2024 5:00,182.25,0.29,285.14,3.26
02-03-2024 6:00,186.6,1.08,284.87,12.65
02-03-2024 7:00,175.74,0.69,284.08,14.88
02-03-2024 8:00,209.45,1.29,287.01,-440.91
02-03-2024 9:00,211.94,1.43,289.26,-68.5
02-03-2024 10:00,218.07,2.21,291.24,-88.03
02-03-2024 11:00,219.23,2.17,293.15,-78.01
02-03-2024 12:00,216.56,2.49,294.66,-102.01
02-03-2024 13:00,218.65,2.81,295.78,-123.76
02-03-2024 14:00,215,2.94,296.49,-139.97
02-03-2024 15:00,210.33,2.76,296.93,-158.6
02-03-2024 16:00,206.02,2.8,297.07,-215.17
02-03-2024 17:00,210.67,2.43,296.89,-345.06
02-03-2024 18:00,208.15,1.64,296.12,1065.75
02-03-2024 19:00,212.89,0.77,294.25,9.9
02-03-2024 20:00,135.95,1.33,292.76,10.57
02-03-2024 21:00,181.34,0.24,291.06,31.99
02-03-2024 22:00,195.6,0.58,290.16,39.62
02-03-2024 23:00,177.1,0.41,289.14,20.32
03-03-2024 0:00,196.44,0.28,288.52,28.46
03-03-2024 1:00,198.51,0.39,287.61,19.12
03-03-2024 2:00,219.98,1.12,287.57,10.24
03-03-2024 3:00,216.92,0.35,285.9,30.94
03-03-2024 4:00,199.54,0.31,285.19,20.5
03-03-2024 5:00,189.85,1.27,286.2,8.83
03-03-2024 6:00,177.5,0.86,286.32,5.12
03-03-2024 7:00,198.48,0.58,286.05,3.91
03-03-2024 8:00,188.73,0.03,287.08,-43.03
03-03-2024 9:00,267.81,0.01,290.38,-38.07
03-03-2024 10:00,255.25,0.56,293.35,-45.69
03-03-2024 11:00,241.19,1.04,295.22,-64.52
03-03-2024 12:00,226.63,1.44,296.51,-72.13
03-03-2024 13:00,217.65,1.92,297.41,-103.75
03-03-2024 14:00,216.4,2.29,298.02,-130.29
03-03-2024 15:00,210.79,2.23,298.23,-129.36
03-03-2024 16:00,213.11,2.61,298.16,-219.43
03-03-2024 17:00,203.7,2.2,297.86,-325.47
03-03-2024 18:00,197.32,1.32,296.93,581.46
03-03-2024 19:00,139.33,0.09,294.11,12.95
03-03-2024 20:00,163.35,0.9,292.62,15.32
03-03-2024 21:00,205.37,0.18,290.94,25.58
03-03-2024 22:00,332.91,0.59,288.71,1.07
03-03-2024 23:00,160.12,0.5,289.59,4.31
04-03-2024 0:00,183.23,1.24,289.08,9.56
04-03-2024 1:00,196.88,1.26,288.25,12.24
04-03-2024 2:00,176.71,0.24,287.12,3.07
04-03-2024 3:00,201.27,0.27,286.75,3.09
04-03-2024 4:00,321.62,0.07,285.71,2.17
04-03-2024 5:00,21.52,0.68,283.58,1.21
04-03-2024 6:00,7.53,0.74,282.93,1.17
04-03-2024 7:00,341.77,0.37,284.11,1.68
04-03-2024 8:00,153.51,0.16,288.51,-89.46
04-03-2024 9:00,228.84,0.15,291.33,-43.21
04-03-2024 10:00,233.91,0.66,294.37,-54.02
04-03-2024 11:00,230.42,1.13,296.43,-64.59
04-03-2024 12:00,220.15,1.44,297.77,-85.47
04-03-2024 13:00,216.39,1.75,298.63,-99.59
04-03-2024 14:00,213.41,1.85,299.14,-119.44
04-03-2024 15:00,203.57,2.05,299.34,-155.97
04-03-2024 16:00,209,2.04,299.22,-198.34
04-03-2024 17:00,207.85,2.05,298.84,-420.26
04-03-2024 18:00,200.89,0.74,297.86,341.55
04-03-2024 19:00,182.59,0.43,295.66,4.35
04-03-2024 20:00,156.37,0.22,292.57,23.97
04-03-2024 21:00,201.86,0.95,292.77,52.93
04-03-2024 22:00,196.04,0.01,291.05,2.39
04-03-2024 23:00,5.39,0.06,289.44,17.91
05-03-2024 0:00,359.01,0.23,288.02,4.64
05-03-2024 1:00,206.76,0.33,287.2,19.17
05-03-2024 2:00,122.28,0.14,287.66,2.7
05-03-2024 3:00,271.94,0.22,286.24,1.83
05-03-2024 4:00,285.85,0.13,285.94,2.02
05-03-2024 5:00,93.6,0.14,285.86,2.68
05-03-2024 6:00,293.23,0.36,284.62,1.63
05-03-2024 7:00,105.29,0.12,285.63,2.59
05-03-2024 8:00,78.82,0.02,288.49,-41.15
05-03-2024 9:00,96.94,0,291.53,-34.88
05-03-2024 10:00,270.1,0.63,294.17,-44.97
05-03-2024 11:00,242.87,1.25,296.07,-67.48
05-03-2024 12:00,224.42,1.56,297.31,-79.65
05-03-2024 13:00,219.61,2,298.09,-98.95
05-03-2024 14:00,212.07,2.22,298.6,-129.55
05-03-2024 15:00,204.63,2.34,298.77,-166.79
05-03-2024 16:00,205.09,2.3,298.66,-199.96
05-03-2024 17:00,200.04,2.04,298.23,-376.71
05-03-2024 18:00,189.26,1.48,297.13,952.99
05-03-2024 19:00,194.41,0.37,294.21,39.98
05-03-2024 20:00,171.09,0.71,292.48,8.62
05-03-2024 21:00,229.52,0.64,291.04,18.12
05-03-2024 22:00,204.26,0.63,290.59,38.33
05-03-2024 23:00,188.23,0.97,290.01,10.99
06-03-2024 0:00,196.6,0.47,288.46,41.47
06-03-2024 1:00,181.56,0.38,287.6,23.43
06-03-2024 2:00,127.04,0.85,287.91,7.23
06-03-2024 3:00,91.97,0.65,287.48,4.97
06-03-2024 4:00,109.58,0.71,286.91,5.59
06-03-2024 5:00,158.65,0.53,286.76,-48.32
06-03-2024 6:00,5.01,0.03,286.47,-25.14
06-03-2024 7:00,290.68,0.56,284.91,1
06-03-2024 8:00,217.83,0.15,286.7,-27.11
06-03-2024 9:00,256.88,0.19,290.41,-33.17
06-03-2024 10:00,227.89,1.41,293.11,-59.48
06-03-2024 11:00,227.64,1.59,294.83,-64.31
06-03-2024 12:00,223.17,1.75,296.27,-81.07
06-03-2024 13:00,215.15,1.92,297.32,-101.98
06-03-2024 14:00,211.15,2.15,297.98,-118.02
06-03-2024 15:00,211.11,2.33,298.31,-141.5
06-03-2024 16:00,211.32,2.46,298.3,-197.26
06-03-2024 17:00,208.22,2.4,297.92,-414.47
06-03-2024 18:00,196.75,1.62,296.99,491.29
06-03-2024 19:00,192.49,0.46,294.27,42.31
06-03-2024 20:00,189.59,0.92,292.79,50.37
06-03-2024 21:00,177.7,0.44,292.18,6.29
06-03-2024 22:00,131.41,0.02,290.94,2.29
06-03-2024 23:00,326.63,0.57,290.51,5.06
07-03-2024 0:00,109.51,0.06,288.84,2.14
07-03-2024 1:00,51.02,0.47,287.94,11.99
07-03-2024 2:00,43.64,0.12,287.16,2.96
07-03-2024 3:00,270.4,0.45,285.7,1.02
07-03-2024 4:00,322.73,0.01,285.93,2.25
07-03-2024 5:00,196.33,0.48,285.38,19.48
07-03-2024 6:00,190.9,0.69,285.24,15.13
07-03-2024 7:00,159.76,0.84,285.48,8.27
07-03-2024 8:00,7.32,0.06,286.04,-25.19
07-03-2024 9:00,46.31,0.16,288.03,-26.25
07-03-2024 10:00,264.39,0.84,291.73,-40.42
07-03-2024 11:00,239.88,1.22,293.78,-56.52
07-03-2024 12:00,229.8,1.45,295.29,-72.73
07-03-2024 13:00,224.99,2.13,296.25,-92.46
07-03-2024 14:00,216.45,2.3,296.74,-114.89
07-03-2024 15:00,217.95,2.44,296.87,-126.88
07-03-2024 16:00,207.7,2.8,296.65,-166.43
07-03-2024 17:00,205.85,3.29,296.04,-308.28
07-03-2024 18:00,203.79,3.31,294.94,-1337.61
07-03-2024 19:00,197.74,2.76,292.99,230.9
07-03-2024 20:00,197.02,3.73,290.09,672.65
07-03-2024 21:00,215.03,2.68,288.39,486.21
07-03-2024 22:00,207.54,2.28,286.99,470.42
07-03-2024 23:00,209.66,2,286.1,335.47
08-03-2024 0:00,212.77,1.72,285.41,231.22
08-03-2024 1:00,213.84,1.15,284.76,177.31
08-03-2024 2:00,212.59,0.7,284.03,279.35
08-03-2024 3:00,210.6,0.55,283.49,229.6
08-03-2024 4:00,210.41,0.69,283.07,156.41
08-03-2024 5:00,204.49,0.61,282.68,104.59
08-03-2024 6:00,214.13,0.17,282.29,21.76
08-03-2024 7:00,218.65,0.68,282.41,11.41
08-03-2024 8:00,263.06,0.06,284.16,-30.23
08-03-2024 9:00,250.07,0.44,286.84,-34.34
08-03-2024 10:00,238.87,1.13,289.38,-45.36
08-03-2024 11:00,224.64,1.5,291.32,-60.14
08-03-2024 12:00,220.27,2.13,292.79,-77.04
08-03-2024 13:00,219.01,2.5,293.95,-104.3
08-03-2024 14:00,214.58,2.62,294.73,-114.64
08-03-2024 15:00,215.46,2.72,295.09,-133.25
08-03-2024 16:00,212.88,2.82,295.08,-163.92
08-03-2024 17:00,210.48,2.86,294.78,-284.11
08-03-2024 18:00,207.08,2.19,293.95,3911.38
08-03-2024 19:00,207.82,1.45,291.76,81.03
08-03-2024 20:00,166.09,0.21,289.51,32.02
08-03-2024 21:00,211.47,2.21,289.89,186.33
08-03-2024 22:00,210.21,1.3,288.98,94.22
08-03-2024 23:00,198.36,1.06,288.07,79.34
09-03-2024 0:00,200.29,1.41,287.67,86.72
09-03-2024 1:00,195.07,1.27,287.04,78.51
09-03-2024 2:00,201.28,0.65,286.15,41.56
09-03-2024 3:00,202.31,0.7,285.69,41.08
09-03-2024 4:00,212.04,0.87,285.21,53.4
09-03-2024 5:00,213.75,0.96,284.76,60.82
09-03-2024 6:00,203.25,0.73,284.15,46.24
09-03-2024 7:00,197.69,0.96,283.94,61.14
09-03-2024 8:00,206.39,1.9,286.07,-139.72
09-03-2024 9:00,213.26,2.03,288.35,-82.31
09-03-2024 10:00,217.91,2.06,290.22,-69.03
09-03-2024 11:00,215.9,2.01,292.26,-74.04
09-03-2024 12:00,217.61,2.39,293.97,-88.48
09-03-2024 13:00,214.65,2.39,295.25,-92.36
09-03-2024 14:00,210.43,2.57,296.14,-108.46
09-03-2024 15:00,205.4,2.51,296.67,-133.23
09-03-2024 16:00,205.57,2.11,296.9,-132.97
09-03-2024 17:00,211.18,2.19,296.68,-231.08
09-03-2024 18:00,211.6,1.71,295.89,2287.48
09-03-2024 19:00,197.41,0.28,293.17,34.4
09-03-2024 20:00,155.6,0.05,291.2,28.01
09-03-2024 21:00,187.76,1.42,292.21,9.42
09-03-2024 22:00,208.82,0.42,289.62,21.24
09-03-2024 23:00,179.81,0.71,289.4,5.76
10-03-2024 0:00,208.72,1.17,288.72,9.72
10-03-2024 1:00,185.31,0.7,287.58,5.98
10-03-2024 2:00,237.98,0.02,286.17,2.36
10-03-2024 3:00,229.73,0.67,284.66,1
10-03-2024 4:00,85.35,0.28,285.84,3.16
10-03-2024 5:00,105.77,0.25,285.47,3.05
10-03-2024 6:00,89.24,0.04,284.86,2.42
10-03-2024 7:00,100.74,0.28,284.98,3.12
10-03-2024 8:00,81.82,0.31,287.21,-33.78
10-03-2024 9:00,195.37,0.17,290.68,-31.48
10-03-2024 10:00,279.82,0.23,293.42,-37.55
10-03-2024 11:00,249.15,1.24,294.91,-61.91
10-03-2024 12:00,232.6,1.55,296.06,-80.2
10-03-2024 13:00,221.7,2.23,296.72,-104.95
10-03-2024 14:00,216.24,2.79,296.98,-148.25
10-03-2024 15:00,214.37,2.44,297.09,-139.99
10-03-2024 16:00,216.73,2.62,296.98,-162.39
10-03-2024 17:00,213.12,2.71,296.5,-264.53
10-03-2024 18:00,206.83,2.17,295.69,1887
10-03-2024 19:00,203.01,1.14,293.54,73.43
10-03-2024 20:00,195.07,2.68,292.2,232.21
10-03-2024 21:00,195.08,1.89,291.09,216.3
10-03-2024 22:00,195.9,2.11,289.91,203.61
10-03-2024 23:00,205.61,2.14,288.81,233.57
11-03-2024 0:00,204.92,2.02,287.87,225.33
11-03-2024 1:00,215.42,1.25,287.08,129.18
11-03-2024 2:00,220.68,0.89,286.36,115.93
11-03-2024 3:00,224.43,0.51,285.52,211.86
11-03-2024 4:00,231.25,0.14,284.87,135.18
11-03-2024 5:00,212.34,0.02,284.41,24.98
11-03-2024 6:00,196.15,0.51,284.94,4.98
11-03-2024 7:00,297.34,0.66,283.91,1
11-03-2024 8:00,204.61,0.06,286.32,-30.04
11-03-2024 9:00,14.23,0.04,289.02,-30.35
11-03-2024 10:00,276.87,0.13,291.62,-32.21
11-03-2024 11:00,258.97,0.74,293.78,-47.25
11-03-2024 12:00,240.8,1.29,295.15,-66.34
11-03-2024 13:00,228.5,1.79,296.12,-79.76
11-03-2024 14:00,218.78,2.62,296.57,-125.96
11-03-2024 15:00,216.01,2.81,296.7,-131.92
11-03-2024 16:00,208.12,3.07,296.49,-169.2
11-03-2024 17:00,211.53,3.42,295.86,-313.06
11-03-2024 18:00,208.28,3.43,294.64,-1579.04
11-03-2024 19:00,201.67,2.48,292.75,221.89
11-03-2024 20:00,195.9,3.26,291.03,505.92
11-03-2024 21:00,196.31,3.44,289.32,481.31
11-03-2024 22:00,200.38,2.94,288.02,444.05
11-03-2024 23:00,207.11,2.15,286.98,332.27
12-03-2024 0:00,209.05,2.14,286.29,272.75
12-03-2024 1:00,208.52,1.33,285.77,135.5
12-03-2024 2:00,208.39,0.45,284.85,97.49
12-03-2024 3:00,219.9,0.22,284.25,29
12-03-2024 4:00,204.65,0.67,284.12,13.97
12-03-2024 5:00,203.24,0.77,284.34,6.89
12-03-2024 6:00,192.01,0.35,283.89,3.68
12-03-2024 7:00,163.52,0.46,283.71,4.25
12-03-2024 8:00,305.67,0.13,285.3,-30.06
12-03-2024 9:00,213.79,1.22,288.77,-59.28
12-03-2024 10:00,222.41,1.61,290.5,-60.02
12-03-2024 11:00,218.86,1.85,292.04,-71.25
12-03-2024 12:00,215.97,2.13,293.38,-79.07
12-03-2024 13:00,210.8,2.36,294.53,-99.83
12-03-2024 14:00,212.59,2.37,295.33,-105.84
12-03-2024 15:00,213.18,2.43,295.8,-121.44
12-03-2024 16:00,212.69,2.41,295.86,-155.04
12-03-2024 17:00,213.34,2.36,295.62,-284.7
12-03-2024 18:00,211.87,1.62,294.78,642.89
12-03-2024 19:00,26.17,0.11,291.61,25.34
12-03-2024 20:00,146.1,0.39,290.35,21.64
12-03-2024 21:00,208.62,1.36,290.95,95.88
12-03-2024 22:00,208.66,1.94,290.2,140.37
12-03-2024 23:00,201.25,2.28,289.3,188.07
13-03-2024 0:00,207.4,2.27,288.32,231.72
13-03-2024 1:00,211.3,1.99,287.43,200.74
13-03-2024 2:00,211.82,1.3,286.72,100.66
13-03-2024 3:00,207.98,1.04,286.09,69.67
13-03-2024 4:00,200.78,0.96,285.53,64.8
13-03-2024 5:00,206.75,0.62,284.95,16.15
13-03-2024 6:00,213.72,0.32,284.37,4.44
13-03-2024 7:00,196.22,0.78,284.28,-56.81
13-03-2024 8:00,356.65,0.06,285.23,-26.08
13-03-2024 9:00,214.08,1.05,288.59,-48.84
13-03-2024 10:00,223.79,1.48,290.53,-53.77
13-03-2024 11:00,221.34,1.87,292.21,-69.56
13-03-2024 12:00,218.28,2.28,293.5,-81.41
13-03-2024 13:00,211.32,2.67,294.52,-106.95
13-03-2024 14:00,213.26,2.77,295.37,-117.94
13-03-2024 15:00,211.72,2.75,295.64,-129.39
13-03-2024 16:00,208.82,2.96,295.74,-185.34
13-03-2024 17:00,209.95,2.99,295.38,-305.36
13-03-2024 18:00,212.39,2.59,294.54,12625.27
13-03-2024 19:00,222.12,1.41,292.43,76.56
13-03-2024 20:00,205.57,2.01,291,123.25
13-03-2024 21:00,203.76,2.06,290.02,113.81
13-03-2024 22:00,206.45,1.69,289.05,95.11
13-03-2024 23:00,200.78,1.34,288.05,77.34
14-03-2024 0:00,199.8,1.49,287.36,77.65
14-03-2024 1:00,200.11,2.41,287.31,128.21
14-03-2024 2:00,204.97,2.59,286.43,164.24
14-03-2024 3:00,202.95,2.03,285.44,129.66
14-03-2024 4:00,202.78,0.88,284.18,66.3
14-03-2024 5:00,207.91,1.28,283.51,104.72
14-03-2024 6:00,198.29,0.92,282.82,70.87
14-03-2024 7:00,184.67,0.86,282.55,51.23
14-03-2024 8:00,206.08,1.65,284.97,-188.92
14-03-2024 9:00,209.52,1.8,287.35,-80.42
14-03-2024 10:00,214.2,2.3,289.25,-81.82
14-03-2024 11:00,216.37,2.38,291.19,-78.91
14-03-2024 12:00,215.24,2.6,292.72,-98.04
14-03-2024 13:00,211.32,2.99,293.77,-118
14-03-2024 14:00,210.48,3.1,294.58,-133.38
14-03-2024 15:00,208.45,2.71,295.1,-137.6
14-03-2024 16:00,216.12,2.68,295.22,-171.34
14-03-2024 17:00,214.97,2.69,294.85,-314.92
14-03-2024 18:00,213.27,1.71,294.02,446.36
14-03-2024 19:00,214.44,0.45,291.27,16.33
14-03-2024 20:00,138.58,0.88,290.29,7.12
14-03-2024 21:00,179,0.09,289.07,25.13
14-03-2024 22:00,190.81,0.75,288.79,16.54
14-03-2024 23:00,186.98,0.3,287.76,23.86
15-03-2024 0:00,208.38,0.37,286.96,20.1
15-03-2024 1:00,204.74,1.04,286.93,7.86
15-03-2024 2:00,200.62,1.29,286.5,53.66
15-03-2024 3:00,202.74,1.52,285.96,70.68
15-03-2024 4:00,206.45,0.62,284.46,46.76
15-03-2024 5:00,207.02,0.02,283.14,16.89
15-03-2024 6:00,198.24,0.37,282.58,11.18
15-03-2024 7:00,186.31,0.69,282.45,16.81
15-03-2024 8:00,177.71,0.47,284.9,-59.94
15-03-2024 9:00,216.4,0.8,287.73,-48.12
15-03-2024 10:00,224.28,1.33,290.23,-56.32
15-03-2024 11:00,223.46,1.7,292.23,-63.55
15-03-2024 12:00,216.22,2.1,293.42,-84.2
15-03-2024 13:00,217.48,2.61,294.42,-105.75
15-03-2024 14:00,208.8,2.81,295.01,-134.38
15-03-2024 15:00,209.82,3.05,295.33,-165.13
15-03-2024 16:00,214.55,2.75,295.38,-182.53
15-03-2024 17:00,207.34,2.75,294.9,-346.03
15-03-2024 18:00,198.8,2.13,293.92,872.1
15-03-2024 19:00,193.79,0.89,291.5,51.97
15-03-2024 20:00,141.57,0.59,289.66,13.64
15-03-2024 21:00,178.78,0.63,288.46,17.71
15-03-2024 22:00,190.55,0.18,286.9,23.83
15-03-2024 23:00,195.47,0.57,286.87,20.04
16-03-2024 0:00,198.78,0.43,286.22,29.2
16-03-2024 1:00,194.68,1.01,286.01,44.81
16-03-2024 2:00,193.09,1.24,285.86,10.35
16-03-2024 3:00,198.15,0.96,284.57,12.8
16-03-2024 4:00,204.5,0.85,283.9,7.99
16-03-2024 5:00,214.91,0.75,283.1,7.58
16-03-2024 6:00,210.4,0.45,282.03,17.03
16-03-2024 7:00,197.44,0.89,282.12,13.41
16-03-2024 8:00,211.03,1.15,284.12,-123.58
16-03-2024 9:00,216.03,1.21,286.52,-56.22
16-03-2024 10:00,218.3,2.3,288.77,-88.29
16-03-2024 11:00,220.17,2.27,290.87,-79.3
16-03-2024 12:00,216.93,2.49,292.49,-97.06
16-03-2024 13:00,216.73,2.66,293.69,-111.61
16-03-2024 14:00,214.55,2.78,294.57,-125.61
16-03-2024 15:00,211.34,2.58,295.06,-128.22
16-03-2024 16:00,212.62,2.56,295.22,-182.21
16-03-2024 17:00,206.53,2.5,294.83,-336.96
16-03-2024 18:00,208.15,1.49,293.93,373.75
16-03-2024 19:00,200.68,0.55,291.08,16.72
16-03-2024 20:00,143.51,1.1,290.18,13.41
16-03-2024 21:00,171.05,0.84,289.57,12.61
16-03-2024 22:00,198.75,0.57,288.49,19.4
16-03-2024 23:00,187.19,1.29,288.83,9.08
17-03-2024 0:00,195.22,1.38,288.14,11.04
17-03-2024 1:00,254.58,0.42,286.21,4.29
17-03-2024 2:00,213.81,0.79,286.27,5.28
17-03-2024 3:00,222.74,0.36,285.03,3.53
17-03-2024 4:00,207.48,0.95,284.71,7.19
17-03-2024 5:00,203.66,0.68,283.57,6.33
17-03-2024 6:00,196.01,1.07,283.15,10.41
17-03-2024 7:00,189.67,1.11,282.98,13.05
17-03-2024 8:00,187.34,0.7,284.88,-96.56
17-03-2024 9:00,215.06,1.1,287.92,-61.31
17-03-2024 10:00,219.31,1.98,290.47,-85.77
17-03-2024 11:00,222.02,2.08,292.31,-81.46
17-03-2024 12:00,217.27,1.98,293.99,-87.17
17-03-2024 13:00,216.43,2.28,295.12,-103.73
17-03-2024 14:00,210.13,2.35,295.87,-114.32
17-03-2024 15:00,206.66,2.43,296.19,-131.87
17-03-2024 16:00,210.77,2.3,296.24,-182.12
17-03-2024 17:00,208.59,2.1,295.87,-313.3
17-03-2024 18:00,195.12,1.21,294.73,314.78
17-03-2024 19:00,179.96,0.22,291.67,20.85
17-03-2024 20:00,149.57,1.25,291.02,10.58
17-03-2024 21:00,200.69,1.31,290.2,11.34
17-03-2024 22:00,208.36,0.44,288.1,32.16
17-03-2024 23:00,194.85,0.22,286.95,24.5
18-03-2024 0:00,218.32,1.12,287.29,10.92
18-03-2024 1:00,210.95,0.98,286.49,7.36
18-03-2024 2:00,200.41,0.62,285.59,4.78
18-03-2024 3:00,215.72,1.15,285.56,7.69
18-03-2024 4:00,214.27,0.52,284.57,4.09
18-03-2024 5:00,201.12,1.5,284.79,11.04
18-03-2024 6:00,202.65,0.71,283.59,18.81
18-03-2024 7:00,199.92,0.9,283.45,15.22
18-03-2024 8:00,183.98,0.38,284.26,-112.79
18-03-2024 9:00,211.5,0.83,286.44,-95.26
18-03-2024 10:00,219.31,1.58,289.94,-68.55
18-03-2024 11:00,224.45,1.74,292.06,-66.06
18-03-2024 12:00,220.24,2.04,293.97,-79.81
18-03-2024 13:00,219.5,2.11,295.24,-99.18
18-03-2024 14:00,219.71,2.13,296.16,-110.6
18-03-2024 15:00,215.5,2.23,296.56,-131.87
18-03-2024 16:00,215.94,2.21,296.61,-180.14
18-03-2024 17:00,212.18,1.87,296.13,-269.48
18-03-2024 18:00,210.61,0.84,294.79,181.86
18-03-2024 19:00,204.71,0.2,291.5,29.73
18-03-2024 20:00,192.97,1.3,291.45,8.95
18-03-2024 21:00,218.84,0.03,289.93,29.01
18-03-2024 22:00,162.29,0.18,289.1,3.18
18-03-2024 23:00,211.65,0.44,288.52,4.21
19-03-2024 0:00,200.91,0.57,288.3,4.25
19-03-2024 1:00,70.15,0.12,287.03,2.64
19-03-2024 2:00,76.27,1.01,287.36,6.5
19-03-2024 3:00,86.9,0.96,286.9,6.1
19-03-2024 4:00,90.93,1.41,286.38,11.11
19-03-2024 5:00,70.69,1.12,286.11,7.22
19-03-2024 6:00,65.12,1.13,285.91,7.02
19-03-2024 7:00,66.75,0.66,285.43,4.4
19-03-2024 8:00,94.08,0.8,287.36,-291.25
19-03-2024 9:00,50.96,1.55,290.49,-91.95
19-03-2024 10:00,41.1,1.05,292.44,-53.28
19-03-2024 11:00,32.75,0.74,294.51,-46.79
19-03-2024 12:00,341.61,0.22,296.24,-49.96
19-03-2024 13:00,265.64,0.45,297.46,-64.58
19-03-2024 14:00,224.36,1.51,297.57,-98.41
19-03-2024 15:00,221.03,2.03,297.67,-133.72
19-03-2024 16:00,222.74,2.2,297.41,-155.61
19-03-2024 17:00,219.41,2.4,296.66,-290.11
19-03-2024 18:00,203.72,2.11,295.18,1360.68
19-03-2024 19:00,200.48,2.02,292.65,155.39
19-03-2024 20:00,196.56,1.9,290.99,157.41
19-03-2024 21:00,198.61,3.13,289.6,331.24
19-03-2024 22:00,202.8,2.32,288.59,206.68
19-03-2024 23:00,216.49,1.04,287.36,115.24
20-03-2024 0:00,231.16,0.76,286.36,125.92
20-03-2024 1:00,86.46,0.21,285.47,26.09
20-03-2024 2:00,345.36,0.48,285.24,7.89
20-03-2024 3:00,52.91,0.29,284.96,3.81
20-03-2024 4:00,254.91,0.26,284.07,1.56
20-03-2024 5:00,83.03,0.28,284.61,3.29
20-03-2024 6:00,81.57,0.68,284.76,5.6
20-03-2024 7:00,90.66,0.96,284.65,8.25
20-03-2024 8:00,94.47,0.72,284.68,-49.73
20-03-2024 9:00,50.29,0.69,284.91,-35.58
20-03-2024 10:00,37.46,0.22,286.73,-28.75
20-03-2024 11:00,152.34,0.07,289.13,-28.82
20-03-2024 12:00,300.71,0.28,291.3,-39.53
20-03-2024 13:00,250.03,1.2,292.78,-61.74
20-03-2024 14:00,217.31,2.33,292.93,-105.89
20-03-2024 15:00,208.56,2.33,292.75,-131.42
20-03-2024 16:00,214.98,2.58,292.46,-196.23
20-03-2024 17:00,215.55,2.66,291.76,-409.86
20-03-2024 18:00,212.14,2.5,290.98,1588.95
20-03-2024 19:00,213.65,2.32,290.36,567.47
20-03-2024 20:00,213.52,1.92,289.96,565.15
20-03-2024 21:00,208.47,2.18,289.88,680.76
20-03-2024 22:00,209.85,1.63,289.54,445.86
20-03-2024 23:00,203.78,1.56,289.26,444.96
21-03-2024 0:00,209.1,1.47,288.83,-4264.95
21-03-2024 1:00,206.64,1.48,288.49,-7551.34
21-03-2024 2:00,209.66,1.58,288.27,2026.46
21-03-2024 3:00,210.62,1.46,288,-2155.15
21-03-2024 4:00,219.85,1.12,287.82,-1016.37
21-03-2024 5:00,219.45,0.52,287.11,47.65
21-03-2024 6:00,220.55,0.38,286.09,30.16
21-03-2024 7:00,208.77,0.3,285.48,24.92
21-03-2024 8:00,193.48,0.32,287.01,-35.61
21-03-2024 9:00,217.88,0.93,289.78,-47.19
21-03-2024 10:00,227.54,1.29,291.87,-51.67
21-03-2024 11:00,221.18,1.57,293.71,-67.79
21-03-2024 12:00,217.73,1.89,295.18,-82.74
21-03-2024 13:00,217.45,2.01,296.18,-94.11
21-03-2024 14:00,208.51,2.18,296.51,-119.03
21-03-2024 15:00,207.56,2.34,296.41,-180.42
21-03-2024 16:00,202.8,2.31,296.18,-236.18
21-03-2024 17:00,201.42,2.22,296.02,-250.82
21-03-2024 18:00,198.12,1.5,295.14,410.15
21-03-2024 19:00,192.61,0.35,292.35,19.25
21-03-2024 20:00,170.31,0.8,292.36,5.53
21-03-2024 21:00,3.14,0.44,289.66,1.57
21-03-2024 22:00,213.83,0.65,290.96,4.5
21-03-2024 23:00,171.8,0.66,290.32,4.53
22-03-2024 0:00,167.43,1.1,290.46,6.45
22-03-2024 1:00,179.59,0.29,289.13,3.15
22-03-2024 2:00,322.96,0.09,287.92,2.16
22-03-2024 3:00,131.47,0.61,288.51,4.18
22-03-2024 4:00,135.82,0.55,288.64,3.74
22-03-2024 5:00,142.07,0.2,287.94,2.74
22-03-2024 6:00,312.58,0.05,287.29,2.25
22-03-2024 7:00,10.83,1.09,283.85,1
22-03-2024 8:00,350.93,0.21,289.06,1.69
22-03-2024 9:00,100.32,0.14,292.6,-40.69
22-03-2024 10:00,258.49,0.2,295.48,-46.04
22-03-2024 11:00,230.61,0.8,297.46,-59.02
22-03-2024 12:00,220.96,1.24,298.67,-88.28
22-03-2024 13:00,220.96,1.76,299.3,-104.56
22-03-2024 14:00,212.4,2.04,299.58,-121.73
22-03-2024 15:00,210.15,2.34,299.56,-176.69
22-03-2024 16:00,207.3,2.44,299.33,-281.45
22-03-2024 17:00,203.03,1.88,298.84,-692.56
22-03-2024 18:00,198.17,0.54,297.3,120.26
22-03-2024 19:00,177.15,0.33,294.49,19.37
22-03-2024 20:00,167.85,0.31,293.07,22.71
22-03-2024 21:00,202.56,0.97,293.35,60.98
22-03-2024 22:00,208.94,0.52,292.11,44.21
22-03-2024 23:00,197.99,1.28,291.47,79.35
23-03-2024 0:00,203.47,0.6,290.15,56.52
23-03-2024 1:00,199.49,0.43,288.95,57.98
23-03-2024 2:00,197.07,0.19,288.18,26.91
23-03-2024 3:00,197.58,0.2,287.68,24.99
23-03-2024 4:00,190.78,1.08,288.19,9.4
23-03-2024 5:00,194.41,0.87,287.88,6.46
23-03-2024 6:00,190.96,1.17,287.85,8.03
23-03-2024 7:00,164.59,0.32,286.73,3.41
23-03-2024 8:00,335.59,0.02,287.81,-34.16
23-03-2024 9:00,229.28,0.42,290.75,-41.2
23-03-2024 10:00,230.72,1.37,292.85,-61.36
23-03-2024 11:00,222.55,1.95,294.26,-75.38
23-03-2024 12:00,217.71,2.29,295.57,-98.25
23-03-2024 13:00,214.41,2.46,296.55,-110.09
23-03-2024 14:00,210.44,2.37,297.17,-119.46
23-03-2024 15:00,209.32,2.41,297.47,-134.74
23-03-2024 16:00,209.41,2.45,297.47,-177.64
23-03-2024 17:00,209.49,2.52,297.1,-377.75
23-03-2024 18:00,206.24,1.6,296.12,283.38
23-03-2024 19:00,210.37,0.23,293.42,29.76
23-03-2024 20:00,150.15,0.92,292.87,15.51
23-03-2024 21:00,176.83,0.58,291.67,35.27
23-03-2024 22:00,199.37,0.67,291.04,37.56
23-03-2024 23:00,208.42,1.07,290.64,51.59
24-03-2024 0:00,202.46,1.03,290.15,49.64
24-03-2024 1:00,203.14,0.29,288.91,23.76
24-03-2024 2:00,193.82,0.29,288.13,22.1
24-03-2024 3:00,183.83,0.54,287.89,5.55
24-03-2024 4:00,198.57,0.82,287.51,7.27
24-03-2024 5:00,205.04,0.53,286.65,31.57
24-03-2024 6:00,202.5,0.38,286.29,27.05
24-03-2024 7:00,193.38,0.34,285.95,25.31
24-03-2024 8:00,191.12,0.82,287.78,-67.67
24-03-2024 9:00,206.9,1.47,290.5,-67.16
24-03-2024 10:00,216.12,1.96,292.37,-73.46
24-03-2024 11:00,220.6,1.85,294.22,-65.69
24-03-2024 12:00,218.08,1.91,295.82,-78.49
24-03-2024 13:00,220.32,2.1,297.04,-93.71
24-03-2024 14:00,212.39,2.16,297.76,-103.54
24-03-2024 15:00,209.99,2.27,298.15,-125.78
24-03-2024 16:00,208.38,2.17,298.2,-155.84
24-03-2024 17:00,202.93,2.15,297.79,-334.91
24-03-2024 18:00,193.27,1.27,296.55,240.85
24-03-2024 19:00,195.13,0.54,293.89,37.87
24-03-2024 20:00,157.46,1.4,294,9.79
24-03-2024 21:00,189.6,0.77,292.85,48.79
24-03-2024 22:00,185.35,0.34,291.37,37.26
24-03-2024 23:00,197.63,0.35,290.68,31.75
25-03-2024 0:00,201.42,0.38,289.83,19.85
25-03-2024 1:00,192.07,0.31,289.26,28.58
25-03-2024 2:00,185.06,0.49,288.98,4.8
25-03-2024 3:00,204.64,0.56,288.26,5.23
25-03-2024 4:00,201.18,0.9,288.17,6.85
25-03-2024 5:00,45.75,0.14,286.77,1.96
25-03-2024 6:00,350.11,0.8,285.29,1
25-03-2024 7:00,302.04,0.53,285.05,1.3
25-03-2024 8:00,133.05,0.29,288.31,-47.92
25-03-2024 9:00,227.28,0.41,291.18,-42.99
25-03-2024 10:00,236.53,0.84,293.63,-50.32
25-03-2024 11:00,226.92,1.61,295.16,-66.54
25-03-2024 12:00,220.94,1.76,296.33,-81.55
25-03-2024 13:00,220.48,2.1,297.33,-99.42
25-03-2024 14:00,212.89,2.35,297.85,-119.28
25-03-2024 15:00,208.57,2.3,298.07,-146.52
25-03-2024 16:00,204.1,2.34,298.01,-201.58
25-03-2024 17:00,202.2,2.05,297.52,-722.85
25-03-2024 18:00,193.27,0.94,296.09,135.46
25-03-2024 19:00,191.59,0.24,293.25,29.05
25-03-2024 20:00,168.77,1.15,292.86,12.63
25-03-2024 21:00,201.37,2.11,292.37,112.3
25-03-2024 22:00,202.72,1.54,291.15,85.29
25-03-2024 23:00,199.56,0.91,289.88,59.66
26-03-2024 0:00,206.58,1.23,288.76,128.37
26-03-2024 1:00,195.26,0.16,287.53,33.59
26-03-2024 2:00,205.28,0.66,287.91,5.78
26-03-2024 3:00,126.63,0.23,287.43,3.06
26-03-2024 4:00,331.42,0.5,285.63,1.28
26-03-2024 5:00,243.5,0.01,286.3,2.34
26-03-2024 6:00,253.4,0.21,285.82,3.25
26-03-2024 7:00,195.53,0.25,285.74,-37.75
26-03-2024 8:00,192.83,0.08,286.13,-27.92
26-03-2024 9:00,222.79,0.54,290.38,-40.58
26-03-2024 10:00,221.76,1.43,292.79,-60.78
26-03-2024 11:00,218.48,1.99,294.34,-74.47
26-03-2024 12:00,215.93,2.31,295.49,-95.16
26-03-2024 13:00,212.89,2.55,296.32,-107.02
26-03-2024 14:00,208.34,2.63,296.82,-118.39
26-03-2024 15:00,212.24,3.13,296.65,-232.69
26-03-2024 16:00,212.34,2.49,296.92,-185.18
26-03-2024 17:00,215.18,2.17,296.58,-358.75
26-03-2024 18:00,213.36,0.74,295.54,134.11
26-03-2024 19:00,163.1,0.84,294.03,6.48
26-03-2024 20:00,136.52,0.76,292.15,18.5
26-03-2024 21:00,149.49,0.49,292.58,33.59
26-03-2024 22:00,158.75,1.55,293.56,10.8
26-03-2024 23:00,174.29,1.54,293.08,9.58
27-03-2024 0:00,165.63,1.09,292.46,6.15
27-03-2024 1:00,203.35,0.67,291.29,4.49
27-03-2024 2:00,194.47,1.33,290.24,10.37
27-03-2024 3:00,203.17,0.8,288.8,7.22
27-03-2024 4:00,202.28,1.22,288.57,10.96
27-03-2024 5:00,207.3,0.71,287.45,18.9
27-03-2024 6:00,204.9,0.55,286.9,19.25
27-03-2024 7:00,201.51,0.48,286.31,20.81
27-03-2024 8:00,205.87,0.51,287.5,-44.73
27-03-2024 9:00,219.8,1.21,290.61,-59.68
27-03-2024 10:00,220.77,1.97,292.66,-77.48
27-03-2024 11:00,221.75,2.02,294.27,-83.05
27-03-2024 12:00,220.52,2.11,295.63,-85.89
27-03-2024 13:00,216.72,2.3,296.56,-95.35
27-03-2024 14:00,207.76,2.26,297.26,-114.72
27-03-2024 15:00,208.36,2.02,297.69,-113.25
27-03-2024 16:00,209.12,2.25,297.75,-183.18
27-03-2024 17:00,204.8,2.17,297.33,-467.7
27-03-2024 18:00,202.57,1.14,296.11,176.4
27-03-2024 19:00,185.95,0.23,293.35,28.45
27-03-2024 20:00,144.79,1.04,292.84,14.24
27-03-2024 21:00,182.23,1.28,292.68,13.2
27-03-2024 22:00,215.44,0.92,291.21,49.75
27-03-2024 23:00,186.79,1.36,291.07,10.23
28-03-2024 0:00,204.23,1.4,290.61,11.73
28-03-2024 1:00,37.41,0.6,287.36,1
28-03-2024 2:00,195.9,0.22,288.07,3.01
28-03-2024 3:00,27.12,0.54,285.96,1.25
28-03-2024 4:00,332.98,0.6,285.52,1.34
28-03-2024 5:00,292.45,0.94,285.58,1
28-03-2024 6:00,342.33,1.06,284.1,1
28-03-2024 7:00,312.69,0.28,285.62,1.83
28-03-2024 8:00,149.36,0.65,289.21,6.77
28-03-2024 9:00,48.42,0.06,291.61,-39.29
28-03-2024 10:00,281.92,0.05,294.18,-39.12
28-03-2024 11:00,272.79,0.62,296.11,-46.11
28-03-2024 12:00,244.69,1.25,297.39,-72.43
28-03-2024 13:00,218.38,1.78,297.98,-89.98
28-03-2024 14:00,213.3,2.17,298.3,-127.98
28-03-2024 15:00,207.62,2.4,298.29,-159.35
28-03-2024 16:00,206.12,2.58,297.96,-214.92
28-03-2024 17:00,198.96,2.33,297.35,-464.75
28-03-2024 18:00,193.59,1.09,295.99,172.99
28-03-2024 19:00,174.26,0.11,293.13,30.54
28-03-2024 20:00,179.43,0.61,292.61,5.15
28-03-2024 21:00,191.21,0.75,292.14,51.68
28-03-2024 22:00,190.41,0.06,290.63,20
28-03-2024 23:00,196.15,0.63,290.02,7.71
29-03-2024 0:00,187.76,0.57,289.05,15.64
29-03-2024 1:00,192.39,1.04,288.9,11.56
29-03-2024 2:00,129.81,0.15,288.4,2.75
29-03-2024 3:00,108.13,0.05,287.7,2.47
29-03-2024 4:00,306.27,0.9,284.71,1
29-03-2024 5:00,2.15,0.15,286.7,2.04
29-03-2024 6:00,336.26,0.4,285.93,1.64
29-03-2024 7:00,26,0.68,284.56,1.21
29-03-2024 8:00,180.98,0.61,288.47,756.4
29-03-2024 9:00,215.75,0.96,291.4,-59.27
29-03-2024 10:00,225.46,1.48,293.57,-68.99
29-03-2024 11:00,226.54,1.83,295,-74.74
29-03-2024 12:00,221.9,1.93,296.24,-89.42
29-03-2024 13:00,221.78,2.28,297.15,-110.7
29-03-2024 14:00,217.08,2.51,297.76,-135.23
29-03-2024 15:00,213.45,2.34,298.08,-137.91
29-03-2024 16:00,212.47,2.28,298.04,-200.65
29-03-2024 17:00,208.31,1.93,297.57,-604.82
29-03-2024 18:00,206.03,0.54,295.91,84.27
29-03-2024 19:00,182.5,0.53,293.27,17.38
29-03-2024 20:00,156.74,1.4,293.42,10.92
29-03-2024 21:00,219.6,1.46,292.99,12.74
29-03-2024 22:00,140.69,0.75,289.82,1
29-03-2024 23:00,161.03,0.72,290.22,5.89
30-03-2024 0:00,173.87,1.57,291.27,9.64
30-03-2024 1:00,47.73,0.68,287.08,1.07
30-03-2024 2:00,197.93,1.38,288.97,11.89
30-03-2024 3:00,198.3,0.77,288.26,35.06
30-03-2024 4:00,201.74,0.48,287.51,20.93
30-03-2024 5:00,218.16,0.91,287.04,12
30-03-2024 6:00,205.6,0.41,286.01,21.46
30-03-2024 7:00,195.31,0.43,285.7,28.86
30-03-2024 8:00,198,0.93,287.2,-93.26
30-03-2024 9:00,209.7,1.62,289.62,-76.42
30-03-2024 10:00,214.68,2.29,291.8,-94.86
30-03-2024 11:00,216.04,2.36,293.44,-87.09
30-03-2024 12:00,217.5,2.68,294.66,-107.85
30-03-2024 13:00,219.11,3.06,295.52,-131.4
30-03-2024 14:00,214.68,3.25,296.17,-158.15
30-03-2024 15:00,209.22,3.27,296.31,-190.67
30-03-2024 16:00,210.6,3.33,296.07,-273.17
30-03-2024 17:00,210.31,2.72,295.48,-596.81
30-03-2024 18:00,211.59,1.91,294.05,267.82
30-03-2024 19:00,222.29,1.62,291.73,101.57
30-03-2024 20:00,217.03,1.44,290.23,90.68
30-03-2024 21:00,217.89,1.62,289.29,122.68
30-03-2024 22:00,208.42,0.99,288.12,85.07
30-03-2024 23:00,201.72,0.92,287.22,71.8
31-03-2024 0:00,204.36,0.72,286.19,69.51
31-03-2024 1:00,196.34,0.52,285.24,75.14
31-03-2024 2:00,193.02,0.46,284.49,54.58
31-03-2024 3:00,202.69,0.5,284.03,47.24
31-03-2024 4:00,197.49,0.43,283.66,40.13
31-03-2024 5:00,201.02,0.39,283.38,32.3
31-03-2024 6:00,197.99,0.39,283.18,34.04
31-03-2024 7:00,194.35,0.22,282.77,27.47
31-03-2024 8:00,196.09,0.6,284.15,-75
31-03-2024 9:00,213.07,1.46,287.06,-80.68
31-03-2024 10:00,220.99,1.9,289.6,-80.77
31-03-2024 11:00,221.54,2.24,291.19,-85.25
31-03-2024 12:00,220.33,2.63,292.47,-100.31
31-03-2024 13:00,219.57,2.73,293.41,-122.41
31-03-2024 14:00,216.12,2.91,293.98,-153.92
31-03-2024 15:00,209.95,3.11,294.07,-231.8
31-03-2024 16:00,206.33,2.82,293.53,-379.09
31-03-2024 17:00,208.69,2.28,292.65,1555.64
31-03-2024 18:00,212.35,1.34,290.91,90.87
31-03-2024 19:00,203.42,0.42,288.84,45.13
31-03-2024 20:00,39.81,0.05,287.4,21.89
31-03-2024 21:00,208.3,0.42,286.75,43.57
31-03-2024 22:00,208.76,0.22,286.04,33.59
31-03-2024 23:00,195.99,0.22,285.4,29.7
01-04-2024 0:00,203.12,0.18,285.04,29.9
01-04-2024 1:00,186.33,0.01,284.37,31.32
01-04-2024 2:00,194.27,0.44,284.13,42.77
01-04-2024 3:00,194.45,0.55,283.74,53.31
01-04-2024 4:00,196.25,0.6,283.39,53.12
01-04-2024 5:00,200.36,0.37,282.98,43.85
01-04-2024 6:00,194.27,0.3,282.65,38.96
01-04-2024 7:00,192.49,0.26,282.39,36.32
01-04-2024 8:00,195.86,0.68,282.65,103.89
01-04-2024 9:00,207.16,1.48,283.55,-166.23
01-04-2024 10:00,221.72,1.06,285.99,-48.43
01-04-2024 11:00,226.36,1.65,288.75,-58.32
01-04-2024 12:00,221.2,1.83,290.91,-71.39
01-04-2024 13:00,219.79,2.08,292.3,-83.56
01-04-2024 14:00,218.23,2.3,293.17,-98.9
01-04-2024 15:00,214.95,2.42,293.62,-119.64
01-04-2024 16:00,210.12,2.46,293.66,-161.92
01-04-2024 17:00,207.24,2.4,293.22,-334.23
01-04-2024 18:00,209.3,1.35,292.01,200.16
01-04-2024 19:00,204.96,0.49,289.71,40.8
01-04-2024 20:00,152.53,0.56,288.68,6.51
01-04-2024 21:00,200.86,0.06,288.28,32.28
01-04-2024 22:00,191.41,0.13,287.39,22
01-04-2024 23:00,195.67,0.69,287.26,15.92
02-04-2024 0:00,189.62,1.25,287.86,8.75
02-04-2024 1:00,169.6,0.55,287.3,4.05
02-04-2024 2:00,92.94,0.37,286.36,3.52
02-04-2024 3:00,55.66,0.26,285.66,3.11
02-04-2024 4:00,80.33,0.62,285.82,4.52
02-04-2024 5:00,93.86,0.24,285.4,2.9
02-04-2024 6:00,270.85,0.32,284.13,1.69
02-04-2024 7:00,288.46,0.96,282.91,1
02-04-2024 8:00,35.09,0.78,283.8,1
02-04-2024 9:00,189.05,0.05,286.49,-60.17
02-04-2024 10:00,305.05,0.3,288.03,-42.13
02-04-2024 11:00,296.06,0.35,289.55,-41.35
02-04-2024 12:00,255.9,0.39,290.94,-44.64
02-04-2024 13:00,222.21,0.57,292.19,-52.58
02-04-2024 14:00,215.69,1.22,292.54,-89.83
02-04-2024 15:00,211.02,1.43,292.19,-124.33
02-04-2024 16:00,210.88,1.28,292.14,-123.63
02-04-2024 17:00,226.12,0.94,291.76,-310.45
02-04-2024 18:00,48.09,0.25,290.06,43.39
02-04-2024 19:00,169.74,0.84,288.56,10.02
02-04-2024 20:00,171.27,0.55,288.15,4.26
02-04-2024 21:00,357.12,0.79,287.82,1
02-04-2024 22:00,2.93,1.01,285.15,1
02-04-2024 23:00,44.92,0.13,285.45,2
03-04-2024 0:00,234.53,0.86,285.57,7.67
03-04-2024 1:00,165.96,0.72,284.71,17.99
03-04-2024 2:00,130.36,1.04,285,9.17
03-04-2024 3:00,122.01,1.08,284.59,11.05
03-04-2024 4:00,102.8,0.28,283.95,3.45
03-04-2024 5:00,124.01,0.13,284.14,2.96
03-04-2024 6:00,164.05,0.75,284.82,108.08
03-04-2024 7:00,177.19,0.19,285.57,3.72
03-04-2024 8:00,260.1,0.41,285.57,-61.55
03-04-2024 9:00,229.93,0.71,286.11,-50.3
03-04-2024 10:00,223.2,1.02,286.92,-54.75
03-04-2024 11:00,214.97,1.29,287.93,-57.29
03-04-2024 12:00,217.28,1.48,289.42,-59.19
03-04-2024 13:00,211.6,1.63,290.57,-71.52
03-04-2024 14:00,210.93,1.74,291.29,-80.3
03-04-2024 15:00,214.48,1.95,291.63,-111.14
03-04-2024 16:00,205.27,1.73,291.61,-145.55
03-04-2024 17:00,212.51,1.51,291.3,-1650.62
03-04-2024 18:00,197.03,0.75,290.38,9.48
03-04-2024 19:00,145.3,0.3,289.18,3.46
03-04-2024 20:00,135.92,1.21,289.3,8.66
03-04-2024 21:00,199.98,1.91,289.1,171.78
03-04-2024 22:00,204.9,1.06,288.22,73.51
03-04-2024 23:00,195.97,1.94,287.79,137.17
04-04-2024 0:00,192.61,1.75,287.21,116.88
04-04-2024 1:00,201.54,1.78,286.42,142.61
04-04-2024 2:00,210.1,1.99,285.82,166.8
04-04-2024 3:00,210.87,1.81,285.28,150.77
04-04-2024 4:00,210.65,0.83,284.36,84.02
04-04-2024 5:00,203.87,0.69,283.68,89.67
04-04-2024 6:00,192.25,0.35,283.12,36.44
04-04-2024 7:00,180.81,0.45,282.95,30.06
04-04-2024 8:00,195.97,1.08,284.41,-105.89
04-04-2024 9:00,212.72,1.44,286.53,-59.67
04-04-2024 10:00,217.77,1.69,288.51,-57.84
04-04-2024 11:00,217.43,2.06,290.33,-65.1
04-04-2024 12:00,215.48,2.46,291.65,-85.52
04-04-2024 13:00,211.69,2.5,292.77,-90.68
04-04-2024 14:00,209.02,2.61,293.59,-101.77
04-04-2024 15:00,211.34,2.81,294,-130.74
04-04-2024 16:00,213.37,2.71,294.08,-161.58
04-04-2024 17:00,205.78,2.71,293.52,-366.78
04-04-2024 18:00,206.47,1.83,292.24,197.56
04-04-2024 19:00,206.59,1.34,290.2,73.45
04-04-2024 20:00,217.66,1.16,288.86,69.97
04-04-2024 21:00,208.42,0.85,287.81,50.03
04-04-2024 22:00,194.59,0.49,286.81,33.67
04-04-2024 23:00,208.04,0.42,286.16,29.71
05-04-2024 0:00,205.39,1.11,286.37,11.62
05-04-2024 1:00,205.1,1,285.48,13.68
05-04-2024 2:00,203.79,1.21,285.54,11.65
05-04-2024 3:00,200.6,1.14,285.61,7.67
05-04-2024 4:00,195.03,1.22,285.43,7.87
05-04-2024 5:00,191.74,0.7,285.06,4.57
05-04-2024 6:00,196.84,0.93,285.14,5.4
05-04-2024 7:00,192.68,0.43,284.52,3.42
05-04-2024 8:00,188.25,0.77,286.11,7.92
05-04-2024 9:00,225.19,0.5,288.55,-44.31
05-04-2024 10:00,234.06,0.6,291.35,-42.78
05-04-2024 11:00,232.23,0.93,293.33,-48.16
05-04-2024 12:00,222.58,1.44,294.62,-68.39
05-04-2024 13:00,222.83,1.9,295.43,-85.64
05-04-2024 14:00,219.86,2.18,295.91,-102.36
05-04-2024 15:00,214.78,2.06,296.06,-109.63
05-04-2024 16:00,212.59,2.27,295.79,-160.36
05-04-2024 17:00,205.52,2.17,295.14,-489.34
05-04-2024 18:00,208.33,1.75,293.6,153.23
05-04-2024 19:00,198.23,0.69,291.14,44.6
05-04-2024 20:00,189.14,1.01,290.24,11.68
05-04-2024 21:00,212.43,0.93,290,63.03
05-04-2024 22:00,191.55,0.57,288.87,17.33
05-04-2024 23:00,215.96,0.13,287.77,27.4
06-04-2024 0:00,289.52,0.02,287.23,2.35
06-04-2024 1:00,114.63,0.14,286.3,1.94
06-04-2024 2:00,19.27,0.95,286.1,11.05
06-04-2024 3:00,75.81,0.67,285.76,5.63
06-04-2024 4:00,71.49,0.46,285.04,4.39
06-04-2024 5:00,84.69,0.83,284.82,6.92
06-04-2024 6:00,287.54,0.34,283.25,1.5
06-04-2024 7:00,178.45,0.5,284.17,-44.45
06-04-2024 8:00,190.71,0.14,284.06,-28.82
06-04-2024 9:00,57.57,0.08,286.8,-29.47
06-04-2024 10:00,236.06,0.92,289,-42.31
06-04-2024 11:00,223.61,1.53,290.67,-54.18
06-04-2024 12:00,219.82,1.91,292,-72.01
06-04-2024 13:00,220.18,2.2,293.06,-84.11
06-04-2024 14:00,213.16,2.63,293.69,-119.77
06-04-2024 15:00,210.86,2.88,293.94,-154.06
06-04-2024 16:00,209.12,2.87,293.83,-210.89
06-04-2024 17:00,210.49,2.72,293.27,-400.46
06-04-2024 18:00,212.17,2.14,292.1,211.15
06-04-2024 19:00,210.12,0.77,289.92,44.72
06-04-2024 20:00,199.5,0.84,288.82,16.49
06-04-2024 21:00,205.94,0.45,287.65,31.82
06-04-2024 22:00,186.03,0.85,287.22,43.67
06-04-2024 23:00,201.93,0.47,286.25,30.61
07-04-2024 0:00,208.47,0.51,285.6,32.99
07-04-2024 1:00,207.41,0.89,285.15,13.22
07-04-2024 2:00,200.28,1.27,285.29,10.15
07-04-2024 3:00,195.09,1.22,284.96,8.82
07-04-2024 4:00,184.06,1.2,284.83,7.78
07-04-2024 5:00,185.8,1.1,284.82,6.48
07-04-2024 6:00,193.89,1.38,285.05,7.67
07-04-2024 7:00,194.26,0.4,283.9,3.3
07-04-2024 8:00,171.77,0.99,285.39,10.39
07-04-2024 9:00,225.08,0.45,288.03,-46.45
07-04-2024 10:00,238.85,0.56,290.63,-43.17
07-04-2024 11:00,233.34,0.93,292.47,-49.72
07-04-2024 12:00,228.03,1.47,293.9,-63.31
07-04-2024 13:00,223.65,1.76,294.82,-83.54
07-04-2024 14:00,215.65,1.87,295.47,-94.67
07-04-2024 15:00,220.79,1.9,295.79,-123.08
07-04-2024 16:00,214.51,2.1,295.58,-196.33
07-04-2024 17:00,210.95,1.9,294.74,-583.58
07-04-2024 18:00,209.67,0.97,292.81,69.95
07-04-2024 19:00,198.64,0.49,290.3,18.96
07-04-2024 20:00,177.63,0.9,289.92,6.47
07-04-2024 21:00,193.07,0.5,289.29,15.85
07-04-2024 22:00,182.13,0.99,288.87,8.85
07-04-2024 23:00,204.33,1.31,288.6,9.37
08-04-2024 0:00,209.28,1.21,287.7,9.49
08-04-2024 1:00,194.21,0.89,287.03,6.07
08-04-2024 2:00,200.45,0.81,286.33,5.59
08-04-2024 3:00,315.41,0.13,284.58,1.99
08-04-2024 4:00,103.37,0.1,284.5,2.55
08-04-2024 5:00,116.12,0.18,284.22,2.77
08-04-2024 6:00,305.61,0.08,283.52,2.1
08-04-2024 7:00,14.21,0.46,282.29,1.47
08-04-2024 8:00,182.39,0.11,285.11,2.76
08-04-2024 9:00,229.66,0.5,288.06,-47.58
08-04-2024 10:00,233.49,0.82,290.33,-48.58
08-04-2024 11:00,224.78,1.59,291.92,-63.5
08-04-2024 12:00,221.31,2.14,293.04,-93.3
08-04-2024 13:00,218.34,2.59,293.76,-116.21
08-04-2024 14:00,210.63,2.61,294.26,-133.64
08-04-2024 15:00,209.04,2.75,294.45,-164.83
08-04-2024 16:00,212.13,2.93,294.33,-284.05
08-04-2024 17:00,209.08,2.47,293.86,-764.78
08-04-2024 18:00,208.31,1.19,292.3,85.32
08-04-2024 19:00,179.06,0.51,289.87,18.15
08-04-2024 20:00,151.44,1.48,290.46,10.04
08-04-2024 21:00,173.33,0.76,288.25,20.06
08-04-2024 22:00,179.65,0.66,288.09,33.09
08-04-2024 23:00,207.18,0.67,287.83,33.54
09-04-2024 0:00,186.84,1.19,287.43,9.05
09-04-2024 1:00,185.54,0.25,286.19,3.15
09-04-2024 2:00,195.58,0.81,285.41,1
09-04-2024 3:00,171.94,0.16,284.72,2.75
09-04-2024 4:00,186.66,1.27,285.34,8.48
09-04-2024 5:00,192.9,1.18,285.04,7.78
09-04-2024 6:00,188.85,0.9,284.8,5.62
09-04-2024 7:00,181.72,0.9,284.73,5.4
09-04-2024 8:00,179.68,0.27,285.1,30.53
09-04-2024 9:00,219.02,1.13,288.02,-66.84
09-04-2024 10:00,225.8,1.28,290.28,-57.44
09-04-2024 11:00,221.98,1.79,291.88,-66.8
09-04-2024 12:00,220.23,1.99,293.24,-83.43
09-04-2024 13:00,219.8,2.12,294.28,-93.32
09-04-2024 14:00,216.54,2.31,294.92,-109.44
09-04-2024 15:00,213.2,2.33,295.17,-130.41
09-04-2024 16:00,211.79,2.22,295.05,-171.31
09-04-2024 17:00,208.23,2.15,294.37,-540.36
09-04-2024 18:00,209.36,0.75,292.53,64.45
09-04-2024 19:00,198.71,0.36,290.13,31.45
09-04-2024 20:00,223.89,0.74,289.39,6.99
09-04-2024 21:00,205.53,0.37,288.9,39.84
09-04-2024 22:00,193.25,0.08,287.6,29.03
09-04-2024 23:00,205.06,0.04,286.61,24.58
10-04-2024 0:00,205.82,0.41,286.07,19.18
10-04-2024 1:00,203.49,1.12,286.34,12.23
10-04-2024 2:00,205.88,1.24,286.63,8.41
10-04-2024 3:00,195.66,0.82,285.98,5.47
10-04-2024 4:00,136.71,0.26,284.68,3.15
10-04-2024 5:00,100.88,0.33,284.21,3.68
10-04-2024 6:00,326.59,0.91,281.54,1
10-04-2024 7:00,321.7,0.3,283.06,1.74
10-04-2024 8:00,98.13,0.37,285.34,4.68
10-04-2024 9:00,182.41,0.2,287.6,-28.39
10-04-2024 10:00,268.37,0.15,291.07,-37.08
10-04-2024 11:00,248.33,0.71,293.18,-45.39
10-04-2024 12:00,221.19,1.43,294.31,-72.66
10-04-2024 13:00,217.42,1.83,294.89,-100.07
10-04-2024 14:00,216.36,2.13,295.04,-120.04
10-04-2024 15:00,210.72,2.47,294.87,-155.73
10-04-2024 16:00,206.33,2.4,294.64,-202.36
10-04-2024 17:00,202.99,2.15,293.97,-458.13
10-04-2024 18:00,203.26,0.94,292.25,80.37
10-04-2024 19:00,180.8,0.11,289.77,24.33
10-04-2024 20:00,144.85,0.61,289.97,4.43
10-04-2024 21:00,206.76,0.87,288.85,6.65
10-04-2024 22:00,235.64,0.23,287.64,3
10-04-2024 23:00,220.89,0.48,286.5,5.22
11-04-2024 0:00,98.84,0.09,285.53,2.64
11-04-2024 1:00,156.21,0.18,285.02,2.97
11-04-2024 2:00,169.81,0.41,284.66,4.21
11-04-2024 3:00,93.53,0.14,283.83,2.84
11-04-2024 4:00,310.09,0,283.18,2.25
11-04-2024 5:00,283.82,0.31,282.28,1.37
11-04-2024 6:00,281.6,0.39,281.74,1.24
11-04-2024 7:00,276.1,0.28,281.65,1.48
11-04-2024 8:00,109.53,0.07,282.37,2.5
11-04-2024 9:00,349.2,0.16,283.53,-30.42
11-04-2024 10:00,111.74,0.17,286.01,-28.22
11-04-2024 11:00,262.88,0.36,288.96,-33.83
11-04-2024 12:00,248.75,0.99,291.1,-52.34
11-04-2024 13:00,226.03,1.44,292.08,-79.64
11-04-2024 14:00,219.02,1.87,292.26,-102.3
11-04-2024 15:00,212.81,2.32,292.03,-154.66
11-04-2024 16:00,209.88,2.43,291.55,-254.79
11-04-2024 17:00,205.41,2.06,290.5,1423.72
11-04-2024 18:00,204.29,1.38,288.78,87.11
11-04-2024 19:00,203,0.88,287.35,54.95
11-04-2024 20:00,204.73,0.34,286.13,30.56
11-04-2024 21:00,196.43,2.36,286.78,233
11-04-2024 22:00,197.75,1.9,285.79,181.19
11-04-2024 23:00,203.94,1.87,284.92,198.41
12-04-2024 0:00,208.75,1.59,284.22,159.48
12-04-2024 1:00,216.19,1.28,283.67,131.41
12-04-2024 2:00,216.01,1.2,283.5,-340.23
12-04-2024 3:00,218.66,0.74,283.58,-108.08
12-04-2024 4:00,234.1,0.39,283.79,-64.49
12-04-2024 5:00,243.88,0.58,283.85,-76.08
12-04-2024 6:00,233.07,0.69,283.86,-82.43
12-04-2024 7:00,219.37,0.74,284.02,-94.16
12-04-2024 8:00,201.31,0.79,284.24,-96.69
12-04-2024 9:00,218.85,0.6,284.56,-128.65
12-04-2024 10:00,230.49,0.76,285.16,-123.94
12-04-2024 11:00,220.27,0.35,285.84,-109.82
12-04-2024 12:00,215.43,0.27,286.73,-101.9
12-04-2024 13:00,221.03,0.18,287.17,-94.41
12-04-2024 14:00,21.42,0.05,287.64,-92.32
12-04-2024 15:00,208.04,0.03,288.13,-97.87
12-04-2024 16:00,207.98,0.9,288.28,-86.27
12-04-2024 17:00,203.81,1.03,287.74,-267.13
12-04-2024 18:00,62.02,0.15,287.08,68.33
12-04-2024 19:00,299.09,0.22,286.65,13.19
12-04-2024 20:00,291.31,0.39,286.52,5.11
12-04-2024 21:00,159.46,0.53,286.04,7.33
12-04-2024 22:00,150.75,0.16,285.45,2.86
12-04-2024 23:00,195.65,1.14,285.29,9.59
13-04-2024 0:00,214.35,0.74,284.31,7.07
13-04-2024 1:00,67.96,0.09,282.96,1.77
13-04-2024 2:00,256.02,0.65,282.73,13.87
13-04-2024 3:00,57.33,0.38,281.88,1
13-04-2024 4:00,57,0.88,282.6,8.79
13-04-2024 5:00,69.68,1.15,282.82,10.36
13-04-2024 6:00,35.61,1.08,282.87,8.94
13-04-2024 7:00,24.52,0.96,282.58,-120.73
13-04-2024 8:00,67.34,0.41,283.18,-37.01
13-04-2024 9:00,41.41,0.82,283.7,-45.06
13-04-2024 10:00,38.97,0.41,284.72,-32.62
13-04-2024 11:00,184.15,0.15,286.31,-28.13
13-04-2024 12:00,64.94,0.06,287.95,-30.27
13-04-2024 13:00,235.29,0.95,289.22,-57.11
13-04-2024 14:00,214.09,1.36,289.52,-69.44
13-04-2024 15:00,206.63,1.8,289.63,-93.28
13-04-2024 16:00,197.09,2.15,289.64,-139.11
13-04-2024 17:00,189.65,2.07,289.3,-262.28
13-04-2024 18:00,184.2,1.34,288.37,144.14
13-04-2024 19:00,145.22,0.25,286.84,29.44
13-04-2024 20:00,140.7,0.73,286.43,13.74
13-04-2024 21:00,198.65,2.35,286.93,249.39
13-04-2024 22:00,181.76,1.48,286.22,111.72
13-04-2024 23:00,194.42,1.21,285.57,84.38
14-04-2024 0:00,195.57,1.41,285.13,91.58
14-04-2024 1:00,194.84,0.62,284.38,45.31
14-04-2024 2:00,205.13,0.59,283.92,7.64
14-04-2024 3:00,188.02,0.89,283.89,8.49
14-04-2024 4:00,208.85,0.35,283.38,3.73
14-04-2024 5:00,350.06,0.32,282.22,1.49
14-04-2024 6:00,116.09,0.52,283.15,4.34
14-04-2024 7:00,110.38,0.41,282.94,3.73
14-04-2024 8:00,109.12,0.1,283.72,25.11
14-04-2024 9:00,46.3,0.08,286.14,-28.45
14-04-2024 10:00,261.73,0.36,288.33,-32.75
14-04-2024 11:00,244.61,1.23,289.89,-51.55
14-04-2024 12:00,218.51,1.91,290.89,-76.01
14-04-2024 13:00,216.51,2.09,291.62,-83.15
14-04-2024 14:00,212.19,2.34,292.07,-107.54
14-04-2024 15:00,212.06,2.74,292.07,-142.03
14-04-2024 16:00,213.31,2.94,291.82,-215.54
14-04-2024 17:00,197.62,2.71,291.34,-643.52
14-04-2024 18:00,187.54,1.67,290.01,128.88
14-04-2024 19:00,196.77,1.03,288.52,57.79
14-04-2024 20:00,123.55,0.79,287.52,10.78
14-04-2024 21:00,21.63,0.85,286.6,40.95
14-04-2024 22:00,20.47,0.68,285.69,67.7
14-04-2024 23:00,73.63,1.08,285.01,111.27
15-04-2024 0:00,80.34,1.45,284.7,122.81
15-04-2024 1:00,73.99,1.12,284.34,82.09
15-04-2024 2:00,13.75,0.62,285.14,-77.19
15-04-2024 3:00,1.93,0.98,284.58,-74.12
15-04-2024 4:00,11.57,1.15,284.5,-111.76
15-04-2024 5:00,36.81,1.06,284.34,-105.12
15-04-2024 6:00,40.07,0.6,283.83,101.24
15-04-2024 7:00,55.06,0.63,283.45,12.68
15-04-2024 8:00,47.38,0.65,283.28,12.5
15-04-2024 9:00,35.93,0.54,284.5,-40.97
15-04-2024 10:00,32.45,0.02,286.97,-28.07
15-04-2024 11:00,285.14,0.14,288.93,-35.51
15-04-2024 12:00,261.58,0.83,289.98,-59.88
15-04-2024 13:00,238.31,0.94,290.67,-64.75
15-04-2024 14:00,216.95,2.38,290.62,-134.98
15-04-2024 15:00,222.44,1.91,290.44,-129.55
15-04-2024 16:00,214.56,1.55,290.3,-115
15-04-2024 17:00,201.62,1.33,290.16,-135.42
15-04-2024 18:00,177.41,0.05,288.75,34.25
15-04-2024 19:00,172.14,0.92,288.11,8.07
15-04-2024 20:00,152.24,1.26,287.4,11.83
15-04-2024 21:00,200.96,1.68,286.5,146.91
15-04-2024 22:00,199.37,0.8,285.71,12.66
15-04-2024 23:00,216.57,0.52,284.97,30.89
16-04-2024 0:00,206.83,1.1,284.84,59.18
16-04-2024 1:00,201.06,0.51,283.88,34.25
16-04-2024 2:00,218.74,0.81,283.5,10
16-04-2024 3:00,207.38,0.41,282.75,24.83
16-04-2024 4:00,188.69,0.78,282.57,17.55
16-04-2024 5:00,6.48,0.24,281.75,1.69
16-04-2024 6:00,94.33,0.35,282.23,-95.81
16-04-2024 7:00,83.92,0.35,282.56,-38.21
16-04-2024 8:00,69.52,0.24,282.78,-30.76
16-04-2024 9:00,50.23,0.08,284.12,-24.8
16-04-2024 10:00,271.55,0.61,286.71,-32.62
16-04-2024 11:00,271.46,0.89,289,-52.17
16-04-2024 12:00,241.96,1.33,290.35,-78.76
16-04-2024 13:00,219.26,1.9,291.24,-89.57
16-04-2024 14:00,216.11,2.2,291.64,-94.51
16-04-2024 15:00,215.52,2.22,291.82,-109.34
16-04-2024 16:00,207.78,2.39,291.59,-143.31
16-04-2024 17:00,205.08,2.31,291.01,-434.47
16-04-2024 18:00,201.79,0.88,289.14,53.56
16-04-2024 19:00,204.83,0.39,287.14,26.64
16-04-2024 20:00,198.63,1.33,287.49,10.42
16-04-2024 21:00,216.88,1.48,287.07,11.97
16-04-2024 22:00,336.08,0.24,284.49,1.77
16-04-2024 23:00,185.52,1.22,285.96,7.14
17-04-2024 0:00,173.43,1.46,285.89,8.46
17-04-2024 1:00,180.46,0.91,285.09,5.29
17-04-2024 2:00,181.48,0.58,284.37,3.87
17-04-2024 3:00,192.87,1.59,284.61,9.3
17-04-2024 4:00,200.75,1.61,284.09,11.15
17-04-2024 5:00,205.18,1.45,283.96,8.19
17-04-2024 6:00,206.71,0.79,283.2,4.64
17-04-2024 7:00,188.06,0.09,281.81,2.44
17-04-2024 8:00,186.77,0.73,283.81,4.92
17-04-2024 9:00,148.68,0.18,285.9,-33.43
17-04-2024 10:00,223.13,0.66,289.28,-44.54
17-04-2024 11:00,210.38,1.46,291.36,-65.23
17-04-2024 12:00,214.09,1.71,292.59,-70.27
17-04-2024 13:00,217.36,1.75,293.74,-71.83
17-04-2024 14:00,219.55,1.68,294.52,-77.55
17-04-2024 15:00,222.15,1.63,294.82,-94.05
17-04-2024 16:00,216.75,1.6,294.61,-135.47
17-04-2024 17:00,211.87,1.21,293.68,-1054.92
17-04-2024 18:00,202.27,1.01,291.77,8.47
17-04-2024 19:00,184.89,0.93,290.38,5.49
17-04-2024 20:00,174.29,0.18,288.77,2.73
17-04-2024 21:00,191.75,0.87,289.73,5.33
17-04-2024 22:00,185.96,0.08,288.32,2.51
17-04-2024 23:00,340.83,0.36,286.43,1.78
18-04-2024 0:00,335.36,1.28,281.96,1
18-04-2024 1:00,161.21,0.42,287.7,3.15
18-04-2024 2:00,167.99,0.92,288.48,4.4
18-04-2024 3:00,344.95,0.19,285.84,2.07
18-04-2024 4:00,354.6,1.35,279.93,1
18-04-2024 5:00,342.67,0.57,283.64,1.63
18-04-2024 6:00,348.17,1.38,283.62,1
18-04-2024 7:00,138.46,0.16,285.43,2.56
18-04-2024 8:00,123.79,1.23,287.8,5.48
18-04-2024 9:00,106.26,0.31,289.02,15.98
18-04-2024 10:00,152.74,0.19,291.02,-44.01
18-04-2024 11:00,240.75,0.35,294.6,-56.71
18-04-2024 12:00,244.75,0.71,296.45,-65.6
18-04-2024 13:00,226.72,1.39,297.09,-115.41
18-04-2024 14:00,222.26,1.76,296.73,-131.23
18-04-2024 15:00,219.45,1.96,296.24,-135.2
18-04-2024 16:00,210.44,1.67,295.3,-373.87
18-04-2024 17:00,33.11,0.49,293.19,41.96
18-04-2024 18:00,185.32,0.92,291.68,6.47
18-04-2024 19:00,175.99,0.61,290.19,4.2
18-04-2024 20:00,308.68,0.7,286.26,1.29
18-04-2024 21:00,88.94,0.05,287.56,2.45
18-04-2024 22:00,233.89,0.38,285.62,1.63
18-04-2024 23:00,127.95,0.74,286.48,86.06
19-04-2024 0:00,346.42,0.76,284.23,1
19-04-2024 1:00,214.54,0.45,285.66,4.31
19-04-2024 2:00,189.97,0.64,285.46,4.38
19-04-2024 3:00,183.92,0.71,285.03,4.61
19-04-2024 4:00,186.5,0.51,284.18,3.86
19-04-2024 5:00,108.24,0.41,282.74,4.05
19-04-2024 6:00,138.55,0.62,283.07,6.27
19-04-2024 7:00,148.95,0.93,282.78,-69.37
19-04-2024 8:00,148.81,0.32,282.82,-35.65
19-04-2024 9:00,140.22,0.05,283.2,-28.01
19-04-2024 10:00,39.25,0.23,284.47,-24.1
19-04-2024 11:00,234.96,0.42,287.59,-34.15
19-04-2024 12:00,225.24,1.17,289.22,-50.71
19-04-2024 13:00,224.13,1.34,290.21,-57.35
19-04-2024 14:00,218.02,1.53,290.51,-78.91
19-04-2024 15:00,214.61,1.58,290.21,-99.52
19-04-2024 16:00,220.81,1.41,289.74,-175.72
19-04-2024 17:00,217.69,0.82,288.59,83.87
19-04-2024 18:00,212.44,0.47,286.56,27.9
19-04-2024 19:00,206.49,0.54,285.66,22.4
19-04-2024 20:00,206.5,1.01,285.37,14.93
19-04-2024 21:00,198.54,0.7,285.92,-46.83
19-04-2024 22:00,193.75,0.49,285.28,37.71
19-04-2024 23:00,197.45,0.86,284.84,14.33
20-04-2024 0:00,200.04,1.15,284.75,12.36
20-04-2024 1:00,201.09,1.01,284.56,7.6
20-04-2024 2:00,201.74,0.96,284.13,7.05
20-04-2024 3:00,199.83,0.8,283.51,5.94
20-04-2024 4:00,185.3,0.2,282.56,2.92
20-04-2024 5:00,155.56,0.06,281.92,2.42
20-04-2024 6:00,113.67,0.3,282.3,48.92
20-04-2024 7:00,129.55,0.47,282.65,-43.56
20-04-2024 8:00,140.37,0.41,282.6,-33.81
20-04-2024 9:00,131.44,0.35,283.39,-37.4
20-04-2024 10:00,130.95,0.1,284.8,-25.61
20-04-2024 11:00,238.09,0.59,287.28,-39.23
20-04-2024 12:00,227.63,1.07,288.84,-49.97
20-04-2024 13:00,226.13,1.25,289.83,-55.68
20-04-2024 14:00,220.01,1.32,290.29,-61.82
20-04-2024 15:00,216.09,1.32,290.19,-86.45
20-04-2024 16:00,221.83,1.22,289.87,-107.83
20-04-2024 17:00,210.04,0.59,288.88,142.26
20-04-2024 18:00,210.44,0.94,287.65,8.35
20-04-2024 19:00,200.57,0.8,286.61,6.23
20-04-2024 20:00,172.04,0.48,286.07,3.9
20-04-2024 21:00,137.38,0.2,285.28,2.85
20-04-2024 22:00,110.55,0.37,285.19,3.35
20-04-2024 23:00,85.64,0.18,284.58,2.75
21-04-2024 0:00,63.74,0.19,284.31,2.78
21-04-2024 1:00,59.9,0.43,284.55,4.11
21-04-2024 2:00,89.54,0.71,284.66,-100.16
21-04-2024 3:00,79.37,0.92,284.99,-482.99
21-04-2024 4:00,78.97,0.76,285.46,14.57
21-04-2024 5:00,70.6,0.55,285.33,16.51
21-04-2024 6:00,64.62,0.77,285.88,8.48
21-04-2024 7:00,140.15,0.12,285.25,1.78
21-04-2024 8:00,242.98,0.46,285.1,-80.12
21-04-2024 9:00,116.01,0.04,285.47,-26.15
21-04-2024 10:00,288.82,0.15,286.05,-26.94
21-04-2024 11:00,299.62,0.26,288.27,-33.49
21-04-2024 12:00,295.71,0.56,289.98,-43.95
21-04-2024 13:00,258.47,1.07,290.91,-51.23
21-04-2024 14:00,220.33,2.27,291.18,-91.8
21-04-2024 15:00,215.79,2.93,291.12,-131.74
21-04-2024 16:00,221.52,3.76,289.96,-225.29
21-04-2024 17:00,197.65,2.38,289.07,-281.45
21-04-2024 18:00,184.88,2.11,288.5,-1003.81
21-04-2024 19:00,184.68,2.41,287.95,-1392.11
21-04-2024 20:00,187.14,0.89,287.87,-937.52
21-04-2024 21:00,223.61,0.04,287.91,-45.63
21-04-2024 22:00,28.14,1.63,287.61,-235.35
21-04-2024 23:00,26.92,2.22,286.77,3425.49
22-04-2024 0:00,21.57,1.81,286.23,147.53
22-04-2024 1:00,27.92,1.65,285.83,109.61
22-04-2024 2:00,63.18,0.39,284.81,24.37
22-04-2024 3:00,67.5,0.66,284.71,20.49
22-04-2024 4:00,77.66,0.85,284.54,16.69
22-04-2024 5:00,73.95,1.14,284.51,13.51
22-04-2024 6:00,60.04,1.28,284.54,11.22
22-04-2024 7:00,47.38,1.29,284.3,13.47
22-04-2024 8:00,53.92,1.3,284.81,125.24
22-04-2024 9:00,42.13,1.39,286.61,-64.66
22-04-2024 10:00,27.51,0.78,288.14,-42.89
22-04-2024 11:00,302.18,0.28,289.62,-42.63
22-04-2024 12:00,267.09,1.15,290.39,-61.64
22-04-2024 13:00,226.24,2.44,290.74,-107.02
22-04-2024 14:00,209.52,3.04,290.26,-361.51
22-04-2024 15:00,211.93,2.61,291.04,-138.28
22-04-2024 16:00,210.11,3.16,290.62,-223.55
22-04-2024 17:00,220.84,2.82,290.02,-396.96
22-04-2024 18:00,225.11,3.33,287.73,1894.38
22-04-2024 19:00,216.17,3.2,286.69,973.27
22-04-2024 20:00,215.35,2.79,286.02,536.19
22-04-2024 21:00,220.08,2.61,285.63,333.29
22-04-2024 22:00,216.1,2.1,285.29,206.41
22-04-2024 23:00,217.73,1.81,285.11,-476.99
23-04-2024 0:00,214.9,1.84,284.98,-193.29
23-04-2024 1:00,207.2,1.99,284.52,-293.26
23-04-2024 2:00,207.45,1.22,283.69,115.2
23-04-2024 3:00,216.32,1.22,283.02,230.55
23-04-2024 4:00,204.09,1.26,282.77,139.44
23-04-2024 5:00,204.68,1.2,282.3,97.85
23-04-2024 6:00,181.7,0.93,281.89,55.78
23-04-2024 7:00,177.6,0.5,281.45,27.6
23-04-2024 8:00,151.41,0.43,281.62,-33.9
23-04-2024 9:00,204.59,0.21,283.28,-27.1
23-04-2024 10:00,225.34,1.04,286.08,-40.22
23-04-2024 11:00,221.37,1.64,287.46,-50.53
23-04-2024 12:00,217.56,1.93,288.76,-57.23
23-04-2024 13:00,216.72,2.2,289.89,-73.69
23-04-2024 14:00,218.3,2.56,290.51,-92.75
23-04-2024 15:00,218.11,2.65,290.83,-113.77
23-04-2024 16:00,217.42,2.55,290.66,-145.29
23-04-2024 17:00,214.11,2.46,290.07,-346.18
23-04-2024 18:00,212.92,1.46,288.36,87.86
23-04-2024 19:00,210.69,0.92,286.88,47.13
23-04-2024 20:00,218.78,1,286.22,11.29
23-04-2024 21:00,212.02,0.83,286.22,57.2
23-04-2024 22:00,208.59,0.96,285.36,59.53
23-04-2024 23:00,211.22,0.88,284.69,47.48
24-04-2024 0:00,68.75,0.36,283.38,17
24-04-2024 1:00,120.61,0.18,283.32,-26.66
24-04-2024 2:00,143.27,0.34,283.44,3.51
24-04-2024 3:00,137.42,0.66,283.23,5.12
24-04-2024 4:00,97.41,0.84,283.16,5.82
24-04-2024 5:00,99.67,0.2,282.25,2.83
24-04-2024 6:00,87.91,0.26,282.1,2.97
24-04-2024 7:00,269.39,0.28,280.85,1.68
24-04-2024 8:00,90.24,0.46,282.65,4.28
24-04-2024 9:00,92.11,0.05,284.95,-28.14
24-04-2024 10:00,113.82,0.02,287.4,-28.96
24-04-2024 11:00,269.8,0.6,289.29,-41.21
24-04-2024 12:00,252.04,1.5,290.26,-65.31
24-04-2024 13:00,221.56,2,290.79,-78.88
24-04-2024 14:00,217.63,2.69,290.88,-110.16
24-04-2024 15:00,212.33,3,290.58,-140.33
24-04-2024 16:00,212.7,2.96,290.3,-186.83
24-04-2024 17:00,207.63,2.74,289.67,-439.38
24-04-2024 18:00,208.69,1.59,288.1,107.14
24-04-2024 19:00,197.05,0.76,286.58,44.61
24-04-2024 20:00,212.25,0.81,286.03,6.64
24-04-2024 21:00,216.81,1.11,285.42,8.81
24-04-2024 22:00,220.11,0.85,284.58,6.61
24-04-2024 23:00,301.47,0.03,282.91,2.18
25-04-2024 0:00,200.04,1.15,283.07,9.55
25-04-2024 1:00,182.98,1.22,282.76,12.66
25-04-2024 2:00,186.75,1.39,282.95,10.51
25-04-2024 3:00,186.83,0.7,282.35,4.77
25-04-2024 4:00,6.43,0.19,280.7,1.83
25-04-2024 5:00,337.65,0.5,279.44,1.34
25-04-2024 6:00,321.89,0.84,278.26,1
25-04-2024 7:00,298.95,0.66,278.2,1.1
25-04-2024 8:00,296.46,0.14,280.32,1.83
25-04-2024 9:00,227.22,0.07,283.01,-24.91
25-04-2024 10:00,239.82,0.44,286.9,-37.93
25-04-2024 11:00,234.2,1,288.84,-47.31
25-04-2024 12:00,227.63,1.41,289.98,-62
25-04-2024 13:00,228.06,1.86,290.62,-77.08
25-04-2024 14:00,219.09,1.94,290.78,-89.75
25-04-2024 15:00,208.22,1.95,290.31,-111.37
25-04-2024 16:00,204.24,1.87,289.81,-205.95
25-04-2024 17:00,194.87,0.66,288.67,110.09
25-04-2024 18:00,174.12,0.96,287.35,7.43
25-04-2024 19:00,184.83,1.4,286.93,8.72
25-04-2024 20:00,185.44,1.48,286.2,9.52
25-04-2024 21:00,211.6,1.83,286.13,134.31
25-04-2024 22:00,206.23,1.02,285.18,57.06
25-04-2024 23:00,202.81,1.52,284.8,83.47
26-04-2024 0:00,202.11,1.71,284.36,102.02
26-04-2024 1:00,207.55,1.46,283.7,86.81
26-04-2024 2:00,208.16,1.1,283.1,58.29
26-04-2024 3:00,204.42,1.05,282.76,50.52
26-04-2024 4:00,190.36,0.63,282.18,31.66
26-04-2024 5:00,190.84,1.01,282.13,13.1
26-04-2024 6:00,141.37,0.41,281.47,4.84
26-04-2024 7:00,141.37,0.5,281.45,-38.45
26-04-2024 8:00,138,0.58,281.73,580.57
26-04-2024 9:00,333.1,0.38,281.96,-29.17
26-04-2024 10:00,255.87,0.67,285.2,-33.24
26-04-2024 11:00,244.76,1.43,286.97,-52.33
26-04-2024 12:00,221.12,1.9,288.21,-70.04
26-04-2024 13:00,213.98,2.21,288.8,-80.87
26-04-2024 14:00,207.94,2.58,289.04,-100.1
26-04-2024 15:00,205.51,2.66,289.11,-123.12
26-04-2024 16:00,204.43,2.55,288.85,-175.04
26-04-2024 17:00,209.55,2.52,288.21,-2006.01
26-04-2024 18:00,216.5,0.92,286.7,51.21
26-04-2024 19:00,204.9,1.18,285.85,62.95
26-04-2024 20:00,187.31,0.86,284.95,15.03
26-04-2024 21:00,211.93,1.71,284.98,83.2
26-04-2024 22:00,208.53,1.75,284.49,96.87
26-04-2024 23:00,200.11,1.77,284.02,93.06
27-04-2024 0:00,204.39,2.02,283.46,129.65
27-04-2024 1:00,205.66,1.59,282.75,101.33
27-04-2024 2:00,197.23,2.09,282.49,143.11
27-04-2024 3:00,203.22,2.74,282.24,251.55
27-04-2024 4:00,203.14,2.34,281.64,216.64
27-04-2024 5:00,210.97,1.94,281.08,172.31
27-04-2024 6:00,209.1,1.38,280.42,128.96
27-04-2024 7:00,206,0.97,279.87,68.34
27-04-2024 8:00,203.61,1.56,280.1,-500.22
27-04-2024 9:00,208.85,1.56,281.77,-64.61
27-04-2024 10:00,217.47,1.89,283.55,-61.6
27-04-2024 11:00,219.24,2.26,284.86,-71.72
27-04-2024 12:00,213.21,2.84,285.6,-87.95
27-04-2024 13:00,209.22,3.02,286.5,-96.75
27-04-2024 14:00,210.08,3.21,287.1,-122.92
27-04-2024 15:00,211.61,3.24,287.31,-143.45
27-04-2024 16:00,209.78,3.46,287.07,-214.97
27-04-2024 17:00,210.18,3.29,286.51,-537.98
27-04-2024 18:00,208.32,1.9,285.14,126.47
27-04-2024 19:00,206.82,1.49,284.07,86.51
27-04-2024 20:00,222.01,1.47,283.08,99.33
27-04-2024 21:00,218.48,2.26,283.15,182.15
27-04-2024 22:00,216.02,1.8,282.27,129.57
27-04-2024 23:00,206.24,0.97,281.35,62.83
28-04-2024 0:00,199.06,0.84,280.7,51.6
28-04-2024 1:00,198.52,0.42,279.86,19.97
28-04-2024 2:00,197.84,0.92,279.81,13.18
28-04-2024 3:00,195.49,0.93,279.38,14.08
28-04-2024 4:00,193.72,0.65,278.83,18.37
28-04-2024 5:00,201.09,0.97,278.81,14.63
28-04-2024 6:00,199.6,0.48,278.28,26.85
28-04-2024 7:00,197.4,0.98,278.35,11.25
28-04-2024 8:00,197.22,1.06,278.33,9.72
28-04-2024 9:00,184.54,0.59,278.72,-93.41
28-04-2024 10:00,212.97,1.3,280.9,-78.38
28-04-2024 11:00,220.4,1.17,282.74,-51.2
28-04-2024 12:00,227.48,1.07,284.32,-44.27
28-04-2024 13:00,232.16,0.95,285.74,-42.92
28-04-2024 14:00,219.68,0.93,286.53,-52.77
28-04-2024 15:00,215.19,1.16,286.76,-68.51
28-04-2024 16:00,217.94,0.77,287.22,-56.01
28-04-2024 17:00,221.66,1.15,286.97,-149.17
28-04-2024 18:00,217.38,1.02,285.66,8.26
28-04-2024 19:00,182.78,0.58,284.21,4.51
28-04-2024 20:00,174.64,0.85,282.44,1
28-04-2024 21:00,41.02,1.2,282.87,7.8
28-04-2024 22:00,78.33,1.07,282.06,7.73
28-04-2024 23:00,57.91,0.52,280.87,25.42
29-04-2024 0:00,65.78,1.23,280.91,59.74
29-04-2024 1:00,52.99,1.05,280.54,52.19
29-04-2024 2:00,47.25,0.57,279.96,29.83
29-04-2024 3:00,53.01,1.14,279.99,54.8
29-04-2024 4:00,59.81,0.97,279.81,44
29-04-2024 5:00,57.63,0.71,279.55,33.25
29-04-2024 6:00,64.76,0.66,279.33,19.84
29-04-2024 7:00,63.26,0.63,279.15,30.57
29-04-2024 8:00,68.12,1.52,279.75,89.57
29-04-2024 9:00,61.37,1.62,280.75,-154.88
29-04-2024 10:00,43.83,1.93,283.18,-80.84
29-04-2024 11:00,34.98,1.36,285.29,-53.99
29-04-2024 12:00,22.95,1.82,286.75,-83.2
29-04-2024 13:00,18.94,1.61,287.92,-78.21
29-04-2024 14:00,21.75,1.2,288.49,-83.46
29-04-2024 15:00,305.31,1.67,288.78,-159.59
29-04-2024 16:00,345.2,1.63,288.75,-345
29-04-2024 17:00,290.54,1.5,287.26,173.43
29-04-2024 18:00,292.65,0.53,285.44,40.17
29-04-2024 19:00,102.36,0.44,285.25,41.14
29-04-2024 20:00,307.45,0.79,285.07,25.15
29-04-2024 21:00,224.35,0.45,285.69,78.89
29-04-2024 22:00,196.35,0.42,285.38,-3848.4
29-04-2024 23:00,114.34,0.16,285.06,159.15
30-04-2024 0:00,57.97,0.88,284.82,-4117.37
30-04-2024 1:00,56.17,1.15,284.53,564.83
30-04-2024 2:00,38.64,1.03,284.36,531.05
30-04-2024 3:00,49.35,1.85,284.46,321.8
30-04-2024 4:00,52.94,1.92,284.75,182.64
30-04-2024 5:00,37.6,1.72,284.61,181.08
30-04-2024 6:00,123.9,1.01,284.39,375.55
30-04-2024 7:00,146.12,1.73,283.78,8582.37
30-04-2024 8:00,126.66,1.59,283.53,-1731.54
30-04-2024 9:00,98.11,1.38,283.78,-178.46
30-04-2024 10:00,109.72,1.22,283.73,-65.27
30-04-2024 11:00,330.54,0.09,284.84,-32.97
30-04-2024 12:00,196.48,1.18,285.75,-65.02
30-04-2024 13:00,199.64,2.21,285.91,-115.44
30-04-2024 14:00,213.17,2.67,285.38,-148.14
30-04-2024 15:00,214.34,2.49,284.87,-146.11
30-04-2024 16:00,222.51,2.17,284.53,-253.94
30-04-2024 17:00,213.54,1.31,284.39,-486.22
30-04-2024 18:00,217.79,0.79,283.28,47.46
30-04-2024 19:00,213,1.11,282.65,74.43
30-04-2024 20:00,208.44,0.83,282.2,47.85
30-04-2024 21:00,208.07,1.21,282.51,102.15
30-04-2024 22:00,221,1,282.33,90.75
30-04-2024 23:00,235.37,0.9,281.9,117.11
01-05-2024 0:00,250.4,0.81,281.52,113.97
01-05-2024 1:00,252.96,0.57,281.22,-38.8
01-05-2024 2:00,250.18,0.61,281.02,-71.19
01-05-2024 3:00,225.01,1.19,281.16,283.25
01-05-2024 4:00,218.36,1.42,281.12,310.61
01-05-2024 5:00,222.66,1.44,280.97,240.02
01-05-2024 6:00,217.78,1.5,280.82,265.15
01-05-2024 7:00,212.61,1.66,280.63,380.15
01-05-2024 8:00,208.63,1.95,280.49,1020.32
01-05-2024 9:00,207.64,2.05,280.82,-253.35
01-05-2024 10:00,205.96,2.24,281.71,-138.76
01-05-2024 11:00,218.87,1.92,282.51,-79.78
01-05-2024 12:00,221.61,1.95,283.33,-73.98
01-05-2024 13:00,217.09,2.05,283.93,-85.98
01-05-2024 14:00,212.83,2.1,284.2,-98.27
01-05-2024 15:00,199.48,2.57,284.06,-173.58
01-05-2024 16:00,207.51,2.36,283.86,-289.51
01-05-2024 17:00,211.43,2.13,284.08,-191.32
01-05-2024 18:00,200.13,1.1,282.95,70.51
01-05-2024 19:00,199.29,0.95,282.03,53.92
01-05-2024 20:00,201.36,0.85,281.43,43.73
01-05-2024 21:00,217.26,1.03,281.49,71.02
01-05-2024 22:00,219.21,0.89,280.82,54.95
01-05-2024 23:00,218.97,1.15,280.35,65.71
02-05-2024 0:00,202.14,0.9,279.78,51.34
02-05-2024 1:00,209.4,1.4,279.58,83.63
02-05-2024 2:00,184.91,1.2,278.85,99.81
02-05-2024 3:00,190,0.93,278.43,146.49
02-05-2024 4:00,184.7,0.78,277.97,-43.32
02-05-2024 5:00,188.75,0.07,277.39,-26.31
02-05-2024 6:00,179.62,0.59,277.13,-34.81
02-05-2024 7:00,159.63,0.61,276.87,49.73
02-05-2024 8:00,178.25,0.41,276.43,22.18
02-05-2024 9:00,173.37,0.89,277.44,-97.23
02-05-2024 10:00,203.73,1.53,279.47,-96
02-05-2024 11:00,211,1.8,280.94,-78.07
02-05-2024 12:00,211.58,1.85,281.97,-70.09
02-05-2024 13:00,219.39,1.72,282.86,-63.86
02-05-2024 14:00,220.11,1.92,283.36,-78.95
02-05-2024 15:00,216.67,2.27,283.29,-124.62
02-05-2024 16:00,214.27,2.05,283.15,-200.64
02-05-2024 17:00,210.09,1.85,283.16,-274.75
02-05-2024 18:00,204.19,0.49,281.23,30.53
02-05-2024 19:00,214.17,0.74,280.37,35.38
02-05-2024 20:00,212.62,0.52,279.65,29.25
02-05-2024 21:00,217.84,0.46,278.97,28.44
02-05-2024 22:00,206.31,0.86,278.64,10.63
02-05-2024 23:00,197.28,0.69,278.19,6.54
03-05-2024 0:00,204.55,0.63,277.96,5.19
03-05-2024 1:00,210.97,0.55,277.76,4.39
03-05-2024 2:00,208.98,0.77,277.88,5.28
03-05-2024 3:00,206.53,1.27,277.91,9.04
03-05-2024 4:00,207.35,1.23,277.74,8.69
03-05-2024 5:00,305.11,0.12,276.08,1.81
03-05-2024 6:00,79.96,0.5,276.71,-41.85
03-05-2024 7:00,113.6,0.27,276.56,-29.25
03-05-2024 8:00,93.17,0.6,276.7,-68.53
03-05-2024 9:00,48.02,0.18,278.1,-26.11
03-05-2024 10:00,2.39,0.17,281.85,-28.54
03-05-2024 11:00,353.75,0.24,284.32,-30.34
03-05-2024 12:00,12.87,0.22,286.22,-36.2
03-05-2024 13:00,79.33,0.23,287.31,-41.1
03-05-2024 14:00,247.93,1.37,287.44,-60.75
03-05-2024 15:00,230.13,2.01,287.04,-120.27
03-05-2024 16:00,211.91,2.36,285.86,-323.96
03-05-2024 17:00,210.46,2.14,284.82,-2267.4
03-05-2024 18:00,207.78,2.26,284.02,601.9
03-05-2024 19:00,208.08,2.2,283.65,501.49
03-05-2024 20:00,214.91,1.88,283.34,530.35
03-05-2024 21:00,211.93,2.25,283.21,714.99
03-05-2024 22:00,205.71,2.06,282.6,485.56
03-05-2024 23:00,213.81,1.43,281.69,101.24
04-05-2024 0:00,218.34,0.72,280.81,12.56
04-05-2024 1:00,310.97,0.5,279.02,1
04-05-2024 2:00,55.19,0.56,279.83,4.67
04-05-2024 3:00,69.6,0.77,279.84,5.39
04-05-2024 4:00,72.49,1.01,279.99,6.19
04-05-2024 5:00,74.01,1.45,280.1,8.93
04-05-2024 6:00,75.8,1.39,279.67,8.92
04-05-2024 7:00,57.28,1.18,279.41,7.12
04-05-2024 8:00,66.44,1.4,279.81,9.34
04-05-2024 9:00,54.26,0.85,281.82,-55.77
04-05-2024 10:00,38.66,1.05,284.44,-47.83
04-05-2024 11:00,26.63,1.33,286.52,-51.6
04-05-2024 12:00,4.65,0.87,288.1,-47.08
04-05-2024 13:00,0.68,0.46,289.06,-50.8
04-05-2024 14:00,310.54,0.77,289.58,-65.86
04-05-2024 15:00,261.44,0.75,289.46,-78.92
04-05-2024 16:00,213.99,1.44,289.07,-129.92
04-05-2024 17:00,219.28,1.59,288.02,2837.25
04-05-2024 18:00,211.75,0.89,285.66,45.95
04-05-2024 19:00,180.92,0.57,283.99,31.66
04-05-2024 20:00,201.13,1.23,283.63,11.79
04-05-2024 21:00,81.12,0.74,280.77,1
04-05-2024 22:00,214.42,0.6,282.12,4.29
04-05-2024 23:00,352.79,0.28,280.08,1.62
05-05-2024 0:00,164.75,0.35,280.8,3.21
05-05-2024 1:00,343.49,0.31,279.11,1.61
05-05-2024 2:00,186.52,0.44,280.12,3.48
05-05-2024 3:00,176.45,0.64,280.53,5.95
05-05-2024 4:00,142.39,0.57,280.1,-45.74
05-05-2024 5:00,120.96,0.31,279.81,-34.23
05-05-2024 6:00,115.17,0.07,279.61,-29.33
05-05-2024 7:00,59.98,0.23,279.32,-31.72
05-05-2024 8:00,195.65,0.1,279.31,-27.63
05-05-2024 9:00,50.43,0.04,279.44,-27.91
05-05-2024 10:00,136.69,0.02,280.26,-24.09
05-05-2024 11:00,294.7,0.25,281.99,-27.07
05-05-2024 12:00,241.9,0.63,284.1,-34.1
05-05-2024 13:00,223.31,1.17,285.03,-47.24
05-05-2024 14:00,220.5,1.06,285.74,-47.98
05-05-2024 15:00,216.08,1.24,285.76,-65.62
05-05-2024 16:00,215.82,1.24,285.36,-124.68
05-05-2024 17:00,212.92,0.3,284.2,36.59
05-05-2024 18:00,203.61,0.69,282.63,18.38
05-05-2024 19:00,186.91,1.39,283.06,10.23
05-05-2024 20:00,181.57,0.96,282.45,6.27
05-05-2024 21:00,210.77,1.85,283.2,134.12
05-05-2024 22:00,207.59,1.51,282.52,93.75
05-05-2024 23:00,187.18,0.67,281.59,34.2
06-05-2024 0:00,181.15,0.58,280.93,21.06
06-05-2024 1:00,167.65,1.14,280.92,-155.69
06-05-2024 2:00,140.26,0.62,280.83,-42.24
06-05-2024 3:00,177.31,0.22,280.81,-28.33
06-05-2024 4:00,164.42,0.03,280.62,-26.1
06-05-2024 5:00,261.54,0.03,280.69,-23.92
06-05-2024 6:00,74.9,0.31,280.45,-29
06-05-2024 7:00,330.91,0.32,280.53,-28.96
06-05-2024 8:00,346.8,0.32,280.53,-29.28
06-05-2024 9:00,350.04,0.07,280.39,-24.44
06-05-2024 10:00,58.61,0.33,280.7,-27.35
06-05-2024 11:00,67.9,0.89,281.53,-33.84
06-05-2024 12:00,343.04,0.36,285.22,-33.48
06-05-2024 13:00,351.28,0.41,286.79,-41.7
06-05-2024 14:00,352.14,0.32,287.75,-49.13
06-05-2024 15:00,302.14,0.66,288.06,-65.87
06-05-2024 16:00,244.67,1.32,287.82,-98.72
06-05-2024 17:00,218.64,2.06,286.96,-527.98
06-05-2024 18:00,220.33,1.75,285.13,129.19
06-05-2024 19:00,192.37,1.86,283.99,125.92
06-05-2024 20:00,186.59,0.92,283.18,46.1
06-05-2024 21:00,262.01,0.25,281.73,1.62
06-05-2024 22:00,26.98,0.04,281.38,2.34
06-05-2024 23:00,58.95,1.06,280.98,14.32
07-05-2024 0:00,53.17,0.52,280.09,26.03
07-05-2024 1:00,68.07,1.04,280.35,44.2
07-05-2024 2:00,69.84,0.99,280.07,40.73
07-05-2024 3:00,67.65,0.83,279.94,33.39
07-05-2024 4:00,61.94,0.85,279.74,18.71
07-05-2024 5:00,61.4,1.51,280.55,10.04
07-05-2024 6:00,59.53,1.15,280.56,6.5
07-05-2024 7:00,60.89,1.35,279.94,8.77
07-05-2024 8:00,72.96,1.75,280.82,9.82
07-05-2024 9:00,80.87,0.56,280.77,27.58
07-05-2024 10:00,356.14,1.2,282.45,-200.59
07-05-2024 11:00,6.76,3.26,284.2,-372.04
07-05-2024 12:00,1.09,3.74,284.39,-327.16
07-05-2024 13:00,1.96,5.21,283.89,-904.57
07-05-2024 14:00,343.26,1.3,283.39,-92.32
07-05-2024 15:00,201.86,5.59,281.33,-728.04
07-05-2024 16:00,193.51,4.99,279.63,-697.56
07-05-2024 17:00,173.6,2.73,279.31,-375.67
07-05-2024 18:00,152.6,1.79,279.45,-244.88
07-05-2024 19:00,146.23,0.8,279.51,-93.13
07-05-2024 20:00,88.24,1.32,279.35,-121.23
07-05-2024 21:00,53.72,1.76,278.3,-161.73
07-05-2024 22:00,55.69,1.24,278.38,-106.02
07-05-2024 23:00,58.9,0.64,277.47,40.89
08-05-2024 0:00,59.19,0.62,276.81,19.1
08-05-2024 1:00,338.69,0.42,277.16,3.85
08-05-2024 2:00,246.8,1.16,276.91,10
08-05-2024 3:00,204.11,0.7,276.05,29.24
08-05-2024 4:00,232.98,1.16,276.29,50.43
08-05-2024 5:00,227.82,0.75,276.04,16.37
08-05-2024 6:00,190.15,0.51,275.47,24.45
08-05-2024 7:00,161.68,1.41,275.72,93.49
08-05-2024 8:00,120.09,0.31,275.04,-31.29
08-05-2024 9:00,286.87,0.02,275.81,-26.95
08-05-2024 10:00,276.26,0.4,277.22,-27.73
08-05-2024 11:00,230.87,1.1,282.67,-82.44
08-05-2024 12:00,210.72,1.88,283.72,-92.02
08-05-2024 13:00,206.61,2.18,284.62,-114.27
08-05-2024 14:00,203.73,2.49,285.07,-124.76
08-05-2024 15:00,201.54,2.84,285.09,-163.29
08-05-2024 16:00,202.87,3.07,284.84,-201.95
08-05-2024 17:00,206.88,2.65,284.06,-732.83
08-05-2024 18:00,200.55,1.49,282.3,87.2
08-05-2024 19:00,194.13,1.28,281.04,76.34
08-05-2024 20:00,182.68,1.38,280.13,84.8
08-05-2024 21:00,174.08,1.06,279.55,54.18
08-05-2024 22:00,178.88,0.78,278.99,35.55
08-05-2024 23:00,187.18,0.75,278.64,32.33
09-05-2024 0:00,195.42,0.82,278.46,34.43
09-05-2024 1:00,196.51,0.89,278.11,16.55
09-05-2024 2:00,198.11,1.27,278.12,10.76
09-05-2024 3:00,15.65,0.26,276.24,1.58
09-05-2024 4:00,202.29,0.79,277.23,5.27
09-05-2024 5:00,197.29,0.27,276.32,3.1
09-05-2024 6:00,118.39,0.55,276.16,-41.41
09-05-2024 7:00,112.33,0.6,276.2,-40.91
09-05-2024 8:00,137.9,0.43,276.12,-34.41
09-05-2024 9:00,107.83,0.07,276.55,-26.68
09-05-2024 10:00,106.41,0.08,280.27,-25.44
09-05-2024 11:00,223.22,1.24,283.75,-45.85
09-05-2024 12:00,219.41,1.57,285.16,-54.74
09-05-2024 13:00,219.28,1.64,285.69,-61.31
09-05-2024 14:00,220.29,1.81,285.67,-75.08
09-05-2024 15:00,213.13,1.93,285.29,-109.86
09-05-2024 16:00,216.69,1.82,284.7,-210.52
09-05-2024 17:00,212.02,1.7,283.34,262.17
09-05-2024 18:00,207.4,1.34,281.58,89.7
09-05-2024 19:00,198.68,1,280.51,57.33
09-05-2024 20:00,200.08,0.69,279.6,16.74
09-05-2024 21:00,171.01,0.82,279.41,-55.33
09-05-2024 22:00,193.21,1.08,279.48,10.38
09-05-2024 23:00,169.54,1.2,279.66,8.19
10-05-2024 0:00,144.85,0.34,278.44,3.27
10-05-2024 1:00,139.1,0.56,278.17,4.19
10-05-2024 2:00,123.76,0.56,277.61,13.63
10-05-2024 3:00,114.07,0.4,277.79,-36.45
10-05-2024 4:00,94.52,0.26,277.72,-33.19
10-05-2024 5:00,96.92,0.23,277.73,-32.45
10-05-2024 6:00,124.08,0.19,277.61,-31.01
10-05-2024 7:00,114.81,0.37,277.67,-35.41
10-05-2024 8:00,110.93,0.37,277.49,-33.23
10-05-2024 9:00,145.16,0.26,277.69,-27.23
10-05-2024 10:00,132.62,0.11,280.39,-24.91
10-05-2024 11:00,276,0.34,283.37,-29.84
10-05-2024 12:00,234.18,1.51,284.53,-60.52
10-05-2024 13:00,218.84,2.4,284.81,-104.51
10-05-2024 14:00,208.28,2.52,284.81,-140.82
10-05-2024 15:00,210.24,2.73,284.44,-264.35
10-05-2024 16:00,208.42,2.57,283.82,-973.32
10-05-2024 17:00,211.26,1.87,282.86,143.43
10-05-2024 18:00,210.64,0.82,281.29,38.08
10-05-2024 19:00,199.44,0.87,280.87,6.71
10-05-2024 20:00,205.16,1.27,280.66,8.71
10-05-2024 21:00,194.86,0.89,280.08,5.7
10-05-2024 22:00,186.12,0.92,279.83,5.68
10-05-2024 23:00,144.3,0.62,279.29,4.13
11-05-2024 0:00,330.32,0.14,277.8,1.92
11-05-2024 1:00,182.43,0.02,277.82,2.24
11-05-2024 2:00,19.42,0.3,276.71,1.63
11-05-2024 3:00,34.92,0.22,276.35,1.71
11-05-2024 4:00,211.68,0.38,277.72,19.24
11-05-2024 5:00,207.69,0.58,277.18,4.9
11-05-2024 6:00,201.03,0.05,276.25,2.29
11-05-2024 7:00,168.46,0.31,276.85,-34.09
11-05-2024 8:00,132,0.22,276.67,-31.44
11-05-2024 9:00,104.83,0.18,276.78,-29.76
11-05-2024 10:00,183.5,0.04,278.12,-25.3
11-05-2024 11:00,258.99,0.71,282.64,-33.46
11-05-2024 12:00,221.55,1.77,284.42,-61.39
11-05-2024 13:00,213.42,2.21,285.05,-82.17
11-05-2024 14:00,210.49,2.47,285.42,-97.65
11-05-2024 15:00,210.47,2.51,285.47,-111.26
11-05-2024 16:00,209.1,2.7,285.12,-177.88
11-05-2024 17:00,208.2,2.6,284.42,-1297.96
11-05-2024 18:00,218.82,1.9,282.96,114.21
11-05-2024 19:00,218.62,1.52,282.07,75.04
11-05-2024 20:00,211.27,1.04,281.1,47.54
11-05-2024 21:00,208.62,1.66,281.12,102.55
11-05-2024 22:00,194.81,1.16,280.24,61.87
11-05-2024 23:00,194.96,0.86,279.53,41.72
12-05-2024 0:00,203.14,0.69,278.93,32.47
12-05-2024 1:00,198.66,0.57,278.38,21.58
12-05-2024 2:00,191.59,0.68,278.25,5.85
12-05-2024 3:00,58.37,0.35,277.59,-68.23
12-05-2024 4:00,52.53,0.17,277.22,-29.9
12-05-2024 5:00,114.1,0.26,277.19,-30.78
12-05-2024 6:00,136.86,0.46,277.05,-36
12-05-2024 7:00,126.98,0.48,276.84,-35.66
12-05-2024 8:00,132.92,0.22,276.82,-30.15
12-05-2024 9:00,116.92,0.09,277.35,-27.32
12-05-2024 10:00,121.23,0.02,278.49,-24.12
12-05-2024 11:00,264.48,1.08,282.12,-38.65
12-05-2024 12:00,235.69,1.94,283.45,-71.02
12-05-2024 13:00,215.77,2.63,283.89,-101.82
12-05-2024 14:00,214.32,2.86,284.29,-120.58
12-05-2024 15:00,211.95,3.05,284.33,-152.76
12-05-2024 16:00,217.68,2.92,284.22,-204.76
12-05-2024 17:00,210.71,2.84,283.61,-1505.4
12-05-2024 18:00,202.95,1.57,282.11,82.06
12-05-2024 19:00,209.52,1.79,281.21,99.74
12-05-2024 20:00,223.28,1.69,280.26,103.43
12-05-2024 21:00,210.5,1.37,279.6,68.07
12-05-2024 22:00,202.31,1.25,278.98,63.27
12-05-2024 23:00,192.93,0.68,277.91,32.93
13-05-2024 0:00,207,0.73,277.46,18.06
13-05-2024 1:00,196.83,1.04,277.37,8.88
13-05-2024 2:00,203.58,0.8,276.74,6.38
13-05-2024 3:00,188.4,0.95,276.41,7.18
13-05-2024 4:00,176.47,0.76,276.04,5.48
13-05-2024 5:00,163.05,0.73,275.93,4.85
13-05-2024 6:00,146.34,0.23,275.2,2.79
13-05-2024 7:00,144.15,0.23,274.93,2.77
13-05-2024 8:00,153.03,0.06,274.62,2.29
13-05-2024 9:00,87.64,0.02,277.12,-25.2
13-05-2024 10:00,342.84,0.44,278.79,-27.5
13-05-2024 11:00,275.64,0.45,282.29,-30.51
13-05-2024 12:00,230.99,1.09,284.25,-47.15
13-05-2024 13:00,221.03,1.78,284.98,-71.3
13-05-2024 14:00,215.09,2.06,285.26,-84.59
13-05-2024 15:00,211.91,2.18,285.24,-101.93
13-05-2024 16:00,208.15,2.3,284.88,-144.69
13-05-2024 17:00,210.93,2,283.97,-3803.73
13-05-2024 18:00,215.56,0.88,281.74,42.78
13-05-2024 19:00,206.3,0.73,280.51,33.17
13-05-2024 20:00,218.39,1.01,280.21,8.18
13-05-2024 21:00,194.96,0.98,280.59,7.74
13-05-2024 22:00,194.68,1.33,279.82,11.78
13-05-2024 23:00,197.73,1.1,278.91,14.9
14-05-2024 0:00,201.63,1.35,278.98,9.25
14-05-2024 1:00,205.41,1.59,278.85,10.22
14-05-2024 2:00,207.91,0.99,278.12,5.74
14-05-2024 3:00,200.6,0.63,277.35,3.99
14-05-2024 4:00,191.24,0.38,277.09,3.02
14-05-2024 5:00,177.27,0.49,277.14,3.25
14-05-2024 6:00,357.71,0.02,275.8,2.14
14-05-2024 7:00,175.4,0.01,275.33,2.17
14-05-2024 8:00,339.83,0.16,274.88,1.89
14-05-2024 9:00,175.3,0.54,278.73,-83.99
14-05-2024 10:00,246.27,0.29,281.59,-33.54
14-05-2024 11:00,259.8,0.49,284.02,-34.97
14-05-2024 12:00,248.29,0.61,285.8,-43.55
14-05-2024 13:00,255.4,1.13,286.57,-52.53
14-05-2024 14:00,255.74,1.39,287.04,-62.03
14-05-2024 15:00,247.21,1.31,287.15,-67.94
14-05-2024 16:00,226.93,1.24,286.85,-88.73
14-05-2024 17:00,211.2,1.52,285.62,908.37
14-05-2024 18:00,203.94,0.89,282.89,44.58
14-05-2024 19:00,198.39,0.41,281.04,25.37
14-05-2024 20:00,203.98,0.61,280.65,4.72
14-05-2024 21:00,355.92,0.11,278.98,1.96
14-05-2024 22:00,294.83,0.44,277.29,1.33
14-05-2024 23:00,250.05,0.8,275.92,1
15-05-2024 0:00,151.15,0.83,275.96,1
15-05-2024 1:00,31.7,0.11,276.26,1.92
15-05-2024 2:00,143.78,0.86,277.78,-74.31
15-05-2024 3:00,128.75,0.6,277.24,-42.92
15-05-2024 4:00,142.91,0.34,277.78,-36.53
15-05-2024 5:00,86.71,0.38,277.34,-33.02
15-05-2024 6:00,76.78,0.47,276.99,-35.19
15-05-2024 7:00,78.4,0.56,276.9,-35.7
15-05-2024 8:00,90.3,0.62,276.55,-36.81
15-05-2024 9:00,90.15,0.7,276.64,-38.34
15-05-2024 10:00,79.19,0.52,276.87,-30.04
15-05-2024 11:00,334.8,0.46,279.56,-28.71
15-05-2024 12:00,331.19,0.5,282.32,-35.16
15-05-2024 13:00,3.04,0.51,283.93,-43.55
15-05-2024 14:00,329,0.83,284.69,-48.86
15-05-2024 15:00,308.28,0.65,284.5,-74.28
15-05-2024 16:00,21.71,1.78,283.8,-206.63
15-05-2024 17:00,37.9,0.53,282.81,55.16
15-05-2024 18:00,36.69,1.41,282.39,1481.4
15-05-2024 19:00,39.13,0.51,279.8,1.17
15-05-2024 20:00,201.75,0.5,280.31,4.04
15-05-2024 21:00,145.19,0.99,280.72,6.67
15-05-2024 22:00,86.19,1.43,280.24,9.95
15-05-2024 23:00,170.2,0.7,276.62,1
16-05-2024 0:00,97.55,0.95,278.53,6.44
16-05-2024 1:00,87.07,1.24,278.34,8.12
16-05-2024 2:00,97.67,1.18,278.31,6.95
16-05-2024 3:00,115.33,0.3,277.33,2.93
16-05-2024 4:00,313.21,0.44,275.46,1.47
16-05-2024 5:00,307.49,0.71,274.18,1.18
16-05-2024 6:00,320.12,0.93,273.06,1
16-05-2024 7:00,309.39,1,274.84,1
16-05-2024 8:00,356.97,0.91,273.29,1
16-05-2024 9:00,244.31,0.12,278.3,-29.06
16-05-2024 10:00,288.82,0.28,280.96,-29.7
16-05-2024 11:00,295.96,0.55,282.99,-33.52
16-05-2024 12:00,262.18,0.9,284.32,-49.97
16-05-2024 13:00,225.01,1.65,285.13,-68.98
16-05-2024 14:00,218.43,2.35,285.3,-98.14
16-05-2024 15:00,216.31,2.42,285.25,-117.78
16-05-2024 16:00,210.34,2.5,284.9,-195.67
16-05-2024 17:00,206.6,2.07,284.09,574.92
16-05-2024 18:00,202.67,0.73,281.75,37.07
16-05-2024 19:00,189.51,1.13,281.06,13.29
16-05-2024 20:00,153.53,1.09,280.69,7.21
16-05-2024 21:00,165.49,0.64,280.08,4.14
16-05-2024 22:00,332.81,0.71,276.62,1.05
16-05-2024 23:00,354.79,0.92,276.68,1
17-05-2024 0:00,191.5,0.11,277.87,2.42
17-05-2024 1:00,337.22,0.97,275.86,1
17-05-2024 2:00,343.39,1,274.17,1
17-05-2024 3:00,357.04,1.01,273.92,1
17-05-2024 4:00,350.2,1.05,274.17,1
17-05-2024 5:00,321.74,0.93,273.29,1
17-05-2024 6:00,64.29,0.8,276.21,5.28
17-05-2024 7:00,90.2,0.64,276.38,6.58
17-05-2024 8:00,98.45,1.05,277.08,6.17
17-05-2024 9:00,94.57,0.51,278.81,-45.6
17-05-2024 10:00,3.78,0.31,281.34,-31.02
17-05-2024 11:00,41.85,0.46,283.42,-38.78
17-05-2024 12:00,45.27,0.38,284.58,-44
17-05-2024 13:00,267.73,0.77,285.4,-55.88
17-05-2024 14:00,246.75,1.49,285.64,-74.78
17-05-2024 15:00,220.43,2.08,285.58,-118.86
17-05-2024 16:00,215.09,2.14,285.25,-162.45
17-05-2024 17:00,210.08,2.04,284.37,1625.23
17-05-2024 18:00,199.24,0.82,282.21,43.59
17-05-2024 19:00,196.42,1.05,281.24,47.12
17-05-2024 20:00,205.9,1.12,280.76,13
17-05-2024 21:00,209.09,1.48,281.42,71.21
17-05-2024 22:00,179.54,0.75,279.96,18.45
17-05-2024 23:00,199.91,0.7,279.49,29.52
18-05-2024 0:00,191.44,0.68,279.16,21.55
18-05-2024 1:00,3.15,0.67,277.29,1
18-05-2024 2:00,195.4,0.03,277.91,2.27
18-05-2024 3:00,1.91,0.03,277.33,2.13
18-05-2024 4:00,334.76,0.46,275.81,1.43
18-05-2024 5:00,326.3,0.87,273.96,1.01
18-05-2024 6:00,327.85,0.9,273.61,1
18-05-2024 7:00,285.16,0.37,275.15,1.57
18-05-2024 8:00,88.34,0.55,276.84,3.67
18-05-2024 9:00,114.39,0.53,279.5,-127.02
18-05-2024 10:00,263.06,0.01,282.14,-30.09
18-05-2024 11:00,267.79,0.3,284.2,-37.6
18-05-2024 12:00,274.96,1.01,285.35,-46.2
18-05-2024 13:00,258.89,1.52,286.12,-66.35
18-05-2024 14:00,228.81,1.74,286.54,-77.24
18-05-2024 15:00,219.02,1.83,286.54,-94
18-05-2024 16:00,214.12,2.2,286.09,-163.22
18-05-2024 17:00,208.64,1.77,284.99,572.37
18-05-2024 18:00,210.16,0.67,282.52,33.9
18-05-2024 19:00,203.97,1.28,282.17,11.81
18-05-2024 20:00,219.79,1.51,282.11,9.24
18-05-2024 21:00,52.9,0.04,279.83,2.14
18-05-2024 22:00,187.7,0.88,280.89,4.71
18-05-2024 23:00,146.65,0.82,280.35,4.45
19-05-2024 0:00,131.31,0.17,278.99,2.55
19-05-2024 1:00,322.88,0.27,277.39,1.78
19-05-2024 2:00,128.39,0.45,278.77,3.18
19-05-2024 3:00,294.34,0.65,275.39,1.31
19-05-2024 4:00,322.45,1.05,274.36,1
19-05-2024 5:00,116.98,0.55,277.74,3.37
19-05-2024 6:00,288.68,0.45,274.95,1.52
19-05-2024 7:00,273.94,0.34,274.82,1.63
19-05-2024 8:00,107.06,0.3,276.64,2.74
19-05-2024 9:00,84.56,0.64,279.35,94.97
19-05-2024 10:00,312.75,0.12,281.29,-28.53
19-05-2024 11:00,283.79,0.47,284.56,-34.57
19-05-2024 12:00,287.74,0.6,286.87,-39.46
19-05-2024 13:00,276.55,0.89,287.41,-51.84
19-05-2024 14:00,240.73,0.91,287.37,-84.25
19-05-2024 15:00,230.87,0.77,286.65,-200.24
19-05-2024 16:00,80.98,0.02,285.77,76.5
19-05-2024 17:00,265.72,0.48,284.56,12.81
19-05-2024 18:00,69.63,0.38,283.02,1.27
19-05-2024 19:00,289.56,0.7,282.3,1
19-05-2024 20:00,81.23,0.57,283.74,4.66
19-05-2024 21:00,122.58,0.32,285.05,3.32
19-05-2024 22:00,128.88,0.59,285.39,4.17
19-05-2024 23:00,78.29,0.95,285.63,5.81
20-05-2024 0:00,61.49,0.26,284.32,3.09
20-05-2024 1:00,64.42,0.9,284.86,5.87
20-05-2024 2:00,75.26,0.85,285.08,5.28
20-05-2024 3:00,49.27,1.11,284.95,7.87
20-05-2024 4:00,71.26,1.19,284.75,9.53
20-05-2024 5:00,81.02,0.74,284.01,14.75
20-05-2024 6:00,87.66,0.65,284.75,5.22
20-05-2024 7:00,132.14,0.78,285.08,6.86
20-05-2024 8:00,288.31,1.34,282.8,-242.58
20-05-2024 9:00,253.42,0.97,282.59,-239.75
20-05-2024 10:00,272.28,1.25,282.43,-127.31
20-05-2024 11:00,255.99,0.58,283.16,-52.99
20-05-2024 12:00,113.82,2.1,283.55,-182.89
20-05-2024 13:00,105.45,2.15,283.47,-169.21
20-05-2024 14:00,98.93,1.71,283.19,-132.02
20-05-2024 15:00,106.08,1.76,282.95,-207.9
20-05-2024 16:00,107.71,1.58,282.54,-255.11
20-05-2024 17:00,58.66,0.17,282.32,-95.24
20-05-2024 18:00,316.17,1.24,282.07,-255.56
20-05-2024 19:00,335.43,1.11,282.05,-481.58
20-05-2024 20:00,28.4,0.85,282.05,-313.18
20-05-2024 21:00,0.55,0.7,281.88,-69.48
20-05-2024 22:00,90.91,0.47,282.15,-125.38
20-05-2024 23:00,189.33,0.28,281.99,-41.39
21-05-2024 0:00,221.02,0.64,282.02,-105.58
21-05-2024 1:00,210.34,1.71,281.93,-736.87
21-05-2024 2:00,215.47,2.05,281.57,-673.3
21-05-2024 3:00,219.61,2.75,280.73,-637.57
21-05-2024 4:00,223.77,2.74,280.27,-668.92
21-05-2024 5:00,220.1,2.53,279.93,-501.15
21-05-2024 6:00,220.27,2.12,279.86,-372.06
21-05-2024 7:00,217.55,1.73,279.69,-239.3
21-05-2024 8:00,214.16,1.31,279.66,-148.21
21-05-2024 9:00,206.35,0.77,279.82,-60.62
21-05-2024 10:00,218.45,1.04,280.6,-66.19
21-05-2024 11:00,243.54,0.92,281.8,-61.06
21-05-2024 12:00,244.56,1.27,283.05,-63.63
21-05-2024 13:00,221.95,1.57,284.14,-69.14
21-05-2024 14:00,218.87,2.14,284.44,-83.37
21-05-2024 15:00,214.05,2.45,284.85,-99.11
21-05-2024 16:00,213.47,2.84,284.55,-222.61
21-05-2024 17:00,205.42,2.71,283.85,765.8
21-05-2024 18:00,206.42,1.7,282.7,99.24
21-05-2024 19:00,213.82,1.72,281.93,104.18
21-05-2024 20:00,206.01,1.44,281.05,90.94
21-05-2024 21:00,180.52,1.46,281.64,140.25
21-05-2024 22:00,171.17,1.42,281.26,210.49
21-05-2024 23:00,162.84,0.83,281.25,62.16
22-05-2024 0:00,145.62,0.27,281.21,5.46
22-05-2024 1:00,78.42,0.04,281.16,17.51
22-05-2024 2:00,82.19,0.67,281.19,1755.88
22-05-2024 3:00,262.35,0.23,281.45,1
22-05-2024 4:00,249.94,0.28,281.42,1
22-05-2024 5:00,60.88,1.08,281.57,-478.5
22-05-2024 6:00,97.4,0.61,281.83,54.64
22-05-2024 7:00,100.19,0.41,281.91,41.58
22-05-2024 8:00,115.14,0.88,282.49,11.49
22-05-2024 9:00,113.45,0.14,282.49,25.35
22-05-2024 10:00,120.01,1.02,283.27,-322.91
22-05-2024 11:00,91.27,1.4,283.84,-143.31
22-05-2024 12:00,118.96,1.89,283.82,-139.24
22-05-2024 13:00,114.84,2.06,283.51,-163.49
22-05-2024 14:00,107.01,2.08,283.28,-180.64
22-05-2024 15:00,154.26,3.28,282.03,-357.04
22-05-2024 16:00,86.91,2.26,282.07,-392.53
22-05-2024 17:00,148.51,2.46,280.82,-393.95
22-05-2024 18:00,134.58,1.85,280.53,-294.73
22-05-2024 19:00,126.99,0.73,280.31,-66.32
22-05-2024 20:00,170.65,0.51,279.98,-43.44
22-05-2024 21:00,178.54,0.72,279.83,-61.42
22-05-2024 22:00,170.68,1.08,279.84,-107.96
22-05-2024 23:00,154.75,1.04,279.8,-124.92
23-05-2024 0:00,190.59,1.05,279.84,-137.43
23-05-2024 1:00,208.32,1.71,279.77,-218.33
23-05-2024 2:00,207.41,2.42,279.48,-428.84
23-05-2024 3:00,193.82,1.76,279.27,-231.94
23-05-2024 4:00,209.18,2.03,279.12,-274.95
23-05-2024 5:00,195.37,1.38,278.93,-140.57
23-05-2024 6:00,176.68,0.97,279.01,-97.13
23-05-2024 7:00,178.4,0.82,279.07,-82.29
23-05-2024 8:00,171.52,0.24,279.04,-38.77
23-05-2024 9:00,144.04,0.54,279.15,-52.59
23-05-2024 10:00,49.2,0.54,279.45,-37.91
23-05-2024 11:00,27.67,1.27,280.95,-52.34
23-05-2024 12:00,37.02,0.98,282.09,-46.84
23-05-2024 13:00,49.35,1.43,282.97,-55.95
23-05-2024 14:00,54.95,1.28,283.61,-55.45
23-05-2024 15:00,51.76,1.15,284.01,-57.43
23-05-2024 16:00,54.46,0.91,284.04,-61.99
23-05-2024 17:00,46.89,0.97,283.41,-449.2
23-05-2024 18:00,244.12,0.19,281.05,1.74
23-05-2024 19:00,173.54,0.42,279.83,22.9
23-05-2024 20:00,163.75,0.4,279.04,23.74
23-05-2024 21:00,134.7,0.69,277.57,33.58
23-05-2024 22:00,134.82,1.15,277.7,13.36
23-05-2024 23:00,130.26,1.05,277.86,6.78
24-05-2024 0:00,136.27,1.49,278.62,7.9
24-05-2024 1:00,144.85,1.13,278.03,6.01
24-05-2024 2:00,130.48,1.23,278.09,6.23
24-05-2024 3:00,42.09,1.04,274.95,1
24-05-2024 4:00,41.19,0.91,273.02,1
24-05-2024 5:00,0.72,0.91,272.66,1
24-05-2024 6:00,262.84,1.03,273.74,1
24-05-2024 7:00,270.38,1.02,272.37,1
24-05-2024 8:00,2.35,1.08,274.79,1
24-05-2024 9:00,46.43,0.8,276.16,1
24-05-2024 10:00,110.81,0.06,278.38,22.83
24-05-2024 11:00,61.83,0.15,279.59,-37.67
24-05-2024 12:00,47.03,0.4,281.38,-42.93
24-05-2024 13:00,26.15,0.36,282.5,-39.13
24-05-2024 14:00,54.1,0.15,283.15,-38.18
24-05-2024 15:00,58.63,0.33,283.09,-47.94
24-05-2024 16:00,63.43,0.18,282.9,971.82
24-05-2024 17:00,57.53,0.54,280.99,-63.97
24-05-2024 18:00,150.16,0.2,281.02,35.33
24-05-2024 19:00,98.45,0.34,280.9,50.34
24-05-2024 20:00,121.34,0.56,281.79,4.79
24-05-2024 21:00,141.31,0.27,281.01,82.85
24-05-2024 22:00,126.13,1.15,280.21,-344.32
24-05-2024 23:00,133.41,0.86,279.97,-539.77
25-05-2024 0:00,153.87,0.66,281.21,6.73
25-05-2024 1:00,89.77,0.27,280.97,14.75
25-05-2024 2:00,347.14,0.59,280.22,1
25-05-2024 3:00,107.01,0.07,281,30.9
25-05-2024 4:00,98.6,1.22,280.41,3549.13
25-05-2024 5:00,120.1,0.7,280.57,47.4
25-05-2024 6:00,108.04,1.25,281.55,10.51
25-05-2024 7:00,107.5,0.69,280.31,33.98
25-05-2024 8:00,101.11,1.58,281.14,10.67
25-05-2024 9:00,65.59,0.66,280,40.98
25-05-2024 10:00,75.29,1.12,281.52,287.03
25-05-2024 11:00,58.17,1.16,283.18,-87.94
25-05-2024 12:00,52.95,0.79,283.94,-47.28
25-05-2024 13:00,56.12,0.24,284.41,-35.22
25-05-2024 14:00,219.51,0.23,285.14,-36.08
25-05-2024 15:00,282.93,0.52,284.89,-42.71
25-05-2024 16:00,39.24,0.64,283.64,-64.74
25-05-2024 17:00,81.91,0.23,281.65,136.94
25-05-2024 18:00,123.34,0.7,280.32,13.53
25-05-2024 19:00,130.58,1.2,280.21,10.75
25-05-2024 20:00,127.54,0.9,279.12,15.53
25-05-2024 21:00,133.8,0.92,281.46,6.13
25-05-2024 22:00,139.43,0.76,280.61,5.3
25-05-2024 23:00,126.47,0.23,279.3,2.93
26-05-2024 0:00,100.91,0.99,279.71,6.25
26-05-2024 1:00,116.53,1.36,279.16,10.19
26-05-2024 2:00,108.52,1.14,278.71,7.98
26-05-2024 3:00,114.46,0.2,277.76,2.75
26-05-2024 4:00,312.4,0.75,276.5,1
26-05-2024 5:00,224.29,0.31,278.77,13.87
26-05-2024 6:00,44.76,0.14,278.84,-30.42
26-05-2024 7:00,67.32,0.83,278.96,-64.3
26-05-2024 8:00,63.87,1.2,278.84,-93.94
26-05-2024 9:00,67.31,1.11,278.82,-72.43
26-05-2024 10:00,69.88,0.81,279.07,-37.29
26-05-2024 11:00,46.95,0.44,280.69,-28.3
26-05-2024 12:00,30.67,1.07,283.55,-37.84
26-05-2024 13:00,20.75,1.13,285.63,-47.76
26-05-2024 14:00,12.89,0.84,286.81,-53.06
26-05-2024 15:00,3.6,1.02,287.2,-63.64
26-05-2024 16:00,29.48,0.81,287.02,-89.92
26-05-2024 17:00,152.31,0.02,285.87,54.67
26-05-2024 18:00,148.62,1.11,282.47,110.62
26-05-2024 19:00,161.08,0.52,280.89,35.7
26-05-2024 20:00,151.46,0.86,280.58,35.27
26-05-2024 21:00,147.23,1.33,280.64,12.21
26-05-2024 22:00,119.21,1.02,280.6,5.8
26-05-2024 23:00,131.25,1.76,280.72,10.63
27-05-2024 0:00,131.55,1.33,280.46,6.7
27-05-2024 1:00,140.35,1.78,280.7,8.84
27-05-2024 2:00,125.94,1.61,280.72,7.41
27-05-2024 3:00,142.72,1.59,280.29,7.4
27-05-2024 4:00,141.8,1.35,280.3,5.92
27-05-2024 5:00,126.97,1.35,279.9,5.98
27-05-2024 6:00,123.8,1.05,279.36,4.82
27-05-2024 7:00,122.18,0.9,279.14,4.25
27-05-2024 8:00,126.06,0.68,278.72,3.59
27-05-2024 9:00,104.24,0.48,280.49,3.82
27-05-2024 10:00,286.94,0.1,281.37,-35.59
27-05-2024 11:00,274.37,0.49,282.72,-44.92
27-05-2024 12:00,278.93,0.61,283.55,-43.81
27-05-2024 13:00,222.76,0.63,285.15,-61.55
27-05-2024 14:00,243.29,0.53,285.24,-68.07
27-05-2024 15:00,234.47,0.43,285.23,-396.33
27-05-2024 16:00,45.97,0.02,284.61,77.35
27-05-2024 17:00,195.45,0.24,283.87,3.34
27-05-2024 18:00,337.87,0.8,281.25,1
27-05-2024 19:00,167.97,0.33,281.8,2.98
27-05-2024 20:00,116.9,0.17,280.74,2.59
27-05-2024 21:00,122.22,0.58,281.48,3.83
27-05-2024 22:00,90.75,0.96,281.43,5.03
27-05-2024 23:00,76.7,0.48,280.27,3.37
28-05-2024 0:00,78.71,0.21,279.47,2.64
28-05-2024 1:00,268.49,0.02,278.66,2.22
28-05-2024 2:00,263.81,0.12,278.25,2.04
28-05-2024 3:00,279.17,0.06,278.2,2.12
28-05-2024 4:00,280.3,0.86,275.13,1.22
28-05-2024 5:00,272.75,1.27,273.3,1
28-05-2024 6:00,336.19,1.19,279.64,1
28-05-2024 7:00,294.22,0.64,275.64,1.49
28-05-2024 8:00,298.09,0.24,277.47,1.91
28-05-2024 9:00,301.78,0.92,275.15,1.23
28-05-2024 10:00,127.45,0.47,281.72,3.23
28-05-2024 11:00,289.35,0.22,283.63,1.67
28-05-2024 12:00,137.28,0.1,284.53,-46.95
28-05-2024 13:00,313.83,0.36,285.65,-54.3
28-05-2024 14:00,279.17,0.74,285.97,-67.97
28-05-2024 15:00,222.39,0.84,285.2,-269.86
28-05-2024 16:00,219.34,0.07,284.07,2.55
28-05-2024 17:00,10.33,0.1,281.85,2.01
28-05-2024 18:00,344.98,0.42,279.78,1.52
28-05-2024 19:00,262.32,0.33,279.27,1.68
28-05-2024 20:00,82.72,0.12,279.88,2.47
28-05-2024 21:00,260.87,0.14,278.8,1.98
28-05-2024 22:00,255.76,0.77,276.32,1.21
28-05-2024 23:00,259.77,0.48,277.24,1.54
29-05-2024 0:00,277.68,0.33,277.74,1.75
29-05-2024 1:00,286.24,0.36,278.28,1.66
29-05-2024 2:00,280.64,0.67,277.96,1.23
29-05-2024 3:00,300.23,0.93,278.23,1
29-05-2024 4:00,318.22,0.82,278.32,1
29-05-2024 5:00,19.06,0.82,279.86,1
29-05-2024 6:00,313.17,0.52,280.53,1
29-05-2024 7:00,126.79,0.28,280.74,3.45
29-05-2024 8:00,97.81,0.4,280.55,16.25
29-05-2024 9:00,80.83,0.51,280.89,83.34
29-05-2024 10:00,95.33,0.24,281.37,-71.57
29-05-2024 11:00,59.39,0.06,282.86,-41.2
29-05-2024 12:00,287.68,0.08,284.89,-34.4
29-05-2024 13:00,294.21,0.12,286.98,-35.48
29-05-2024 14:00,252.98,0.27,288.05,-40.99
29-05-2024 15:00,270.09,0.26,288.52,-49.21
29-05-2024 16:00,283.03,0.33,287.69,325.95
29-05-2024 17:00,57.16,0.53,283.93,1.29
29-05-2024 18:00,353.56,0.5,281.78,1.43
29-05-2024 19:00,154.53,0.36,283.09,3.04
29-05-2024 20:00,339.59,1.07,277.66,1.01
29-05-2024 21:00,172.77,0.66,282.83,4.11
29-05-2024 22:00,291.25,0.96,278.56,1
29-05-2024 23:00,294.11,0.2,279.83,1.9
30-05-2024 0:00,279.6,0.09,279.6,2.07
30-05-2024 1:00,272.56,0.65,277.39,1.3
30-05-2024 2:00,291.85,0.9,275.97,1.14
30-05-2024 3:00,264.42,1.06,275.11,1
30-05-2024 4:00,278.33,1.1,274.72,1
30-05-2024 5:00,263.23,0.15,277.68,1.96
30-05-2024 6:00,246.69,0.72,275.27,1.16
30-05-2024 7:00,259.11,0.91,274.1,1.05
30-05-2024 8:00,63.35,0.19,277.24,2.59
30-05-2024 9:00,264.94,0.41,276.65,1.59
30-05-2024 10:00,55.45,0.75,280.34,5.65
30-05-2024 11:00,54.23,0.37,282.67,-425.82
30-05-2024 12:00,349.52,0.02,284.39,-40.2
30-05-2024 13:00,319.4,0.17,285.86,-49.12
30-05-2024 14:00,310.87,0.25,286.44,-76.34
30-05-2024 15:00,304.13,0.42,285.93,-102.22
30-05-2024 16:00,100.02,0.03,284.96,59.31
30-05-2024 17:00,47.62,0.68,282.07,1
30-05-2024 18:00,348.41,0.49,280.44,1.49
30-05-2024 19:00,128.99,0.7,282.42,3.91
30-05-2024 20:00,123.77,0.04,281.04,2.31
30-05-2024 21:00,345.28,1.35,276.87,1
30-05-2024 22:00,264.4,0.18,279.24,1.95
30-05-2024 23:00,295.68,0.46,277.73,1.51
31-05-2024 0:00,92.73,0.4,279.5,3.1
31-05-2024 1:00,111.28,1.22,281.14,5.26
31-05-2024 2:00,96.72,1.14,280.74,5.26
31-05-2024 3:00,84.17,0.09,279.44,2.39
31-05-2024 4:00,83.42,0.02,279.36,2.28
31-05-2024 5:00,289.5,1.19,274.32,1.09
31-05-2024 6:00,290.63,1.5,277.56,1
31-05-2024 7:00,239.97,1.43,277.79,1
31-05-2024 8:00,350.44,1.47,277.1,1
31-05-2024 9:00,276.36,1.24,277.4,1
31-05-2024 10:00,277.39,1.05,279.28,1
31-05-2024 11:00,10.4,0.07,284.22,-717.08
31-05-2024 12:00,334.89,0.1,284.96,-47.31
31-05-2024 13:00,10.06,0.26,286.03,-66
31-05-2024 14:00,288.49,0.08,286.32,-85.62
31-05-2024 15:00,78.54,0.15,286.06,201.75
31-05-2024 16:00,17.48,0.05,285.56,164.64
31-05-2024 17:00,229,0.35,284.46,1.05
31-05-2024 18:00,221.97,0.9,281.46,1
31-05-2024 19:00,271.59,1,279.29,1
31-05-2024 20:00,266.8,1.02,277.86,1
31-05-2024 21:00,119.43,1.49,282.86,11.53
31-05-2024 22:00,105.49,0.98,282.56,5.63
31-05-2024 23:00,114.7,0.96,282.4,5.07
01-06-2024 0:00,111.65,1.08,282.28,5.49
01-06-2024 1:00,120.42,1.24,281.98,6.23
01-06-2024 2:00,119.38,0.83,281.43,4.4
01-06-2024 3:00,106.63,0.49,280.57,3.37
01-06-2024 4:00,312.27,0.59,277.47,1.41
01-06-2024 5:00,142.93,0.5,280.09,3.27
01-06-2024 6:00,159.23,1.24,281.32,5.52
01-06-2024 7:00,13.36,0.03,279.03,2.18
01-06-2024 8:00,2.78,1.09,275.26,1
01-06-2024 9:00,350.13,0.06,279.74,-43.8
01-06-2024 10:00,316.63,0.14,281.46,-28.17
01-06-2024 11:00,236.9,0.7,285.93,-41.79
01-06-2024 12:00,228.63,1.1,287.47,-64.81
01-06-2024 13:00,218.1,1.83,288.31,-79.84
01-06-2024 14:00,217.76,2.03,288.68,-96.04
01-06-2024 15:00,216.02,2.26,288.63,-125.61
01-06-2024 16:00,213.28,2.27,288.13,-294.07
01-06-2024 17:00,212.05,1.24,286.58,85.03
01-06-2024 18:00,197.29,1.05,284.43,15.54
01-06-2024 19:00,207.1,1.13,284,7.3
01-06-2024 20:00,189.19,0.88,282.8,5.57
01-06-2024 21:00,182.99,0.64,282.44,-66.8
01-06-2024 22:00,177.77,0.77,282.4,-66.31
01-06-2024 23:00,191.25,1.26,282.81,-201.89
02-06-2024 0:00,160.05,0.36,282.11,-37.13
02-06-2024 1:00,188.75,0.4,282.24,-41.34
02-06-2024 2:00,206.55,0.91,282.2,-100.35
02-06-2024 3:00,200.78,1.02,282.08,-128.79
02-06-2024 4:00,202.66,1.3,282.1,195.34
02-06-2024 5:00,202.26,1.12,282.01,159.67
02-06-2024 6:00,196.19,0.74,281.77,405.85
02-06-2024 7:00,156.43,0.28,281.58,-37.98
02-06-2024 8:00,195.6,0.53,281.51,-45.45
02-06-2024 9:00,187.46,0.37,281.44,-35.55
02-06-2024 10:00,243.24,0.47,282.61,-36.16
02-06-2024 11:00,210.8,0.86,285.31,-42.58
02-06-2024 12:00,232.31,0.96,288.13,-45.74
02-06-2024 13:00,235.15,1.16,289.84,-55.51
02-06-2024 14:00,238.27,1.57,290.87,-83.02
02-06-2024 15:00,245.2,1.39,290.94,-86.39
02-06-2024 16:00,240.5,0.98,290.68,-158.54
02-06-2024 17:00,176.76,0.33,289.45,3.86
02-06-2024 18:00,159.29,1.74,288.37,10.65
02-06-2024 19:00,113.77,0.28,286.13,2.94
02-06-2024 20:00,108.69,0.28,285.15,2.92
02-06-2024 21:00,271.96,1.17,279.8,1.04
02-06-2024 22:00,260.95,0.08,284.35,2.15
02-06-2024 23:00,135.24,1.4,287.66,6.1
03-06-2024 0:00,140.53,1.6,287.97,7.57
03-06-2024 1:00,141.05,1.41,287.92,6.65
03-06-2024 2:00,280.06,0.55,283.75,1.48
03-06-2024 3:00,223.42,0.39,283.5,1.57
03-06-2024 4:00,68.89,0.52,285.15,3.58
03-06-2024 5:00,244.07,0.07,283.73,2.15
03-06-2024 6:00,256.85,0.27,283.03,1.83
03-06-2024 7:00,259.27,0.54,282.26,1.49
03-06-2024 8:00,258.66,0.08,283.6,2.15
03-06-2024 9:00,76.64,0.44,284.41,3.43
03-06-2024 10:00,74.29,1.14,285.91,8.51
03-06-2024 11:00,59.13,0.47,286.56,214.64
03-06-2024 12:00,41.34,0.31,287.4,-67.6
03-06-2024 13:00,54.53,0.73,288.16,-103.84
03-06-2024 14:00,54.58,0.87,288.47,-331.78
03-06-2024 15:00,58.16,0.53,288.23,187.1
03-06-2024 16:00,54.45,0.54,287.33,5.57
03-06-2024 17:00,234.73,0.34,284.39,1.58
03-06-2024 18:00,337.03,0.85,284.59,1
03-06-2024 19:00,196.21,1.18,283.94,6.85
03-06-2024 20:00,191.82,1.47,283.06,11.16
03-06-2024 21:00,207.59,1.01,282.67,5.98
03-06-2024 22:00,125.33,0.96,281.32,7.06
03-06-2024 23:00,211.26,0.09,280.93,-32.46
04-06-2024 0:00,66.86,0.93,280.7,-78.85
04-06-2024 1:00,82.46,0.35,280.47,-38.19
04-06-2024 2:00,120.54,0.56,280.77,-59.33
04-06-2024 3:00,248.51,0.8,277.95,1
04-06-2024 4:00,69.71,0.59,279.74,12.84
04-06-2024 5:00,76.81,1.03,280.37,7.61
04-06-2024 6:00,71.7,0.78,280.41,4.66
04-06-2024 7:00,106.53,0.19,280.26,2.61
04-06-2024 8:00,74.62,0.23,279.95,2.74
04-06-2024 9:00,268.87,0.41,280.13,1.5
04-06-2024 10:00,55.35,0.79,283.22,108.41
04-06-2024 11:00,346.51,0.99,284.2,-67.9
04-06-2024 12:00,55.84,1.58,287.25,-219.47
04-06-2024 13:00,26.49,1.74,288.52,-178.91
04-06-2024 14:00,40,1.23,288.99,-103.62
04-06-2024 15:00,57.33,1.44,288.74,-599.89
04-06-2024 16:00,46.64,1.1,287.89,117.76
04-06-2024 17:00,68.95,0.86,286.07,39.84
04-06-2024 18:00,72.29,0.92,284.91,37.02
04-06-2024 19:00,86.66,0.66,284.23,22.75
04-06-2024 20:00,54.69,0.75,283.65,30.05
04-06-2024 21:00,59.3,0.81,284.77,32.69
04-06-2024 22:00,65.49,1.46,285.36,9.74
04-06-2024 23:00,54.52,1.59,284.76,11.2
05-06-2024 0:00,70.23,0.02,283.03,2.33
05-06-2024 1:00,275.28,0.83,279.86,1.19
05-06-2024 2:00,109.1,1.03,280.69,1
05-06-2024 3:00,169.37,0.99,280.57,1
05-06-2024 4:00,298.71,0.06,280.98,2.15
05-06-2024 5:00,87.79,0.75,282.42,4.2
05-06-2024 6:00,266.91,0.26,280.17,1.82
05-06-2024 7:00,92.37,0.04,280.93,2.33
05-06-2024 8:00,88.68,0.72,282.66,4.2
05-06-2024 9:00,61.79,0.02,282.32,2.29
05-06-2024 10:00,69.69,0.93,283.92,10.8
05-06-2024 11:00,59.45,0.83,284.88,-233.67
05-06-2024 12:00,50.67,1.08,286.69,-757.19
05-06-2024 13:00,50.51,1.56,287.28,-348.38
05-06-2024 14:00,46.33,1.22,287.48,-312.89
05-06-2024 15:00,46.73,1.09,287.4,333.16
05-06-2024 16:00,46.86,0.23,286.54,31.56
05-06-2024 17:00,53.32,1.36,286.29,8.76
05-06-2024 18:00,70.75,1.26,285.38,7.1
05-06-2024 19:00,84.47,1.17,285.04,5.99
05-06-2024 20:00,75.38,0.95,284.56,4.92
05-06-2024 21:00,80.79,0.61,283.84,3.69
05-06-2024 22:00,85.83,0.13,282.67,2.52
05-06-2024 23:00,94.65,0.73,283.46,3.94
06-06-2024 0:00,84.5,0.3,282.44,2.88
06-06-2024 1:00,259.68,0.83,278.4,1.22
06-06-2024 2:00,276.98,0.8,278.33,1.29
06-06-2024 3:00,285.88,1.21,277.42,1
06-06-2024 4:00,286.29,0.67,278.26,1.4
06-06-2024 5:00,285.5,0.41,279.12,1.68
06-06-2024 6:00,288.29,1.11,275.94,1.05
06-06-2024 7:00,119.18,0.67,281.24,3.71
06-06-2024 8:00,120.56,1.25,282.48,5.47
06-06-2024 9:00,136,0.76,282.57,3.97
06-06-2024 10:00,119.51,1.32,284.11,8.51
06-06-2024 11:00,67.46,0.25,284.22,-45.87
06-06-2024 12:00,327.55,0.2,285.47,-33.77
06-06-2024 13:00,270.54,0.32,287.39,-42.14
06-06-2024 14:00,254.52,0.86,287.89,-76.23
06-06-2024 15:00,221.22,0.97,287.89,-181.89
06-06-2024 16:00,227.19,0.08,286.99,42.9
06-06-2024 17:00,193.97,1.2,285.62,11.34
06-06-2024 18:00,170.41,1.5,285.58,8.12
06-06-2024 19:00,142.27,1.34,284.81,7.19
06-06-2024 20:00,132.04,1.35,285.07,7.15
06-06-2024 21:00,170.1,0.91,284.37,13.59
06-06-2024 22:00,166.15,1.17,284.49,12.57
06-06-2024 23:00,146.51,1.37,284.41,12.28
07-06-2024 0:00,158.08,1.58,284.33,10.89
07-06-2024 1:00,159.98,1.77,284.53,9.91
07-06-2024 2:00,159.52,1.76,284.03,10.24
07-06-2024 3:00,169.26,1.06,283.99,5.23
07-06-2024 4:00,146.67,0.89,282.88,4.95
07-06-2024 5:00,149.12,1.81,283.21,10.05
07-06-2024 6:00,134.52,1.42,282.52,7.42
07-06-2024 7:00,127.24,1.49,282.73,7.26
07-06-2024 8:00,118.38,1.27,282.59,6.02
07-06-2024 9:00,110.91,0.76,282.05,18.32
07-06-2024 10:00,77.5,0.44,284.26,-41.57
07-06-2024 11:00,24.96,0.04,287.49,-32
07-06-2024 12:00,212.78,0.01,290.08,-37.05
07-06-2024 13:00,187.81,0.18,291.35,-40.58
07-06-2024 14:00,331.9,0.03,291.55,-56.73
07-06-2024 15:00,278.54,0.03,290.86,-305.49
07-06-2024 16:00,155.91,0.43,288.55,128.26
07-06-2024 17:00,151.09,1,286.75,13.87
07-06-2024 18:00,145.8,1.73,286.96,9.75
07-06-2024 19:00,129.3,1.08,286.43,5.43
07-06-2024 20:00,104.19,0.29,284.43,2.91
07-06-2024 21:00,100.86,0.18,283.6,2.66
07-06-2024 22:00,104.12,1.08,284.74,5.2
07-06-2024 23:00,96.11,1.11,284.61,5.3
08-06-2024 0:00,89.39,0.89,283.93,4.53
08-06-2024 1:00,89.07,0.9,283.89,4.48
08-06-2024 2:00,89.1,0.27,282.76,2.77
08-06-2024 3:00,94.63,1.18,285.01,5.15
08-06-2024 4:00,273.78,1.05,281.65,1
08-06-2024 5:00,109.06,1.09,278.4,1
08-06-2024 6:00,264.87,1.2,277.77,1
08-06-2024 7:00,297.93,1.03,281.35,1
08-06-2024 8:00,266.93,1.01,281.32,1
08-06-2024 9:00,268.46,1.07,277.01,1
08-06-2024 10:00,67.32,1.1,282.62,9.1
08-06-2024 11:00,56.67,1.77,283.92,-230.1
08-06-2024 12:00,51.29,1.89,285.16,-117.9
08-06-2024 13:00,41.98,2.22,285.92,-130.85
08-06-2024 14:00,46.6,2.27,286.41,-157.34
08-06-2024 15:00,38.12,1.76,286.48,-183.63
08-06-2024 16:00,45.33,0.72,286.15,95.52
08-06-2024 17:00,86.38,1.31,285.44,10.92
08-06-2024 18:00,63.4,1.46,284.5,12.93
08-06-2024 19:00,148.67,1.41,283.69,11.87
08-06-2024 20:00,146.74,1.41,283.19,12.66
08-06-2024 21:00,280.34,0.69,283.91,1
08-06-2024 22:00,52.53,0.86,284.85,11.53
08-06-2024 23:00,44.95,1.39,284.91,225.07
09-06-2024 0:00,57.01,1.48,284.51,-4059.2
09-06-2024 1:00,38.25,2.14,284.27,357.96
09-06-2024 2:00,48.75,1.71,284.12,120802.25
09-06-2024 3:00,60.79,1.94,284.22,414.91
09-06-2024 4:00,32.44,2.63,284.39,344.37
09-06-2024 5:00,72.63,3.13,283.86,738.1
09-06-2024 6:00,79.66,3.3,284.01,489.01
09-06-2024 7:00,74.11,2.34,284.17,207.98
09-06-2024 8:00,76.98,1.4,284.04,88.09
09-06-2024 9:00,207.87,0.46,281.72,1
09-06-2024 10:00,10.9,0.49,282.9,796.43
09-06-2024 11:00,3.02,0.7,283.76,-88.72
09-06-2024 12:00,4.46,0.44,284.64,-71.64
09-06-2024 13:00,47.35,0.64,285.21,-68.62
09-06-2024 14:00,62.25,0.73,285.52,-79.85
09-06-2024 15:00,65.77,0.56,285.56,-108.94
09-06-2024 16:00,193,0.79,284.92,17.89
09-06-2024 17:00,237.82,0.55,283.69,1
09-06-2024 18:00,240.4,0.63,282.49,1
09-06-2024 19:00,227.98,0.17,283.26,1.77
09-06-2024 20:00,106.92,0.12,283.59,2.74
09-06-2024 21:00,123.91,0.04,283.56,2.41
09-06-2024 22:00,122.38,0.99,284.15,8.82
09-06-2024 23:00,141.36,1.1,283.79,7.08
10-06-2024 0:00,116.2,0.3,282.33,2.97
10-06-2024 1:00,120.91,1.22,282.58,6.77
10-06-2024 2:00,126.16,1.64,282.26,9.82
10-06-2024 3:00,107.28,0.92,281.57,5.17
10-06-2024 4:00,98.55,1.21,281.57,6.41
10-06-2024 5:00,97.06,0.5,280.57,3.52
10-06-2024 6:00,99.5,0.87,280.81,4.69
10-06-2024 7:00,93.59,0.65,280.6,3.83
10-06-2024 8:00,98.8,1.04,280.91,5.28
10-06-2024 9:00,106.35,1.32,281.46,7.03
10-06-2024 10:00,109.73,0.57,282.43,38.63
10-06-2024 11:00,81.56,0.4,284.1,-94.06
10-06-2024 12:00,40.72,0.31,285.09,-51.98
10-06-2024 13:00,27.13,0.33,285.64,-49.95
10-06-2024 14:00,263.71,0.02,285.94,-50.5
10-06-2024 15:00,208.14,0.66,286.09,-367.98
10-06-2024 16:00,204.42,1.05,285.26,-3192.5
10-06-2024 17:00,248.67,0.61,284.64,159.82
10-06-2024 18:00,26.65,0.46,284.02,-121.47
10-06-2024 19:00,274.61,0,283.87,2.26
10-06-2024 20:00,251.01,0.44,281.66,1.33
10-06-2024 21:00,91.95,1.3,283.05,10.25
10-06-2024 22:00,101.73,0.89,281.46,14.52
10-06-2024 23:00,115.69,1.31,281.81,12.8
11-06-2024 0:00,103.52,0.4,281.68,3.35
11-06-2024 1:00,316.09,0.03,280.52,2.16
11-06-2024 2:00,128.21,0.76,281.55,4.5
11-06-2024 3:00,125.24,1.4,281.69,8.45
11-06-2024 4:00,124.22,1.5,281.77,9.35
11-06-2024 5:00,131.91,0.62,280.69,16.61
11-06-2024 6:00,107.04,0.39,280.61,4500.02
11-06-2024 7:00,132.34,0.26,281.13,4.6
11-06-2024 8:00,241.98,0.54,282.25,4.55
11-06-2024 9:00,88.88,0.96,281.48,-508.86
11-06-2024 10:00,107.74,0.56,282.51,818.14
11-06-2024 11:00,301.82,0.83,284.28,-354.98
11-06-2024 12:00,74.03,1.39,285.03,-88.81
11-06-2024 13:00,57.31,0.46,285.65,-46.32
11-06-2024 14:00,80.09,0.57,285.05,-50.66
11-06-2024 15:00,72.97,0.7,285.26,-63.77
11-06-2024 16:00,70.74,0.39,285.12,-305.77
11-06-2024 17:00,67.82,0.4,284.16,158.75
11-06-2024 18:00,70.58,0.69,283.51,136.56
11-06-2024 19:00,94.19,0.69,283.21,79.88
11-06-2024 20:00,77.56,0.59,283.1,73.44
11-06-2024 21:00,74.83,0.35,282.78,48.21
11-06-2024 22:00,73.63,0.13,282.54,19.95
11-06-2024 23:00,66.17,0.49,282.69,15.25
12-06-2024 0:00,50.44,0.68,283.01,7.09
12-06-2024 1:00,32.05,0.32,282.62,3.84
12-06-2024 2:00,234.18,0.41,281.09,1.24
12-06-2024 3:00,292.82,0.25,281.11,1.69
12-06-2024 4:00,246.92,0.47,280.62,1.26
12-06-2024 5:00,50.29,0.27,281.79,3.3
12-06-2024 6:00,65.66,0.39,281.29,16.23
12-06-2024 7:00,63.49,0.61,281.42,43
12-06-2024 8:00,69.6,0.43,281.27,57.95
12-06-2024 9:00,90.45,0.87,280.97,-229.11
12-06-2024 10:00,84.05,1.25,282.13,-211.26
12-06-2024 11:00,54.44,2.53,283.41,-289.98
12-06-2024 12:00,62.87,1.76,284,-100.57
12-06-2024 13:00,56.9,2.03,283.91,-100.32
12-06-2024 14:00,55.18,2.01,284,-110.78
12-06-2024 15:00,58.71,2.32,283.58,-170.21
12-06-2024 16:00,53.93,3.22,282.49,-608.56
12-06-2024 17:00,72.97,2.08,281.32,-551.87
12-06-2024 18:00,67.54,2.21,280.34,-454.87
12-06-2024 19:00,47.53,3.07,280.05,-1554.28
12-06-2024 20:00,46.24,3.26,281.68,242.66
12-06-2024 21:00,55.64,4.24,282.03,464.37
12-06-2024 22:00,64.43,4.57,282.71,613.18
12-06-2024 23:00,38.29,0.26,282.37,25.7
13-06-2024 0:00,115.69,1.35,283.09,84.14
13-06-2024 1:00,87.39,1.89,282.47,-1665.68
13-06-2024 2:00,74.28,1.66,281.75,-380.49
13-06-2024 3:00,120.93,1.45,281.17,-129.65
13-06-2024 4:00,146.83,2.58,280.4,-541.72
13-06-2024 5:00,130.15,3.64,280.81,-3195.71
13-06-2024 6:00,127.29,3.94,280.73,-3615.1
13-06-2024 7:00,128.98,3.87,280.76,-10054.37
13-06-2024 8:00,119.71,2.59,279.79,-373.35
13-06-2024 9:00,125.21,1.34,279.5,-161.76
13-06-2024 10:00,98.95,3.34,280.3,-1148.27
13-06-2024 11:00,89.32,2.32,280.17,-239.22
13-06-2024 12:00,95.26,2.27,280.81,-213.44
13-06-2024 13:00,70.97,3.24,281.63,-324.53
13-06-2024 14:00,63.26,4.2,280.51,-449.38
13-06-2024 15:00,63.25,4.21,280.3,-694.03
13-06-2024 16:00,74.45,3.56,279.91,-628.18
13-06-2024 17:00,81.39,3.34,279.8,-1388.17
13-06-2024 18:00,95.09,2.85,280.65,2258.51
13-06-2024 19:00,103.96,2.01,280.27,-526.45
13-06-2024 20:00,121.2,2.08,279.9,-275.36
13-06-2024 21:00,118.71,1.92,279.45,-210.23
13-06-2024 22:00,123.35,2.36,278.99,-331.62
13-06-2024 23:00,116.71,2.95,279.24,-903.69
14-06-2024 0:00,117.45,2.8,279.27,-882.63
14-06-2024 1:00,111.22,2.56,279.09,-666.8
14-06-2024 2:00,114.86,2.03,278.82,-319.34
14-06-2024 3:00,106.91,1.86,279.09,-558.29
14-06-2024 4:00,94.7,1.7,279.73,-1133.92
14-06-2024 5:00,96.15,1.91,280.22,569.18
14-06-2024 6:00,101.3,2.02,279.91,148.69
14-06-2024 7:00,99.65,1.61,279.66,81.49
14-06-2024 8:00,94.59,0.9,279.34,35.63
14-06-2024 9:00,76.23,1.24,280.04,48.69
14-06-2024 10:00,83.85,2.24,280.44,-426.99
14-06-2024 11:00,69.54,2.68,282.61,-137.28
14-06-2024 12:00,66,2.79,283.95,-101.74
14-06-2024 13:00,66.28,2.96,284.59,-115.95
14-06-2024 14:00,67.73,2.91,285.04,-123.96
14-06-2024 15:00,68.03,2.4,285.77,-129
14-06-2024 16:00,64.49,1.8,284.34,-134.04
14-06-2024 17:00,97.45,0.3,283.28,96.04
14-06-2024 18:00,132.89,0.35,281.25,27.08
14-06-2024 19:00,143.19,0.7,280.95,5.75
14-06-2024 20:00,315.99,0.47,278.73,1.28
14-06-2024 21:00,149.44,1.27,279.73,8.12
14-06-2024 22:00,145.15,0.94,278.28,16.85
14-06-2024 23:00,143.41,0.64,277.96,29.49
15-06-2024 0:00,140.49,1.46,278.91,12.31
15-06-2024 1:00,139.77,1.08,278.2,16.09
15-06-2024 2:00,145.8,1.62,279.08,11.91
15-06-2024 3:00,148.6,0.83,279.02,4.66
15-06-2024 4:00,135.72,1.2,278.71,6.64
15-06-2024 5:00,131.46,1.47,278.53,8.38
15-06-2024 6:00,142.94,1.21,278.43,6.39
15-06-2024 7:00,135.16,0.28,277.24,2.81
15-06-2024 8:00,131.53,1.35,278.13,7.1
15-06-2024 9:00,140.97,0.88,278.39,14.94
15-06-2024 10:00,133.62,0.66,280.3,-51.34
15-06-2024 11:00,121.21,0.4,281.67,-33.96
15-06-2024 12:00,103.4,1.02,282.15,-42.92
15-06-2024 13:00,108.94,1.22,281.72,-43.86
15-06-2024 14:00,107.27,1.12,281.86,-45.95
15-06-2024 15:00,116.28,1.13,281.77,-52.55
15-06-2024 16:00,128.66,1.2,280.86,-84.13
15-06-2024 17:00,131.26,1.23,279.93,119.37
15-06-2024 18:00,132.87,1.13,279.08,57.58
15-06-2024 19:00,129.96,0.91,278.63,41.28
15-06-2024 20:00,124.85,0.61,278.16,29.59
15-06-2024 21:00,125.2,0.86,278.07,17.61
15-06-2024 22:00,126.47,1.18,278.25,14.6
15-06-2024 23:00,124.91,1.28,278.22,13.82
16-06-2024 0:00,117.83,1.32,277.98,12.89
16-06-2024 1:00,116.77,1.14,278.34,6.64
16-06-2024 2:00,117.41,1.08,278.16,6.12
16-06-2024 3:00,103.47,0.44,277.35,3.34
16-06-2024 4:00,102.48,0.17,276.65,2.56
16-06-2024 5:00,117.06,0.66,277.44,3.95
16-06-2024 6:00,107.71,0.46,276.73,3.37
16-06-2024 7:00,280.78,0.17,275.44,1.85
16-06-2024 8:00,105.58,0.49,276.5,3.39
16-06-2024 9:00,101.24,0.34,277.72,20.85
16-06-2024 10:00,87.69,0.27,280.32,-33.34
16-06-2024 11:00,102.68,0.69,281.73,-35.84
16-06-2024 12:00,107.14,1,282.62,-40.24
16-06-2024 13:00,110.22,0.97,282.95,-39.22
16-06-2024 14:00,117.8,0.93,283.35,-39.62
16-06-2024 15:00,112.21,1.14,282.85,-46
16-06-2024 16:00,121.35,1.17,281.84,-56.11
16-06-2024 17:00,128.7,1.42,280.22,-164.39
16-06-2024 18:00,132.36,1.2,279.37,66.74
16-06-2024 19:00,131.38,1.09,279.03,49.93
16-06-2024 20:00,133.74,0.89,278.64,38.3
16-06-2024 21:00,132.37,0.64,279.05,20.98
16-06-2024 22:00,133.37,1.18,279.09,14.47
16-06-2024 23:00,121.51,0.73,277.97,18.93
17-06-2024 0:00,110.9,1.24,278.66,8
17-06-2024 1:00,114.51,1.47,278.18,11
17-06-2024 2:00,98.4,1.33,277.62,9.17
17-06-2024 3:00,86.67,1.06,276.14,12.75
17-06-2024 4:00,62.64,0.98,275.72,1215.58
17-06-2024 5:00,118.31,0.06,276.01,-27.34
17-06-2024 6:00,75.62,0.55,275.92,-38.63
17-06-2024 7:00,89.14,0.63,275.58,-42.25
17-06-2024 8:00,75.17,0.4,276.01,3.4
17-06-2024 9:00,89.35,0.83,277.08,4.94
17-06-2024 10:00,80.33,1.24,277.57,-520.56
17-06-2024 11:00,76.43,1.14,279.06,-74.67
17-06-2024 12:00,71.64,1.45,280.8,-94.48
17-06-2024 13:00,50.95,2.01,281.6,-153.51
17-06-2024 14:00,73.04,1.31,281.98,-139.54
17-06-2024 15:00,73.73,1.12,282.14,-180.18
17-06-2024 16:00,77.8,0.78,281.88,591.47
17-06-2024 17:00,58.86,0.34,281.27,77.19
17-06-2024 18:00,310.22,0.14,280.92,162.84
17-06-2024 19:00,125.72,1.19,279.46,-114.75
17-06-2024 20:00,111.85,1.68,278.31,-134.45
17-06-2024 21:00,120.41,2.46,278.14,-289.85
17-06-2024 22:00,107.08,2.6,278.23,-313.21
17-06-2024 23:00,89.15,2.68,277.45,-252.83
18-06-2024 0:00,90.83,2.73,277.47,-305.74
18-06-2024 1:00,86.6,2.63,276.74,-257.27
18-06-2024 2:00,72.3,2.79,277.6,-605.41
18-06-2024 3:00,48.11,3.53,277.76,-1147.58
18-06-2024 4:00,30.97,4.78,280.17,603.53
18-06-2024 5:00,34.19,5.08,280.22,1845.32
18-06-2024 6:00,41.93,3.74,279.12,-1541.16
18-06-2024 7:00,59.13,3.05,278.05,-471.19
18-06-2024 8:00,78.12,2.88,278.47,-588.32
18-06-2024 9:00,121.49,2.68,278.49,-454.03
18-06-2024 10:00,107.46,2.92,278.96,-658.68
18-06-2024 11:00,117.47,2.79,278.94,-430.26
18-06-2024 12:00,127.68,2.74,278.78,-345.95
18-06-2024 13:00,134.89,2.63,278.53,-297.7
18-06-2024 14:00,130.22,2.74,278.02,-305.45
18-06-2024 15:00,131.39,2.05,278.14,-203.57
18-06-2024 16:00,128.13,1.94,277.94,-199.99
18-06-2024 17:00,138.58,1.67,278.84,-598.09
18-06-2024 18:00,122.21,1.21,279.84,-532.16
18-06-2024 19:00,115.26,1.33,280.56,276.78
18-06-2024 20:00,95.09,0.84,280.62,168.66
18-06-2024 21:00,72.41,2.68,280.01,-548.13
18-06-2024 22:00,67.39,2.94,280.19,-1766.14
18-06-2024 23:00,77.57,2.65,280.37,-1578.56
19-06-2024 0:00,115.06,3.11,277.89,-311.81
19-06-2024 1:00,124.31,2.92,278.53,-455.46
19-06-2024 2:00,131.95,2.31,278.68,-463.29
19-06-2024 3:00,93.16,0.73,277.98,-47.73
19-06-2024 4:00,83.83,1.13,277.76,-118.92
19-06-2024 5:00,136.34,0.85,278.35,-164.82
19-06-2024 6:00,124.5,1.83,276.22,-95.4
19-06-2024 7:00,122.43,2.06,276.72,-178.14
19-06-2024 8:00,149.81,0.87,275.59,-58.57
19-06-2024 9:00,115.65,1.13,274.88,-84.55
19-06-2024 10:00,113.12,1.44,277.95,-66.36
19-06-2024 11:00,104.58,1.56,277.8,-45
19-06-2024 12:00,102.85,1.51,277.94,-49.42
19-06-2024 13:00,108.55,1.47,280.29,-44.67
19-06-2024 14:00,114.53,1.29,282.5,-45.31
19-06-2024 15:00,101.33,1.16,282.47,-47.38
19-06-2024 16:00,127.05,1.55,281.96,-86.89
19-06-2024 17:00,136.58,1.78,280.73,1534.31
19-06-2024 18:00,132.98,1.53,279.71,80.34
19-06-2024 19:00,129.74,1.3,279.16,57.08
19-06-2024 20:00,134.96,0.81,278.66,33.89
19-06-2024 21:00,128.43,0.72,278.52,28.74
19-06-2024 22:00,115.85,1.2,279.08,15.89
19-06-2024 23:00,121.77,1.67,280.49,8.77
20-06-2024 0:00,109.22,0.65,279.49,3.86
20-06-2024 1:00,107.62,0.38,278.67,3.06
20-06-2024 2:00,114.52,0.92,278.85,17.33
20-06-2024 3:00,102.61,0.6,279.12,18.32
20-06-2024 4:00,93.75,0.98,278.82,90.61
20-06-2024 5:00,63.37,1.34,278.86,105.95
20-06-2024 6:00,61.57,1.71,278.85,162.96
20-06-2024 7:00,57.46,0.74,278.85,34.92
20-06-2024 8:00,46.56,1.01,278.88,13.77
20-06-2024 9:00,52.67,1.11,278.79,15.23
20-06-2024 10:00,34.77,1.47,280.04,114.47
20-06-2024 11:00,56.1,2.32,280.83,-438.27
20-06-2024 12:00,60.54,1.8,281.1,-137.43
20-06-2024 13:00,62.06,1.6,281.5,-100.7
20-06-2024 14:00,62.74,1.36,281.33,-122.55
20-06-2024 15:00,79.56,1.47,281.11,-132.72
20-06-2024 16:00,83.8,1.35,281.13,-754.63
20-06-2024 17:00,84.81,1.38,280.52,519
20-06-2024 18:00,88.02,1.17,280.28,261.57
20-06-2024 19:00,82.84,0.55,280.45,58.93
20-06-2024 20:00,84.61,0.88,280.6,132.7
20-06-2024 21:00,69.57,1.39,280.95,-697.5
20-06-2024 22:00,79.22,1.16,281.13,922.7
20-06-2024 23:00,77.92,1.06,281.11,584.07
21-06-2024 0:00,124.16,1.36,280.64,-316.83
21-06-2024 1:00,133.16,1.57,279.32,-163.06
21-06-2024 2:00,130.28,0.68,279.27,-66.99
21-06-2024 3:00,170.72,0.56,279.74,-912
21-06-2024 4:00,120.95,0.77,279.06,-85.25
21-06-2024 5:00,112.63,0.76,277.38,-72.06
21-06-2024 6:00,127.39,0.82,277.55,-81.15
21-06-2024 7:00,104.88,1.61,277.52,-135.99
21-06-2024 8:00,109.37,2.37,278.05,-401
21-06-2024 9:00,112.84,2.62,278.16,-546.28
21-06-2024 10:00,102.67,3.12,279.08,-670.01
21-06-2024 11:00,89.98,3.04,279.59,-494.09
21-06-2024 12:00,96,3.11,279.29,-272.1
21-06-2024 13:00,93.11,2.81,279.44,-223.5
21-06-2024 14:00,93.53,2.9,279.04,-210.43
21-06-2024 15:00,103.47,2.91,278.57,-239.97
21-06-2024 16:00,98.38,2.96,278.43,-306.06
21-06-2024 17:00,106.15,3.15,278.14,-735.17
21-06-2024 18:00,109.14,2.98,278.58,-2050.26
21-06-2024 19:00,106.67,2.91,278.89,1826.69
21-06-2024 20:00,103.87,2.9,278.35,-8336.85
21-06-2024 21:00,93.29,2.46,278.4,228.48
21-06-2024 22:00,78.73,2.43,278.8,134.27
21-06-2024 23:00,73.28,2.78,278.44,241.67
22-06-2024 0:00,74.02,2.97,278.08,899.05
22-06-2024 1:00,80.78,2.64,277.63,-418.4
22-06-2024 2:00,86.86,2.64,278.18,-1696.58
22-06-2024 3:00,87.11,2.88,277.71,-486.31
22-06-2024 4:00,97.23,2.3,278.73,1122.9
22-06-2024 5:00,111.06,2.23,278.83,-2219.15
22-06-2024 6:00,111.88,1.62,278.61,-254.97
22-06-2024 7:00,126.22,1.79,278.63,-332.22
22-06-2024 8:00,126.55,2.1,278.17,-252.14
22-06-2024 9:00,120.75,2.26,276.4,-152.64
22-06-2024 10:00,123.66,2.19,276.28,-148.29
22-06-2024 11:00,112.3,1.89,276.33,-122.93
22-06-2024 12:00,127.61,1.78,277.84,-111.92
22-06-2024 13:00,139.09,1.56,278.77,-68.36
22-06-2024 14:00,145.74,2.32,279.19,-179.96
22-06-2024 15:00,131.34,2.29,277.8,-126.15
22-06-2024 16:00,123.66,2.21,277.33,-160.29
22-06-2024 17:00,138.43,2.45,277.75,-421.08
22-06-2024 18:00,130.01,1.82,277.2,-169.45
22-06-2024 19:00,135.1,2.08,277.3,-253.69
22-06-2024 20:00,135.38,1.81,277,-164.84
22-06-2024 21:00,138.09,2.04,275.69,-147.89
22-06-2024 22:00,147.07,1.57,275.39,-86.05
22-06-2024 23:00,154.14,1.59,275.3,-96.73
23-06-2024 0:00,150.01,0.9,275.53,-52.33
23-06-2024 1:00,147.45,1.08,275.55,-62.2
23-06-2024 2:00,151.58,1.22,275.68,-77.92
23-06-2024 3:00,135.6,0.59,275.56,30.05
23-06-2024 4:00,165.71,1.18,276.65,7.76
23-06-2024 5:00,110.56,1.38,273.96,-133.32
23-06-2024 6:00,141.61,1.31,274.2,-83.07
23-06-2024 7:00,56.37,0.15,273.26,-25.07
23-06-2024 8:00,88.77,0.93,272.66,-77.98
23-06-2024 9:00,91.15,0.32,273.97,-32.28
23-06-2024 10:00,64.49,0.02,275.7,-24.23
23-06-2024 11:00,103.66,0.27,279.1,-27.28
23-06-2024 12:00,104.42,1.19,279.58,-37.62
23-06-2024 13:00,104.59,1.55,279.55,-43.59
23-06-2024 14:00,121.11,1.75,278.69,-47.49
23-06-2024 15:00,128.02,1.84,278.06,-53.2
23-06-2024 16:00,137.43,2.09,277.4,-74.84
23-06-2024 17:00,142.06,2.31,277.18,-293.77
23-06-2024 18:00,149.7,1.45,276.85,109.1
23-06-2024 19:00,146.81,1.32,276.95,60.11
23-06-2024 20:00,149.09,0.55,276.52,23.64
23-06-2024 21:00,231.39,0.89,277.95,7.89
23-06-2024 22:00,334.48,0.07,277.66,-27.79
23-06-2024 23:00,202.07,0.3,277.7,-32.33
24-06-2024 0:00,215.02,0.44,277.85,17.89
24-06-2024 1:00,193.72,0.43,277.84,38.34
24-06-2024 2:00,199.36,0.36,277.87,35.96
24-06-2024 3:00,211.51,0.76,278.04,75.82
24-06-2024 4:00,218.04,1.37,278.05,236.23
24-06-2024 5:00,219.7,1.04,277.89,729.54
24-06-2024 6:00,233.39,0.37,277.69,-65.58
24-06-2024 7:00,220.91,0.88,277.8,-267.97
24-06-2024 8:00,213.44,0.87,277.86,-212.62
24-06-2024 9:00,180.75,0.58,277.77,-57.88
24-06-2024 10:00,199.06,0.96,278.11,-74.36
24-06-2024 11:00,210.74,1.31,278.76,-92.74
24-06-2024 12:00,133.47,0.47,278.85,-39.99
24-06-2024 13:00,190.42,1.2,280.04,-42.63
24-06-2024 14:00,204.23,0.99,280.62,-43.48
24-06-2024 15:00,110.28,1.51,279.08,-45.63
24-06-2024 16:00,131.48,1.56,277.99,-53.8
24-06-2024 17:00,114.09,1.56,277.63,-93.97
24-06-2024 18:00,104.32,0.74,277.29,7.83
24-06-2024 19:00,124.25,0.54,276.22,21.3
24-06-2024 20:00,150.87,0.95,276.53,17.54
24-06-2024 21:00,180.43,1.08,275.63,-62.49
24-06-2024 22:00,161.29,1.86,276.26,-169.59
24-06-2024 23:00,157.8,1.54,275.17,-87.68
25-06-2024 0:00,142.03,1.49,274.84,-128.09
25-06-2024 1:00,128.34,0.9,274.84,50.63
25-06-2024 2:00,287.87,0.08,274.49,1.94
25-06-2024 3:00,57.95,0.65,273.58,-40.2
25-06-2024 4:00,78.97,0.9,273.14,-90.49
25-06-2024 5:00,83.2,0.32,273.06,7.47
25-06-2024 6:00,91.69,0.24,273.57,-26.89
25-06-2024 7:00,91.16,0.53,273.55,-33.76
25-06-2024 8:00,80.56,0.8,273.03,-42.36
25-06-2024 9:00,79.9,0.64,273.15,-34.67
25-06-2024 10:00,216.81,0.04,275.54,-24.63
25-06-2024 11:00,98.09,1.25,275.17,-37.07
25-06-2024 12:00,98.44,1.02,277.28,-34.76
25-06-2024 13:00,105.3,1.27,278.96,-39.95
25-06-2024 14:00,114.61,1.72,279.05,-50.44
25-06-2024 15:00,117.42,2.12,277.28,-63.72
25-06-2024 16:00,117.67,1.31,277.47,-51.18
25-06-2024 17:00,144.57,1.65,277.51,-208.14
25-06-2024 18:00,144.28,1.13,277.08,48.16
25-06-2024 19:00,131.25,1.41,277.44,12.01
25-06-2024 20:00,124.85,0.76,277.08,4.64
25-06-2024 21:00,138.65,1.63,277.12,9.96
25-06-2024 22:00,159.04,1.62,276.88,11.84
25-06-2024 23:00,162.2,1.63,276.75,10.57
26-06-2024 0:00,161.47,1.1,276.37,6.08
26-06-2024 1:00,195.6,1.21,276.43,6.17
26-06-2024 2:00,191.52,0.78,275.9,4.31
26-06-2024 3:00,206.02,0.67,275.24,4.01
26-06-2024 4:00,195.78,0.91,275.16,5.05
26-06-2024 5:00,187.7,0.79,275.3,4.24
26-06-2024 6:00,351.98,0.4,272.85,1.53
26-06-2024 7:00,348.71,0.67,271.79,1.26
26-06-2024 8:00,353.49,0.92,270.94,1
26-06-2024 9:00,157.23,0.3,275.18,3.2
26-06-2024 10:00,184.95,0.02,277.26,-27.61
26-06-2024 11:00,97.58,0.25,280,-26.77
26-06-2024 12:00,91.16,0.33,281.47,-30.21
26-06-2024 13:00,112.98,1.18,280.92,-41.89
26-06-2024 14:00,120.53,1.43,281.08,-51.57
26-06-2024 15:00,123.75,1.04,281.71,-46.98
26-06-2024 16:00,128.04,1.29,281.54,-71.79
26-06-2024 17:00,144.21,0.67,281.31,120.38
26-06-2024 18:00,329.99,0.44,278.73,1.38
26-06-2024 19:00,164.37,1.04,279.53,7.11
26-06-2024 20:00,155.23,1.07,279.49,6.33
26-06-2024 21:00,144.67,1.24,280.26,10.86
26-06-2024 22:00,135.51,1.62,281,10.31
26-06-2024 23:00,148.89,1.74,280.78,11.25
27-06-2024 0:00,140.29,1.52,281.07,7.84
27-06-2024 1:00,131.15,1.11,280.67,5.47
27-06-2024 2:00,149.28,1.88,281.08,9.6
27-06-2024 3:00,136.34,1.92,281.04,10.7
27-06-2024 4:00,123.76,1.65,280.81,8.14
27-06-2024 5:00,131.47,1.51,280.59,7.3
27-06-2024 6:00,104.66,1.62,279.95,9.23
27-06-2024 7:00,119.05,1.67,280.35,8.21
27-06-2024 8:00,115.32,1.34,279.92,6.58
27-06-2024 9:00,108.97,0.82,279.29,4.92
27-06-2024 10:00,163.84,0.33,279.61,22.47
27-06-2024 11:00,305.61,0.1,280.6,-35.25
27-06-2024 12:00,241.94,0.08,281.32,-30.75
27-06-2024 13:00,95.61,0.06,282.29,-32.43
27-06-2024 14:00,46.28,0.1,282.61,-32.1
27-06-2024 15:00,134.49,0.43,282.01,-45.65
27-06-2024 16:00,79.12,0.96,279.12,-58.53
27-06-2024 17:00,110.45,0.51,278.97,5.84
27-06-2024 18:00,262.2,0.69,276.81,1
27-06-2024 19:00,109.96,0.8,278.21,5.59
27-06-2024 20:00,98.97,0.59,276.8,28.99
27-06-2024 21:00,108.88,1.34,277.59,11.51
27-06-2024 22:00,151.9,0.26,277.12,2.85
27-06-2024 23:00,107.27,0.42,276.69,3.41
28-06-2024 0:00,116.02,0.68,276.85,4.27
28-06-2024 1:00,315.81,0.89,273.54,1
28-06-2024 2:00,15.78,0.83,273.65,1
28-06-2024 3:00,156.15,0.56,276.21,-82.74
28-06-2024 4:00,205.47,0.39,277.48,31.31
28-06-2024 5:00,201.89,1.39,277.98,-448.61
28-06-2024 6:00,201.09,1.3,277.92,-143.11
28-06-2024 7:00,196.91,1.27,277.57,-103.09
28-06-2024 8:00,204.15,1.31,277.42,-108.19
28-06-2024 9:00,211.38,1.21,277.24,-78.19
28-06-2024 10:00,212.58,1.32,277.44,-69.95
28-06-2024 11:00,213.88,1.5,278.53,-58.12
28-06-2024 12:00,222.26,1.86,280.06,-52.63
28-06-2024 13:00,214.12,1,281.97,-35.82
28-06-2024 14:00,217.43,0.47,282.85,-29.62
28-06-2024 15:00,213.63,1.33,283.47,-48.03
28-06-2024 16:00,195.29,1.07,283.29,-50.16
28-06-2024 17:00,172.01,0.63,281.55,-52.98
28-06-2024 18:00,170.79,0.29,279.98,3.34
28-06-2024 19:00,127.99,0.46,279.24,-36.3
28-06-2024 20:00,175.01,0.41,279.02,-33.09
28-06-2024 21:00,182.6,0.69,279.04,-43.88
28-06-2024 22:00,172.42,0.61,277.97,-38.03
28-06-2024 23:00,171.78,0.14,277.67,-28.91
29-06-2024 0:00,85.89,0.39,275.65,-30.47
29-06-2024 1:00,107.47,0.47,274.86,-31.66
29-06-2024 2:00,77.31,0.48,274.65,-34.97
29-06-2024 3:00,72.79,0.47,274.75,-36.55
29-06-2024 4:00,61.95,0.89,273.6,-45.15
29-06-2024 5:00,55.87,0.55,273.81,-38.72
29-06-2024 6:00,134.23,0.48,275.07,-51.18
29-06-2024 7:00,121.62,0.41,275.78,222
29-06-2024 8:00,290.33,0.81,272.67,1
29-06-2024 9:00,79.15,1.51,276.18,10.3
29-06-2024 10:00,85.24,0.99,276.84,-643.71
29-06-2024 11:00,43.68,0.02,279.75,-29.18
29-06-2024 12:00,266.38,0.22,284.9,-33.31
29-06-2024 13:00,269.6,0.11,287,-33.63
29-06-2024 14:00,18.4,0.21,287.82,-35.41
29-06-2024 15:00,58.31,0.88,287.04,-49.9
29-06-2024 16:00,70.35,0.49,286.36,-55.41
29-06-2024 17:00,145.02,0.23,284.49,65.25
29-06-2024 18:00,181.85,0.7,282.2,20.07
29-06-2024 19:00,176.97,0.88,281.14,18.65
29-06-2024 20:00,165.17,1.04,281.59,5.88
29-06-2024 21:00,156.19,0.46,280.48,3.32
29-06-2024 22:00,342.09,0.65,277.16,1.32
29-06-2024 23:00,99.72,0.84,279.72,4.46
30-06-2024 0:00,111.95,0.72,278.67,4.32
30-06-2024 1:00,109.72,1.37,278.66,7.62
30-06-2024 2:00,275.89,1.06,275.05,1
30-06-2024 3:00,115.88,0.44,277.1,3.2
30-06-2024 4:00,115.04,1.42,277.75,7.3
30-06-2024 5:00,112.7,0.99,278.51,4.59
30-06-2024 6:00,103.21,1.35,278.29,6.28
30-06-2024 7:00,106.37,0.34,277.4,2.82
30-06-2024 8:00,99.6,0.44,277.34,3.05
30-06-2024 9:00,88.54,1.1,278.78,8.16
30-06-2024 10:00,103.03,0.38,281.05,-40.32
30-06-2024 11:00,272.2,0.15,284.97,-34.86
30-06-2024 12:00,166.53,0.11,287.14,-33.15
30-06-2024 13:00,80.97,0.12,288.93,-34
30-06-2024 14:00,6.85,0.07,289.37,-35.38
30-06-2024 15:00,131.93,0.09,288.61,-39.07
30-06-2024 16:00,204.69,1.12,288.01,-88.53
30-06-2024 17:00,166.33,0.06,286.01,253.17
30-06-2024 18:00,160.15,0.93,283.85,6.83
30-06-2024 19:00,157.17,1.43,282.55,10.54
30-06-2024 20:00,137.72,1.38,281.52,13.06
30-06-2024 21:00,138.5,1.89,282.8,10.02
30-06-2024 22:00,106.1,1.19,281.62,6.17
30-06-2024 23:00,109.33,0.49,278.62,23.02
01-07-2024 0:00,119.39,0.12,278.88,2.45
01-07-2024 1:00,87.2,1.18,279.3,6.35
01-07-2024 2:00,112.19,1.73,279.13,10.73
01-07-2024 3:00,106.09,1.26,279.78,5.77
01-07-2024 4:00,90.56,0.25,277.73,2.72
01-07-2024 5:00,104.6,1.62,279.33,7.71
01-07-2024 6:00,108.26,1.24,279.57,5.44
01-07-2024 7:00,90.44,0.43,277.92,3.11
01-07-2024 8:00,114.73,0.6,278.77,3.38
01-07-2024 9:00,110.55,1.48,280.78,8.61
01-07-2024 10:00,75.7,0.49,282.62,-54.24
01-07-2024 11:00,43.18,0.14,285.9,-36.48
01-07-2024 12:00,235.14,0,287.89,-34.37
01-07-2024 13:00,128.88,0.13,289.47,-38.88
01-07-2024 14:00,156.08,0.84,289.5,-52.41
01-07-2024 15:00,160.67,1.86,288.53,-112.26
01-07-2024 16:00,164.89,1.64,287.9,-198.02
01-07-2024 17:00,162.41,1.21,285.25,334.6
01-07-2024 18:00,158.49,0.59,282.8,31.98
01-07-2024 19:00,147.15,1.47,283.01,12.57
01-07-2024 20:00,136.27,1.71,282.92,10.18
01-07-2024 21:00,120.38,1.69,281.81,10.9
01-07-2024 22:00,115.13,1.77,281.34,10.34
01-07-2024 23:00,116.47,1.64,281.11,8.56
02-07-2024 0:00,114.98,1.46,280.56,7.47
02-07-2024 1:00,114.12,1.4,280.65,6.34
02-07-2024 2:00,90.88,1.14,279.42,5.83
02-07-2024 3:00,285.47,0.56,276.08,1.47
02-07-2024 4:00,290.37,0.37,276.59,1.7
02-07-2024 5:00,305.44,0.69,275.07,1.38
02-07-2024 6:00,135.23,0.03,277.45,2.23
02-07-2024 7:00,136.25,0.24,277.88,2.6
02-07-2024 8:00,160.35,1.72,280.16,7.03
02-07-2024 9:00,178.3,1.68,281.1,10.24
02-07-2024 10:00,256.04,0.2,282.05,-37.7
02-07-2024 11:00,229.16,0.58,285.23,-44.21
02-07-2024 12:00,211.79,0.88,286.35,-44.96
02-07-2024 13:00,208.3,1.09,287.39,-49.5
02-07-2024 14:00,215.01,1.89,287.32,-81.73
02-07-2024 15:00,215.89,2.19,286.53,-130.89
02-07-2024 16:00,218.89,1.45,286.14,-219.81
02-07-2024 17:00,214.09,0.6,284.51,5.78
02-07-2024 18:00,146.97,1,281.94,8.78
02-07-2024 19:00,127.25,1.34,280.94,9.98
02-07-2024 20:00,168.25,0.65,280.14,4.25
02-07-2024 21:00,173.03,0.93,281.24,5.13
02-07-2024 22:00,167.58,1.09,281.27,5.31
02-07-2024 23:00,176.4,1.25,281.01,5.98
03-07-2024 0:00,212.9,0.2,278.62,2.66
03-07-2024 1:00,213.8,0.3,278.4,-51.33
03-07-2024 2:00,219.43,0.21,277.85,-34.08
03-07-2024 3:00,195.68,0.4,278.07,-49.77
03-07-2024 4:00,199.09,0.59,278.34,-56.94
03-07-2024 5:00,167.97,0.72,277.71,-51.73
03-07-2024 6:00,177.34,0.97,277.76,-77.15
03-07-2024 7:00,186.04,0.31,276.92,24.5
03-07-2024 8:00,156.36,0.62,276.55,66.27
03-07-2024 9:00,137.42,0.96,276.09,-55.97
03-07-2024 10:00,133.36,0.62,276.65,-34.34
03-07-2024 11:00,232.1,2.1,280.56,-170.36
03-07-2024 12:00,220.56,2.01,282.01,-84.59
03-07-2024 13:00,215.74,2.05,282.96,-78.34
03-07-2024 14:00,213.63,2.58,283.54,-110.97
03-07-2024 15:00,213.32,2.88,283.52,-160.1
03-07-2024 16:00,211.35,2.73,282.91,-256.22
03-07-2024 17:00,208.54,2.77,281.37,1287.92
03-07-2024 18:00,205.64,2.4,280.29,-260.62
03-07-2024 19:00,205.5,1.95,279.55,-153.6
03-07-2024 20:00,203.92,1.77,278.98,-130.59
03-07-2024 21:00,204.93,1.78,278.61,-135.74
03-07-2024 22:00,205.78,2.01,278.43,-182.74
03-07-2024 23:00,205.77,2,278.22,-187
04-07-2024 0:00,211.75,2.25,278.2,-251.84
04-07-2024 1:00,208.71,2.05,278.08,-210.58
04-07-2024 2:00,207.79,2.08,277.85,-207.18
04-07-2024 3:00,199.83,1.95,277.36,-157.68
04-07-2024 4:00,196.65,1.76,277.01,-129.74
04-07-2024 5:00,196.68,1.8,276.73,-132.49
04-07-2024 6:00,200.35,1.8,276.5,-131.9
04-07-2024 7:00,198.64,1.8,276.02,-121.14
04-07-2024 8:00,195.96,1.89,275.68,-149.03
04-07-2024 9:00,198.9,2.12,275.62,-235.72
04-07-2024 10:00,198.25,2.06,276.77,-86.05
04-07-2024 11:00,213.33,2.3,278.98,-78.07
04-07-2024 12:00,209.95,2.36,280.42,-73.81
04-07-2024 13:00,211.28,2.64,281.46,-84.02
04-07-2024 14:00,210.73,3.08,281.76,-111.54
04-07-2024 15:00,209.03,3.42,281.79,-156.73
04-07-2024 16:00,210.7,3.38,281.79,-233.21
04-07-2024 17:00,208.18,3.08,280.75,-1205.84
04-07-2024 18:00,202.36,2.77,279.26,260.43
04-07-2024 19:00,206.92,2.54,278.2,243.74
04-07-2024 20:00,209.04,2.14,277.16,184.74
04-07-2024 21:00,207.44,2.37,276.88,223.79
04-07-2024 22:00,204.18,2.12,276.28,169.85
04-07-2024 23:00,203.53,1.93,275.74,138.01
05-07-2024 0:00,201.47,1.76,275.19,122.97
05-07-2024 1:00,196.9,1.76,274.45,-461.02
05-07-2024 2:00,180.54,0.87,274.12,-49.05
05-07-2024 3:00,182.18,0.67,273.89,-40
05-07-2024 4:00,190.35,0.61,273.91,-38.69
05-07-2024 5:00,206.76,0.43,273.83,-32.47
05-07-2024 6:00,216.29,0.11,273.55,-27.08
05-07-2024 7:00,354.47,0.03,273.14,-23.74
05-07-2024 8:00,61.25,0.48,272.49,1
05-07-2024 9:00,163.25,0.41,273.39,-30.53
05-07-2024 10:00,233.78,1.38,276.93,-57.68
05-07-2024 11:00,233.25,1.06,279.66,-40.72
05-07-2024 12:00,228.97,1.74,281.83,-60.05
05-07-2024 13:00,225.34,2.08,283.14,-73.34
05-07-2024 14:00,221.97,2.24,284,-87.65
05-07-2024 15:00,220.91,2.16,284.56,-105.1
05-07-2024 16:00,220.24,2.37,283.82,-156.66
05-07-2024 17:00,212.11,2.38,282.25,-8446.91
05-07-2024 18:00,201.15,1.69,280.03,106.09
05-07-2024 19:00,205.89,1.55,278.58,90.26
05-07-2024 20:00,201.13,1.17,277.34,62.4
05-07-2024 21:00,197.69,0.69,276.19,19.79
05-07-2024 22:00,199.86,0.84,275.6,16.69
05-07-2024 23:00,176.38,0.6,275.01,5.2
06-07-2024 0:00,147.19,0.58,274.77,-41.86
06-07-2024 1:00,132.82,0.4,274.43,-34.79
06-07-2024 2:00,90.16,0.16,274.32,-29.67
06-07-2024 3:00,33.83,0.09,274.2,-28.42
06-07-2024 4:00,243.94,0.08,273.84,-26.69
06-07-2024 5:00,223.33,0.01,273.61,-27.36
06-07-2024 6:00,35.31,0.02,273.76,-27.8
06-07-2024 7:00,70.61,0.02,273.7,-27.34
06-07-2024 8:00,140.35,0.42,273.15,-29.16
06-07-2024 9:00,148.47,0.85,272.75,-111.92
06-07-2024 10:00,226.39,0.48,275.04,-29.46
06-07-2024 11:00,226.85,1.65,278.52,-55.97
06-07-2024 12:00,219.81,2.08,280.01,-65
06-07-2024 13:00,217.9,2.36,281.33,-76.76
06-07-2024 14:00,219.1,2.45,282.04,-83.86
06-07-2024 15:00,219.02,2.8,282.29,-116.76
06-07-2024 16:00,217.14,2.88,281.94,-180.3
06-07-2024 17:00,214.26,2.75,281.01,-1535.85
06-07-2024 18:00,210.97,2.32,279.38,181.48
06-07-2024 19:00,208.86,2.05,278.38,142.97
06-07-2024 20:00,211.8,1.86,277.35,141.66
06-07-2024 21:00,213.84,1.98,276.98,194.61
06-07-2024 22:00,203.54,1.22,275.99,93.41
06-07-2024 23:00,197.6,1.49,275.39,400.83
07-07-2024 0:00,195.67,1.59,275.28,-340.29
07-07-2024 1:00,194.88,1.11,274.77,56.8
07-07-2024 2:00,189.34,1.21,274.68,-85.49
07-07-2024 3:00,179.09,0.89,274.45,-53.24
07-07-2024 4:00,155.2,0.71,274.22,-43.04
07-07-2024 5:00,160.43,0.88,274.17,-52.53
07-07-2024 6:00,189.33,1.12,274.75,8.37
07-07-2024 7:00,167.33,0.41,273.51,3.7
07-07-2024 8:00,94.41,0.23,272.94,22.11
07-07-2024 9:00,86.6,0.21,273.2,-26.07
07-07-2024 10:00,1.07,0.16,274.2,-26.79
07-07-2024 11:00,246.02,0.63,279.43,-33.78
07-07-2024 12:00,219.98,1.75,281.92,-60.03
07-07-2024 13:00,222.39,2.05,282.99,-68.35
07-07-2024 14:00,220.25,2.32,283.7,-88.3
07-07-2024 15:00,218.09,2.48,283.84,-115.93
07-07-2024 16:00,217,2.67,283.55,-215.69
07-07-2024 17:00,214.25,2.44,282.4,897.44
07-07-2024 18:00,211.6,1.26,280.16,61.17
07-07-2024 19:00,210.6,1.19,278.89,57.65
07-07-2024 20:00,202.3,0.68,277.54,31.11
07-07-2024 21:00,195.59,1.26,277.41,11.28
07-07-2024 22:00,195.65,1.29,276.98,9.72
07-07-2024 23:00,185.51,0.51,275.97,3.91
08-07-2024 0:00,181.14,0.44,275.35,3.51
08-07-2024 1:00,131.26,0.54,275.44,-45.84
08-07-2024 2:00,137.03,0.54,275.16,-39.11
08-07-2024 3:00,135.58,0.2,274.81,-30.31
08-07-2024 4:00,104.84,0.55,274.33,-39.66
08-07-2024 5:00,132.84,0.61,274.61,-45.4
08-07-2024 6:00,141.76,0.36,274.55,-33.34
08-07-2024 7:00,134.52,0.38,274.39,-33.33
08-07-2024 8:00,158.48,0.24,274.31,-29.25
08-07-2024 9:00,153.37,0.16,274.33,-26
08-07-2024 10:00,73.83,0.15,278.11,-25.79
08-07-2024 11:00,266.94,0.52,281.57,-33.66
08-07-2024 12:00,235.3,0.8,283.89,-38.59
08-07-2024 13:00,228.75,1.38,285.55,-54.26
08-07-2024 14:00,218.16,1.9,285.67,-73.06
08-07-2024 15:00,220.39,2.01,285.51,-89
08-07-2024 16:00,223.46,2.21,284.9,-159.54
08-07-2024 17:00,215.02,2.31,283.38,16167.32
08-07-2024 18:00,202.83,1.38,281.08,74.3
08-07-2024 19:00,200.32,0.62,279.29,19.79
08-07-2024 20:00,204.4,1.08,278.43,15.1
08-07-2024 21:00,212.85,0.71,277.9,21.15
08-07-2024 22:00,196.45,1.05,277.95,18.3
08-07-2024 23:00,201.55,1.49,278.81,8.41
09-07-2024 0:00,204.18,0.54,277.39,3.63
09-07-2024 1:00,289.65,0.48,274.18,1.31
09-07-2024 2:00,103.29,0.48,275.7,-43.8
09-07-2024 3:00,106.52,0.48,275.32,-39.74
09-07-2024 4:00,130.91,0.57,275.05,-41.39
09-07-2024 5:00,128.78,0.36,274.42,-33.49
09-07-2024 6:00,158.07,0.12,274.43,-29.11
09-07-2024 7:00,55.53,0.08,274.32,-29.15
09-07-2024 8:00,123.33,0.06,274.1,-27.9
09-07-2024 9:00,66.89,0.02,273.97,-27.43
09-07-2024 10:00,165.59,0.08,275.11,-23.97
09-07-2024 11:00,153.45,0.06,278.72,-24.92
09-07-2024 12:00,281.22,0.33,281.92,-29.86
09-07-2024 13:00,270.52,1.06,283.59,-47.64
09-07-2024 14:00,246.76,1.16,284.08,-58.46
09-07-2024 15:00,217.41,1.96,283.72,-92.24
09-07-2024 16:00,217.44,2.24,283.1,-137.99
09-07-2024 17:00,215.1,2.07,282.04,-13114.61
09-07-2024 18:00,211.86,1.85,280.13,112.68
09-07-2024 19:00,203.53,1.77,279.04,107.42
09-07-2024 20:00,207.99,1.4,278.39,65.8
09-07-2024 21:00,187.07,0.04,277.05,2.32
09-07-2024 22:00,197.43,0.54,274.94,1
09-07-2024 23:00,102.3,0.18,276.04,-30.11
10-07-2024 0:00,157.96,0.06,276.71,-26.69
10-07-2024 1:00,65.2,0.05,276.88,-24.98
10-07-2024 2:00,273.36,0.39,276.78,-31.9
10-07-2024 3:00,268.79,0.09,276.44,-24.97
10-07-2024 4:00,286.77,0.46,276.36,-35.04
10-07-2024 5:00,85.57,0.09,276.27,-26.11
10-07-2024 6:00,137.74,0.54,275.86,-37.31
10-07-2024 7:00,102.77,0.63,275.96,-43.97
10-07-2024 8:00,292.26,0.56,276.11,-40.98
10-07-2024 9:00,264.05,0.26,275.93,-28.81
10-07-2024 10:00,185.59,0.28,276.24,-27.34
10-07-2024 11:00,266.42,0.92,278.84,-39.31
10-07-2024 12:00,240.11,1.59,279.98,-52.88
10-07-2024 13:00,217.93,2.24,281.07,-72.03
10-07-2024 14:00,216.39,2.62,281.37,-92.5
10-07-2024 15:00,215.35,2.74,281.55,-117.49
10-07-2024 16:00,215.36,2.57,281.34,-159.53
10-07-2024 17:00,215.31,2.26,280.66,-6307.65
10-07-2024 18:00,211.81,1.62,278.95,86.24
10-07-2024 19:00,204.62,0.96,277.73,41.21
10-07-2024 20:00,206.11,0.83,276.74,38.1
10-07-2024 21:00,210.32,0.92,276.35,56.2
10-07-2024 22:00,206.08,1.14,275.73,56.1
10-07-2024 23:00,186.17,0.56,274.97,7.14
11-07-2024 0:00,145.61,0.34,274.53,-31.73
11-07-2024 1:00,126.5,0.49,274.56,-44.32
11-07-2024 2:00,93.89,1.11,274.12,464.64
11-07-2024 3:00,110.29,0.45,274.1,-36.88
11-07-2024 4:00,121.2,0.37,274.04,-34.23
11-07-2024 5:00,117.34,0.45,273.89,-36.37
11-07-2024 6:00,109.27,0.44,273.81,-35.52
11-07-2024 7:00,109.77,0.36,273.66,-33.2
11-07-2024 8:00,104.14,0.36,273.61,-33.77
11-07-2024 9:00,95.72,0.28,274.05,-29.56
11-07-2024 10:00,31.22,0.12,275.78,-25.49
11-07-2024 11:00,12.92,0.26,279.71,-28.32
11-07-2024 12:00,323.59,0.21,282.18,-29.84
11-07-2024 13:00,269.5,1.08,283.17,-45.13
11-07-2024 14:00,243.25,1.52,283.85,-60.45
11-07-2024 15:00,221.27,1.95,283.7,-86.72
11-07-2024 16:00,222.44,2.15,283.26,-127.9
11-07-2024 17:00,217.99,1.56,282.42,685.52
11-07-2024 18:00,218.43,0.49,279.61,27.84
11-07-2024 19:00,199.21,1,278.61,15.97
11-07-2024 20:00,185.08,1.52,278.94,10.9
11-07-2024 21:00,167.32,0.1,277.33,2.38
11-07-2024 22:00,285.57,1.03,275.2,1
11-07-2024 23:00,300.64,0.78,272.91,1.16
12-07-2024 0:00,131.34,0.89,277.35,4.22
12-07-2024 1:00,318.71,0.8,272.54,1.23
12-07-2024 2:00,289.96,1.19,272.22,1
12-07-2024 3:00,7.35,0.69,272.33,1.41
12-07-2024 4:00,63.17,1.28,270.55,1
12-07-2024 5:00,93.99,1.42,272.44,1
12-07-2024 6:00,327.98,1.52,271.54,1
12-07-2024 7:00,119.46,1.28,276.04,1
12-07-2024 8:00,308.52,1.49,273.24,1
12-07-2024 9:00,296.12,0.83,273.19,1.22
12-07-2024 10:00,65.69,0.42,280.31,-52.13
12-07-2024 11:00,126.37,0.03,283.61,-35.74
12-07-2024 12:00,281.42,0.43,285.6,-39.18
12-07-2024 13:00,275.5,0.65,286.86,-43.68
12-07-2024 14:00,265.57,1.08,287.34,-52.19
12-07-2024 15:00,241.2,1.12,287.26,-64.95
12-07-2024 16:00,216.96,1.25,286.59,-91.2
12-07-2024 17:00,206.93,1.29,284.89,550.12
12-07-2024 18:00,190.1,0.45,281.53,28.51
12-07-2024 19:00,212.02,0.53,280.25,4.46
12-07-2024 20:00,230.17,0.28,279.28,2.91
12-07-2024 21:00,308.87,0.34,278.18,1.59
12-07-2024 22:00,112.83,0.37,278.96,3.13
12-07-2024 23:00,276.74,0.48,276.11,1.43
13-07-2024 0:00,283.74,0.75,274.41,1.17
13-07-2024 1:00,100.63,0.76,277.57,4.24
13-07-2024 2:00,83.57,0.46,276.73,3.31
13-07-2024 3:00,82.6,0.14,275.65,2.46
13-07-2024 4:00,249.67,0.33,273.83,1.62
13-07-2024 5:00,90.64,0.36,275.49,42.29
13-07-2024 6:00,88.44,1.02,276.2,8.7
13-07-2024 7:00,257.85,0.94,271.77,1
13-07-2024 8:00,242.26,1.01,270.98,1
13-07-2024 9:00,289.2,0.67,274.86,1
13-07-2024 10:00,339.39,0.08,279.04,-28.74
13-07-2024 11:00,103.62,0.03,282.49,-29.22
13-07-2024 12:00,283.34,0.26,284.81,-32.74
13-07-2024 13:00,286.89,0.95,285.89,-43.08
13-07-2024 14:00,249.55,1.15,286.65,-49.88
13-07-2024 15:00,222.84,1.69,286.55,-77.4
13-07-2024 16:00,221.84,1.69,285.84,-118.12
13-07-2024 17:00,220.28,1.26,284.4,413.8
13-07-2024 18:00,212.86,1,282.12,7.43
13-07-2024 19:00,201.35,1.59,280.97,12.17
13-07-2024 20:00,322.21,0.12,278.71,1.99
13-07-2024 21:00,144.25,0.9,280.01,4.45
13-07-2024 22:00,139.32,1.1,279.69,5.17
13-07-2024 23:00,135.27,1.89,280.05,8.53
14-07-2024 0:00,152.29,1.52,279.25,7.12
14-07-2024 1:00,334.64,0.4,275.27,1.61
14-07-2024 2:00,319.67,0.95,272.49,1.16
14-07-2024 3:00,317.19,1.29,272.47,1
14-07-2024 4:00,27.3,1.21,270.8,1
14-07-2024 5:00,301.09,1.18,272.15,1
14-07-2024 6:00,84.31,0.73,275.37,3.77
14-07-2024 7:00,103.55,0.5,275.11,3.11
14-07-2024 8:00,99.31,0.18,274.4,2.45
14-07-2024 9:00,97.28,0.33,276.97,2.98
14-07-2024 10:00,307.42,0.17,280.17,-35.72
14-07-2024 11:00,244.46,0.58,283.79,-43.56
14-07-2024 12:00,248.91,0.87,285.97,-45.72
14-07-2024 13:00,222.41,1.75,286.7,-69.99
14-07-2024 14:00,216.25,2.15,286.55,-89.17
14-07-2024 15:00,215.05,2.17,286.44,-109.77
14-07-2024 16:00,217.3,2.12,285.97,-161.93
14-07-2024 17:00,216.05,1.63,284.73,639.5
14-07-2024 18:00,211.88,0.67,281.63,19.06
14-07-2024 19:00,202.77,1.4,281.08,10.14
14-07-2024 20:00,191.08,1.53,281.09,8.34
14-07-2024 21:00,194.51,0.82,280.59,4.66
14-07-2024 22:00,288.45,0.81,276.06,1.09
14-07-2024 23:00,348.6,1.05,276.8,1
15-07-2024 0:00,320.51,1.18,274.64,1
15-07-2024 1:00,319.82,1.16,274.76,1
15-07-2024 2:00,269.59,1.14,272.11,1
15-07-2024 3:00,258.08,1.04,271.68,1.04
15-07-2024 4:00,250.78,1.14,273.11,1
15-07-2024 5:00,243.98,1.13,272.65,1
15-07-2024 6:00,272.02,1.3,273.42,1
15-07-2024 7:00,211.88,1.29,274.39,1
15-07-2024 8:00,219.71,0.99,275.68,1
15-07-2024 9:00,342.84,1,272.84,1
15-07-2024 10:00,217.81,0.38,281.08,-59.29
15-07-2024 11:00,238.81,0.71,284.03,-43.68
15-07-2024 12:00,237.47,1.07,286.28,-52.6
15-07-2024 13:00,224.79,1.25,287.31,-53.69
15-07-2024 14:00,219.83,1.5,287.87,-67.48
15-07-2024 15:00,220.58,1.87,286.62,-242.74
15-07-2024 16:00,217.43,1.67,285.82,-348.1
15-07-2024 17:00,217.42,1.15,284.47,99.42
15-07-2024 18:00,207.53,0.65,281.26,30.26
15-07-2024 19:00,202.62,0.3,280.01,3.17
15-07-2024 20:00,196.16,1.76,280.9,11.1
15-07-2024 21:00,146.79,0.01,278.48,2.24
15-07-2024 22:00,357.42,0.08,277.63,2.06
15-07-2024 23:00,27.84,0.54,275.7,1.4
16-07-2024 0:00,1.27,0.38,275.57,1.59
16-07-2024 1:00,178.15,0.56,277.54,7.87
16-07-2024 2:00,223.85,0.76,277.89,2667.2
16-07-2024 3:00,175.68,0.48,277.34,-44.41
16-07-2024 4:00,150.86,0.8,277.08,-67.14
16-07-2024 5:00,137.55,0.33,276.48,3.09
16-07-2024 6:00,278.03,0.06,275.54,2.06
16-07-2024 7:00,293.21,1.06,272.45,1
16-07-2024 8:00,338.81,1.2,273.74,1
16-07-2024 9:00,279.51,0.71,277.82,1
16-07-2024 10:00,253.85,0.15,280.8,-31.06
16-07-2024 11:00,222.7,0.54,285.01,-40.52
16-07-2024 12:00,229.35,1.21,287.14,-54.36
16-07-2024 13:00,219.01,1.94,287.77,-75.18
16-07-2024 14:00,226.52,2.07,288.11,-93.47
16-07-2024 15:00,223.18,2.13,288.31,-120.89
16-07-2024 16:00,219.02,1.92,287.79,-155.92
16-07-2024 17:00,225.1,0.48,286.62,68.92
16-07-2024 18:00,202.12,0.65,283.94,4.65
16-07-2024 19:00,21.97,0.67,279.9,1.31
16-07-2024 20:00,221.26,0.44,279.35,1.54
16-07-2024 21:00,118.33,0.6,283.05,3.6
16-07-2024 22:00,151.24,1.1,284.69,4.65
16-07-2024 23:00,167.98,0.8,283.18,3.95
17-07-2024 0:00,161.66,1.91,283.47,8.19
17-07-2024 1:00,183.86,1.8,283.33,7.87
17-07-2024 2:00,185.49,0.17,280.12,2.54
17-07-2024 3:00,7.53,0.04,279.51,2.19
17-07-2024 4:00,196.69,0.66,279.79,3.78
17-07-2024 5:00,192.43,0.48,279.35,3.19
17-07-2024 6:00,3.54,0.78,275.14,1.25
17-07-2024 7:00,339.13,1.18,274.15,1
17-07-2024 8:00,291.34,1.2,274.68,1
17-07-2024 9:00,325.87,1.1,275.09,1
17-07-2024 10:00,310.45,0.08,280.03,1.92
17-07-2024 11:00,202.04,0.02,282.68,-31.16
17-07-2024 12:00,227.07,0.65,286.31,-44.52
17-07-2024 13:00,220.92,1.34,288.03,-66.73
17-07-2024 14:00,218.8,1.76,288.57,-89.9
17-07-2024 15:00,220.96,1.94,287.94,-131.42
17-07-2024 16:00,215.87,2.12,286.29,-624.1
17-07-2024 17:00,221.26,1.1,284.32,62.57
17-07-2024 18:00,207.41,0.71,281.73,19.48
17-07-2024 19:00,200.87,1.34,281.61,13.65
17-07-2024 20:00,193.23,1.15,281.78,8.29
17-07-2024 21:00,188.8,1.2,281.98,10.01
17-07-2024 22:00,185.68,1.21,282.02,11.01
17-07-2024 23:00,189.36,1.06,282.12,7.91
18-07-2024 0:00,207.99,1.18,282.01,9.15
18-07-2024 1:00,211.51,0.67,281.55,5.4
18-07-2024 2:00,206.68,0.68,281.42,5.31
18-07-2024 3:00,225.31,0.67,281.36,5.3
18-07-2024 4:00,201.32,0.21,280.65,2.98
18-07-2024 5:00,205.84,0.73,280.78,6.53
18-07-2024 6:00,217.59,0.96,280.61,9.24
18-07-2024 7:00,156.93,0.01,279.81,2.22
18-07-2024 8:00,200.61,0.89,280.14,10.65
18-07-2024 9:00,208.4,0.39,279.98,35.41
18-07-2024 10:00,213.67,1.32,280.9,-200.32
18-07-2024 11:00,208.4,1.5,281.49,-94.06
18-07-2024 12:00,210.23,2,282.33,-127.53
18-07-2024 13:00,214.97,2.66,282.55,-191.81
18-07-2024 14:00,214.21,2.73,282.46,-212.92
18-07-2024 15:00,217.38,2.81,282.37,-294.54
18-07-2024 16:00,220.4,3.15,282.24,-754.76
18-07-2024 17:00,212.68,2.83,282.02,-1629.43
18-07-2024 18:00,201.99,2.47,281.78,-1146.63
18-07-2024 19:00,199.61,2.64,281.35,-1049.74
18-07-2024 20:00,203.24,2.66,280.98,-1379.29
18-07-2024 21:00,213.7,2.26,280.93,-340.49
18-07-2024 22:00,218.7,1.8,280.57,-211.02
18-07-2024 23:00,209.74,2.53,280.35,-523.95
19-07-2024 0:00,202.6,2.57,280.06,-798.49
19-07-2024 1:00,206.88,2.44,279.86,-669.64
19-07-2024 2:00,200.39,2.21,279.63,-426.25
19-07-2024 3:00,201.5,2.25,279.53,-483.98
19-07-2024 4:00,201.91,2.17,279.33,-414.43
19-07-2024 5:00,207.48,2.05,279.12,-444.69
19-07-2024 6:00,198.82,1.77,279.12,-794.38
19-07-2024 7:00,213.76,1.1,278.9,1229.02
19-07-2024 8:00,181.86,0.03,277.82,2.31
19-07-2024 9:00,203.94,0.14,277.86,-28.7
19-07-2024 10:00,35.52,0.05,278.31,-24.47
19-07-2024 11:00,88.56,0.22,278.79,-23.45
19-07-2024 12:00,219.39,0.29,281.73,-24.31
19-07-2024 13:00,276.31,0.86,284.84,-34.72
19-07-2024 14:00,247.31,1.34,285.9,-45.38
19-07-2024 15:00,225.26,1.24,286.62,-48.4
19-07-2024 16:00,219.88,1.38,286.5,-65.3
19-07-2024 17:00,215.61,1.75,285.5,-290.47
19-07-2024 18:00,214.2,0.98,283.21,51.75
19-07-2024 19:00,205.35,1.22,281.87,65.25
19-07-2024 20:00,194.95,0.88,280.74,12.11
19-07-2024 21:00,196.33,0.55,280.07,-40.14
19-07-2024 22:00,190.05,0.6,279.58,-41.07
19-07-2024 23:00,175.09,0.73,279.13,-47.53
20-07-2024 0:00,304.12,0.04,278.65,-28.11
20-07-2024 1:00,241.67,0.41,279.27,-40.98
20-07-2024 2:00,258.69,0.2,278.96,-30.69
20-07-2024 3:00,248.65,0.09,278.91,-27.16
20-07-2024 4:00,105.29,0.37,278.89,-37.54
20-07-2024 5:00,112.88,0.2,278.76,-31.07
20-07-2024 6:00,95.47,0.25,278.71,-32.94
20-07-2024 7:00,86.2,0.11,278.85,-29.68
20-07-2024 8:00,82.65,0.1,278.67,-29.2
20-07-2024 9:00,76.41,0.35,278.46,-33.67
20-07-2024 10:00,55.8,0.12,279.1,-24.53
20-07-2024 11:00,276.8,0.26,280.04,-26.31
20-07-2024 12:00,269.35,0.98,283.56,-36.23
20-07-2024 13:00,246.7,1.54,285.77,-50.21
20-07-2024 14:00,228.76,1.76,286.69,-59.76
20-07-2024 15:00,219.49,2.28,286.58,-91.46
20-07-2024 16:00,216.42,2.29,286.17,-134.5
20-07-2024 17:00,211.75,1.92,285.24,-596.08
20-07-2024 18:00,212.67,0.94,282.9,45.03
20-07-2024 19:00,204.46,0.53,281.31,26.32
20-07-2024 20:00,187.23,1.09,281.36,8.52
20-07-2024 21:00,191.15,0.9,281.86,14.83
20-07-2024 22:00,105.96,0.04,281.38,-30.68
20-07-2024 23:00,100.4,0.05,281.11,-30.06
21-07-2024 0:00,210.27,0.63,281.46,-56.06
21-07-2024 1:00,203.62,0.38,281.62,-38.12
21-07-2024 2:00,355.4,0.66,281.72,-61.4
21-07-2024 3:00,24.84,0.29,281.67,-35.94
21-07-2024 4:00,339.81,0.5,281.48,-49.8
21-07-2024 5:00,248.71,0.64,281.26,-56.14
21-07-2024 6:00,195.49,1.23,280.78,-117.29
21-07-2024 7:00,248.65,0.52,280.76,-49.55
21-07-2024 8:00,357.67,0.05,280.84,-30.35
21-07-2024 9:00,64.29,0.64,281.14,-66.89
21-07-2024 10:00,184.48,0.24,282.19,-24.92
21-07-2024 11:00,266.83,0.05,283.81,-31.5
21-07-2024 12:00,279.99,1,284.81,-48.75
21-07-2024 13:00,247.58,1.55,285.8,-69.35
21-07-2024 14:00,220.54,2.13,286.19,-83.86
21-07-2024 15:00,215.1,2.39,286.35,-109.48
21-07-2024 16:00,218.76,2.59,286.13,-177.91
21-07-2024 17:00,216.71,2.11,285.38,-2188.94
21-07-2024 18:00,216.87,0.45,282.97,22.64
21-07-2024 19:00,203.22,1.27,282.55,12.41
21-07-2024 20:00,160.89,0.37,281.34,3.33
21-07-2024 21:00,179.18,0.18,280.57,2.66
21-07-2024 22:00,345.17,0.95,277.5,1
21-07-2024 23:00,122.38,0.27,279.4,2.85
22-07-2024 0:00,131.52,1.16,280.64,5.69
22-07-2024 1:00,109.9,0.42,279.38,3.14
22-07-2024 2:00,297.93,0.53,276.66,1.46
22-07-2024 3:00,338.94,1.11,274.34,1
22-07-2024 4:00,61.1,0.94,274.81,1
22-07-2024 5:00,286.57,0.86,274.55,1
22-07-2024 6:00,269.8,0.5,274.43,1.37
22-07-2024 7:00,215.26,0.97,274.38,1
22-07-2024 8:00,191.19,1,274.22,1
22-07-2024 9:00,92.32,0.2,277.64,18.84
22-07-2024 10:00,210.83,0.07,280.96,-29.04
22-07-2024 11:00,84.87,0.12,284.91,-30.02
22-07-2024 12:00,289.81,0.7,286.84,-36.14
22-07-2024 13:00,262.16,1.02,288.72,-44.56
22-07-2024 14:00,224.58,1.39,289.75,-62.91
22-07-2024 15:00,226.74,1.2,289.9,-64.2
22-07-2024 16:00,223.36,1.07,289.68,-92.57
22-07-2024 17:00,219.86,0.97,288.3,1136.54
22-07-2024 18:00,231.73,1.14,285.88,8.25
22-07-2024 19:00,199.66,0.58,283.85,4.2
22-07-2024 20:00,66.83,0.11,281.81,2.51
22-07-2024 21:00,193.92,0.7,280.43,1.23
22-07-2024 22:00,73.51,1.08,282.79,6.05
22-07-2024 23:00,68.23,1.67,282.54,12.19
23-07-2024 0:00,69.4,1.57,281.72,56.8
23-07-2024 1:00,67.27,1.22,281.09,44.53
23-07-2024 2:00,59.38,0.59,280.14,25.48
23-07-2024 3:00,64.2,1.27,280.28,15.47
23-07-2024 4:00,74.47,1.16,280.3,16.37
23-07-2024 5:00,23.08,0.9,279.68,6.38
23-07-2024 6:00,350.99,0.31,279.41,-94.36
23-07-2024 7:00,210.73,0.34,279.31,-38.18
23-07-2024 8:00,198.45,0.4,279.47,-41.18
23-07-2024 9:00,168.58,0.16,279.66,-35.44
23-07-2024 10:00,191.95,0.32,279.83,-31.31
23-07-2024 11:00,89.73,0.03,279.77,-24.88
23-07-2024 12:00,322.92,0.16,280.48,-25.5
23-07-2024 13:00,307.25,0.54,283.28,-34.01
23-07-2024 14:00,267.84,1.17,284.51,-56.47
23-07-2024 15:00,266.81,1.12,283.9,-55.18
23-07-2024 16:00,293.55,0.73,283.91,-43.9
23-07-2024 17:00,304.19,0.6,283.81,-50.44
23-07-2024 18:00,113.92,0.28,281.47,1.58
23-07-2024 19:00,244.36,0.66,282.01,1
23-07-2024 20:00,114.44,0.16,280.25,2.58
23-07-2024 21:00,135.92,1.02,280.84,5.67
23-07-2024 22:00,128.96,1.17,280.79,6.2
23-07-2024 23:00,120.21,0.44,279.79,3.26
24-07-2024 0:00,104.37,0.7,279.59,4.1
24-07-2024 1:00,281.07,0.1,277.78,2.02
24-07-2024 2:00,281.88,0.12,277.23,1.97
24-07-2024 3:00,102.18,0.17,277.46,2.56
24-07-2024 4:00,104.9,0.22,277.36,2.67
24-07-2024 5:00,104.78,0.48,277.18,3.45
24-07-2024 6:00,117.06,0.18,276.81,2.55
24-07-2024 7:00,116.61,0.35,277.08,2.91
24-07-2024 8:00,119.81,0.21,276.81,2.6
24-07-2024 9:00,89.92,0.74,278.92,84.39
24-07-2024 10:00,15.13,0.16,281.09,-27.64
24-07-2024 11:00,308.71,0.5,284.26,-34.39
24-07-2024 12:00,300.37,0.19,286.48,-32.79
24-07-2024 13:00,273.93,0.6,288.08,-45.06
24-07-2024 14:00,262.67,1.06,288.78,-54.56
24-07-2024 15:00,249.35,1.26,288.94,-97.74
24-07-2024 16:00,212.65,1.22,288.76,-118.51
24-07-2024 17:00,211.64,1.17,287.61,1143.55
24-07-2024 18:00,203.14,1.3,285.23,11.2
24-07-2024 19:00,180.7,1.37,283.35,11.57
24-07-2024 20:00,145.99,1.66,283.33,9.22
24-07-2024 21:00,133.61,1.72,283.83,9.02
24-07-2024 22:00,132.56,0.2,281.62,2.66
24-07-2024 23:00,160.91,1.64,283.16,7.57
25-07-2024 0:00,161.2,1.37,282.78,5.9
25-07-2024 1:00,354.64,0.21,279.17,1.92
25-07-2024 2:00,150.21,1.1,281.81,4.81
25-07-2024 3:00,22.77,0.44,277.67,1.62
25-07-2024 4:00,349.6,1.2,276.08,1
25-07-2024 5:00,266.28,0.92,277.82,1
25-07-2024 6:00,289.6,1.03,273.57,1
25-07-2024 7:00,327.66,1.09,273.14,1
25-07-2024 8:00,101.94,0.21,276.02,2.57
25-07-2024 9:00,89.39,0.46,276.81,3.38
25-07-2024 10:00,108.1,0.3,279.77,-45.73
25-07-2024 11:00,236.26,0.44,284.6,-37.3
25-07-2024 12:00,240.5,0.83,287.31,-44.91
25-07-2024 13:00,228.97,1.2,288.55,-53.33
25-07-2024 14:00,216.83,1.88,288.46,-86.88
25-07-2024 15:00,212.85,2.06,287.95,-123.76
25-07-2024 16:00,214.11,2.06,287.01,-200.65
25-07-2024 17:00,210.48,2.05,285.63,252.09
25-07-2024 18:00,204.42,1.77,283.17,92.88
25-07-2024 19:00,200.42,1.19,281.82,51.42
25-07-2024 20:00,207.45,0.93,280.61,8.84
25-07-2024 21:00,189.35,0.15,279.55,-32.09
25-07-2024 22:00,159.21,0.22,279.1,-32.08
25-07-2024 23:00,172.22,0.42,278.81,-37.13
26-07-2024 0:00,169.41,0.47,278.46,-37.36
26-07-2024 1:00,151.14,0.34,277.92,-32.92
26-07-2024 2:00,138.19,0.28,277.56,-31.84
26-07-2024 3:00,126.84,0.51,277.27,-38.91
26-07-2024 4:00,123.04,0.54,276.95,-39.09
26-07-2024 5:00,131.7,0.69,276.52,-41.99
26-07-2024 6:00,133.54,0.65,276.11,-40.51
26-07-2024 7:00,123.92,0.66,275.77,-40.93
26-07-2024 8:00,140.79,0.53,275.48,-35.54
26-07-2024 9:00,146.17,0.33,275.88,-29.27
26-07-2024 10:00,236.4,0.84,279.87,-39.25
26-07-2024 11:00,221.29,1.77,282.07,-59.88
26-07-2024 12:00,219.42,1.92,283.31,-65.1
26-07-2024 13:00,214.58,2.13,283.9,-80.19
26-07-2024 14:00,212.78,2.3,283.73,-129.97
26-07-2024 15:00,209.06,2.37,283.43,-193.55
26-07-2024 16:00,208.64,2.17,283.01,-511.95
26-07-2024 17:00,209.01,2.05,281.99,275.33
26-07-2024 18:00,211.82,1.65,280.51,94.78
26-07-2024 19:00,214.39,1.4,279.33,106.5
26-07-2024 20:00,209.86,1.35,278.95,-96.76
26-07-2024 21:00,204.75,2.37,279.06,-758.98
26-07-2024 22:00,202.45,1.92,278.53,143.15
26-07-2024 23:00,202.47,1.66,277.9,454.75
27-07-2024 0:00,200.68,1.95,277.97,-187.79
27-07-2024 1:00,192.65,1.59,277.78,99.88
27-07-2024 2:00,199.99,1.32,276.95,80.61
27-07-2024 3:00,200.18,2.14,277.08,520.34
27-07-2024 4:00,197.76,1.78,276.74,120.88
27-07-2024 5:00,204.61,1.26,276.02,70.15
27-07-2024 6:00,195.18,1.21,275.79,-94.74
27-07-2024 7:00,205.01,1.18,275.63,-176.58
27-07-2024 8:00,201.57,0.93,275.11,-77.58
27-07-2024 9:00,212.68,0.99,275.38,-51.09
27-07-2024 10:00,214.14,1.75,278.13,-61.41
27-07-2024 11:00,217.03,2.61,280.57,-88.84
27-07-2024 12:00,212.74,3.27,281.54,-111.13
27-07-2024 13:00,213.17,3.29,282.55,-110.24
27-07-2024 14:00,214.51,3.5,283.35,-134.35
27-07-2024 15:00,212.44,3.63,283.49,-173.79
27-07-2024 16:00,210.8,3.6,283.11,-278.57
27-07-2024 17:00,209.93,3.18,281.97,-2257.23
27-07-2024 18:00,208.24,2.78,280.42,238.71
27-07-2024 19:00,208.96,2.53,279.26,220.4
27-07-2024 20:00,205.74,2.24,278.16,199.8
27-07-2024 21:00,204.36,2.4,277.63,195.38
27-07-2024 22:00,204.94,2.4,277.2,193.16
27-07-2024 23:00,200.73,2,276.78,133.11
28-07-2024 0:00,197.07,1.53,276.17,92.9
28-07-2024 1:00,188.26,0.88,275.52,40.1
28-07-2024 2:00,193.78,1.29,275.29,63.75
28-07-2024 3:00,195.91,1.43,275.08,77.89
28-07-2024 4:00,176.65,0.89,274.39,-56.8
28-07-2024 5:00,148.16,0.3,274.39,-31.5
28-07-2024 6:00,165.09,0.19,274.56,-28.61
28-07-2024 7:00,181.19,0.33,274.46,-31.47
28-07-2024 8:00,160.51,0.4,274.03,-33.94
28-07-2024 9:00,162.08,0.61,274.41,-38.15
28-07-2024 10:00,219.38,0.13,277.41,-25.85
28-07-2024 11:00,234.08,1.03,281.51,-40.62
28-07-2024 12:00,217.46,1.46,283.65,-49.62
28-07-2024 13:00,218.39,1.95,284.96,-64.29
28-07-2024 14:00,216.52,1.98,285.82,-68.92
28-07-2024 15:00,213.77,2.2,286.01,-89.72
28-07-2024 16:00,217.58,2.22,285.85,-125.51
28-07-2024 17:00,218,2.15,284.72,-286.21
28-07-2024 18:00,215.35,0.97,282.43,51.6
28-07-2024 19:00,203.97,0.94,280.81,41.9
28-07-2024 20:00,195.88,1.25,280.24,13.13
28-07-2024 21:00,195.88,1.33,280.34,10.68
28-07-2024 22:00,193.13,0.98,280.63,5.31
28-07-2024 23:00,33.28,0.05,278.44,2.12
29-07-2024 0:00,34.4,0.17,277.65,1.91
29-07-2024 1:00,17.98,0.8,274.68,1.06
29-07-2024 2:00,104.75,0.34,277.83,-101.22
29-07-2024 3:00,128.77,0.41,277.55,-37.61
29-07-2024 4:00,309.99,0.91,274.61,1
29-07-2024 5:00,346.2,1.02,275.9,1
29-07-2024 6:00,245.88,0.37,274.68,1.64
29-07-2024 7:00,278.12,0.08,277.34,2.13
29-07-2024 8:00,296.89,1.56,277.23,1
29-07-2024 9:00,321.92,0.92,281.96,1
29-07-2024 10:00,19.78,0.07,283.99,-37.53
29-07-2024 11:00,317.23,0.41,287.37,-36.47
29-07-2024 12:00,274.99,0.56,290.87,-45.24
29-07-2024 13:00,235.41,1.38,292.09,-68.13
29-07-2024 14:00,226.32,1.88,291.99,-85.75
29-07-2024 15:00,224.61,2.29,290.54,-137.44
29-07-2024 16:00,225.52,2.39,289.51,-190.17
29-07-2024 17:00,219.56,1.36,288.11,366.65
29-07-2024 18:00,211.76,0.77,285.84,5.47
29-07-2024 19:00,350.42,0.8,281.05,1.13
29-07-2024 20:00,86.25,0.76,284.08,4.17
29-07-2024 21:00,259,0.23,281.34,1.91
29-07-2024 22:00,228.52,0.15,280.84,2.02
29-07-2024 23:00,101.21,0.26,280.94,2.8
30-07-2024 0:00,300.2,0.98,276.54,1.24
30-07-2024 1:00,243.22,1.43,275.08,1
30-07-2024 2:00,112.42,0.21,280.83,2.58
30-07-2024 3:00,259.13,0.28,279.08,1.88
30-07-2024 4:00,285.86,1.12,276.65,1
30-07-2024 5:00,325.62,1.32,278.74,1
30-07-2024 6:00,356.98,1.26,280.66,1
30-07-2024 7:00,133.02,0.93,283.66,1
30-07-2024 8:00,133.34,1.17,279.7,1
30-07-2024 9:00,343.74,1.01,281.99,1
30-07-2024 10:00,218.24,0.25,283.12,1.72
30-07-2024 11:00,235.61,0.03,285.2,-78.68
30-07-2024 12:00,39.81,0.34,287.07,-64.4
30-07-2024 13:00,37.91,0.22,287.97,-48
30-07-2024 14:00,40.76,0.45,288.59,-58.81
30-07-2024 15:00,54.34,0.47,288.67,-84.68
30-07-2024 16:00,235.08,0.22,287.97,89.4
30-07-2024 17:00,64.97,0.51,286.56,1
30-07-2024 18:00,36.18,0.07,285.14,2.11
30-07-2024 19:00,204.7,0.65,284.42,40.22
30-07-2024 20:00,215.13,0.71,283.75,53.75
30-07-2024 21:00,212.62,1.84,284.37,192.05
30-07-2024 22:00,215.89,0.95,283.8,86.17
30-07-2024 23:00,204.1,0.09,283.06,27.8
31-07-2024 0:00,355.49,0.28,282.55,1.39
31-07-2024 1:00,54.25,0.25,282.89,3.47
31-07-2024 2:00,37.56,0.53,282.63,6.24
31-07-2024 3:00,68.09,0.95,282.72,9.42
31-07-2024 4:00,124.01,1,282.61,11.14
31-07-2024 5:00,71.73,0.48,282.22,25.7
31-07-2024 6:00,62.24,1.26,282.82,62.68
31-07-2024 7:00,53.8,0.98,282.61,50.6
31-07-2024 8:00,73,0.98,282.67,10.92
31-07-2024 9:00,73.46,0.69,282.63,38.48
31-07-2024 10:00,65.17,1.36,283.65,-1833.5
31-07-2024 11:00,54.98,1.88,284.5,-180.1
31-07-2024 12:00,48.98,2.03,285.44,-149.51
31-07-2024 13:00,44.71,2.26,286.1,-153.25
31-07-2024 14:00,42.4,1.8,286.88,-136.46
31-07-2024 15:00,36.22,0.87,287.2,-85.12
31-07-2024 16:00,230.76,0.21,286.96,88.67
31-07-2024 17:00,204.98,2.31,284.32,-437.95
31-07-2024 18:00,206.73,1.67,283.79,486.32
31-07-2024 19:00,200.36,0.98,283.39,207.27
31-07-2024 20:00,214.13,0.37,282.92,-334.5
31-07-2024 21:00,215.61,0.24,282.68,-37.24
31-07-2024 22:00,229.98,0.27,282.81,-39.51
31-07-2024 23:00,202.35,0.46,282.84,-53.44
01-08-2024 0:00,237.25,0.59,282.71,-57.87
01-08-2024 1:00,290.26,0.5,282.7,-54.12
01-08-2024 2:00,310.31,0.47,282.66,-53.14
01-08-2024 3:00,65.76,0.71,282.74,-95.37
01-08-2024 4:00,18.92,0.27,282.62,-39.26
01-08-2024 5:00,228.34,0.11,282.69,-33.31
01-08-2024 6:00,54.56,1.9,282.5,-292.01
01-08-2024 7:00,66.06,2.02,282.36,-744.68
01-08-2024 8:00,41.47,2.67,282.17,732.49
01-08-2024 9:00,37.5,2.91,282.1,-2189.33
01-08-2024 10:00,35.88,2.88,282.48,-501.53
01-08-2024 11:00,34.72,2.75,283.07,-236.52
01-08-2024 12:00,36.9,2.51,283.68,-152.43
01-08-2024 13:00,35.55,2.41,284.08,-129.84
01-08-2024 14:00,30.4,2.15,284.39,-118.43
01-08-2024 15:00,27.39,2.3,284.5,-203.11
01-08-2024 16:00,33.74,2.34,284.22,-621.28
01-08-2024 17:00,33.46,2.02,283.89,284.32
01-08-2024 18:00,35.61,2.18,283.61,165.63
01-08-2024 19:00,31.41,3.82,283.88,456.58
01-08-2024 20:00,27.91,3.23,283.73,355.23
01-08-2024 21:00,23.19,2.91,284.2,299.66
01-08-2024 22:00,29.22,3.37,284.13,387.25
01-08-2024 23:00,18.19,2.87,283.91,307.19
02-08-2024 0:00,23.89,3.2,284.02,334.58
02-08-2024 1:00,29.49,3.34,284.06,428.29
02-08-2024 2:00,50.85,3.11,283.43,1380.71
02-08-2024 3:00,54.49,3.17,283.01,1686.45
02-08-2024 4:00,59.55,3.04,282.45,5339.17
02-08-2024 5:00,66.49,3.06,282.24,2101.76
02-08-2024 6:00,65.6,2.71,282.1,1136.26
02-08-2024 7:00,44.01,2.93,282.07,905.54
02-08-2024 8:00,26.02,4.61,281.93,2154.66
02-08-2024 9:00,21.5,6.12,281.84,5311.32
02-08-2024 10:00,23.14,6.17,281.73,-6413.57
02-08-2024 11:00,24.23,5.74,281.81,-1741.87
02-08-2024 12:00,25.36,5.39,282.2,-1064.44
02-08-2024 13:00,27.4,4.94,282.71,-747.21
02-08-2024 14:00,30.57,3.82,283.12,-545.72
02-08-2024 15:00,47.6,3.19,283.75,-1058.6
02-08-2024 16:00,56.6,3.08,283.92,1613.03
02-08-2024 17:00,35.26,2.98,283.58,516.88
02-08-2024 18:00,18.12,3.4,282.89,742.05
02-08-2024 19:00,27.17,2.95,282.24,1922.94
02-08-2024 20:00,35.96,2.95,281.68,-41560.41
02-08-2024 21:00,36.58,2.98,281.21,-3060.32
02-08-2024 22:00,46.62,2.81,280.91,-2680.48
02-08-2024 23:00,65.21,1.79,280.86,-1420.36
03-08-2024 0:00,52.55,1.68,280.63,-776.65
03-08-2024 1:00,100.13,1.09,280.76,-987.29
03-08-2024 2:00,131.35,1.56,280.43,-1124.49
03-08-2024 3:00,114.01,1.53,280.39,-6338.7
03-08-2024 4:00,112.95,1.84,280.49,1034.28
03-08-2024 5:00,127.45,1.82,280.9,217.08
03-08-2024 6:00,108.74,0.53,279.36,28
03-08-2024 7:00,123.4,1.15,279.43,8.47
03-08-2024 8:00,358.21,0.62,279.26,1
03-08-2024 9:00,307.88,0.19,280.04,-41.08
03-08-2024 10:00,181.97,0.08,282.49,-26.99
03-08-2024 11:00,22.86,0.45,284.54,-37.73
03-08-2024 12:00,341.05,0.95,286.06,-71.27
03-08-2024 13:00,308.52,0.26,287.16,-68.76
03-08-2024 14:00,264.13,1.12,287.64,-75.94
03-08-2024 15:00,249.54,0.85,288.03,-85.38
03-08-2024 16:00,196.88,1.55,288.34,-197.62
03-08-2024 17:00,209.37,2.94,286.73,-1088.07
03-08-2024 18:00,210.64,2.31,284.28,149.6
03-08-2024 19:00,197.35,1.07,282.5,11.55
03-08-2024 20:00,183.49,0.99,280.89,16.55
03-08-2024 21:00,127.79,0.87,277.9,37.25
03-08-2024 22:00,125.08,1.27,278.5,7.63
03-08-2024 23:00,143.52,0.23,277.18,2.71
04-08-2024 0:00,127.06,1.64,278.6,8.87
04-08-2024 1:00,103.01,1.26,277.07,13.72
04-08-2024 2:00,99.44,0.89,276.8,15.64
04-08-2024 3:00,93.71,1.32,277.82,9.98
04-08-2024 4:00,89.13,0.72,277.67,4.55
04-08-2024 5:00,88.47,1.24,277.71,7.15
04-08-2024 6:00,101.78,0.99,277.91,5.61
04-08-2024 7:00,87.42,0.81,278.16,5.26
04-08-2024 8:00,94.71,0.6,278.22,4.66
04-08-2024 9:00,79.01,0.68,278.42,71.83
04-08-2024 10:00,67.21,0.74,279.72,-71.93
04-08-2024 11:00,46.82,1.29,281.59,-64.25
04-08-2024 12:00,47.4,1.54,282.4,-62.52
04-08-2024 13:00,70.43,1.12,283.1,-48.27
04-08-2024 14:00,88.79,0.99,283.46,-44.55
04-08-2024 15:00,98.32,1.03,283.22,-50.92
04-08-2024 16:00,128.82,1.52,282.04,-97.42
04-08-2024 17:00,132.8,1.58,280.65,1084.71
04-08-2024 18:00,135.51,0.69,279.52,35.91
04-08-2024 19:00,132.01,1.39,279.85,10.44
04-08-2024 20:00,128.42,1.51,279.55,10.07
04-08-2024 21:00,123.34,1.22,279.44,6.93
04-08-2024 22:00,110.32,1.65,279.32,10.17
04-08-2024 23:00,109.96,1.3,279.14,7.15
05-08-2024 0:00,69.25,1.56,278.7,9.95
05-08-2024 1:00,57.71,1.1,277.46,15.64
05-08-2024 2:00,48.64,1.34,278.58,12.47
05-08-2024 3:00,73.12,0.73,278.28,54.77
05-08-2024 4:00,59.4,1.21,278.72,89.08
05-08-2024 5:00,52.99,1.38,278.96,103.58
05-08-2024 6:00,72.19,1.4,278.26,-449.38
05-08-2024 7:00,62.7,1.49,278.61,-550.01
05-08-2024 8:00,44.12,1.39,278.4,-272.04
05-08-2024 9:00,43.27,1.89,278.34,-159.31
05-08-2024 10:00,53.86,1.37,279.08,-63.17
05-08-2024 11:00,77.37,1.76,279.27,-59.52
05-08-2024 12:00,78.15,1.49,280.22,-49.2
05-08-2024 13:00,98.34,1.44,280,-48.24
05-08-2024 14:00,99.63,1.12,279.67,-41.36
05-08-2024 15:00,110.02,1.63,278.53,-57.95
05-08-2024 16:00,123.66,2.69,278.3,-167.46
05-08-2024 17:00,121.33,2.94,276.51,-233.89
05-08-2024 18:00,128.57,2.64,275.69,-217.24
05-08-2024 19:00,126.46,2.45,275.22,-187.56
05-08-2024 20:00,142.48,1.4,274.32,-70.33
05-08-2024 21:00,149.02,1.24,275.68,-70.4
05-08-2024 22:00,133.39,1.11,276.14,-70.2
05-08-2024 23:00,106.95,1.7,276.25,-137.12
06-08-2024 0:00,95.25,1.63,275.89,-114.91
06-08-2024 1:00,104.77,1.86,276.04,-185.4
06-08-2024 2:00,97.45,1.59,275.95,-119.07
06-08-2024 3:00,101.79,1.05,275.7,-62.71
06-08-2024 4:00,101.66,0.54,275.7,-43.05
06-08-2024 5:00,84.6,0.51,274.79,1
06-08-2024 6:00,139.15,0.79,274.47,17.85
06-08-2024 7:00,87.86,1.12,273.76,-202.5
06-08-2024 8:00,98.61,0.39,273.59,-32.59
06-08-2024 9:00,98.59,0.46,274.21,-32
06-08-2024 10:00,48.32,0.29,277.53,-26.98
06-08-2024 11:00,64.74,0.93,280.38,-34.77
06-08-2024 12:00,112.55,1.64,281.62,-53.04
06-08-2024 13:00,132.61,2.02,282.49,-70.08
06-08-2024 14:00,142.48,2.36,282.65,-90.98
06-08-2024 15:00,146.06,2.17,282.6,-83.5
06-08-2024 16:00,151.36,1.5,282.41,-69.37
06-08-2024 17:00,130.43,1.33,280.73,-80.73
06-08-2024 18:00,139.11,1.56,278.35,12214.14
06-08-2024 19:00,143.34,1.15,277.56,78.43
06-08-2024 20:00,144.98,1.02,277.28,44.51
06-08-2024 21:00,197.8,0.94,277.43,34.94
06-08-2024 22:00,199.3,0.71,276.7,19.32
06-08-2024 23:00,191.28,0.76,276.28,29.89
07-08-2024 0:00,191.69,1.02,276.11,16.44
07-08-2024 1:00,194.6,0.79,275.28,18.7
07-08-2024 2:00,190.59,1.24,275.44,12.19
07-08-2024 3:00,186.06,0.6,274.31,22.57
07-08-2024 4:00,192.51,0.61,274.47,23.09
07-08-2024 5:00,182.97,1.14,274.73,9.57
07-08-2024 6:00,195.92,1.39,274.66,9.8
07-08-2024 7:00,203.92,1.34,274.26,9.5
07-08-2024 8:00,191.58,1.24,273.88,11.18
07-08-2024 9:00,198.08,0.31,275.69,-31.01
07-08-2024 10:00,214.25,1.23,278.45,-46.72
07-08-2024 11:00,220.51,1.04,279.87,-42.62
07-08-2024 12:00,171.27,0.3,280.94,-39.21
07-08-2024 13:00,208.46,1.44,281.61,-54.64
07-08-2024 14:00,205.28,1.63,282.13,-67.88
07-08-2024 15:00,199.09,1.66,282.28,-73.19
07-08-2024 16:00,181.21,1.18,282,-66.45
07-08-2024 17:00,137.17,1.47,280.5,-86.7
07-08-2024 18:00,146.16,1.31,278.17,648.25
07-08-2024 19:00,148.66,0.95,277.44,55.13
07-08-2024 20:00,146.56,0.88,276.96,9.38
07-08-2024 21:00,103.26,0.44,275.12,1.12
07-08-2024 22:00,163.22,0.7,275.76,5.74
07-08-2024 23:00,188.75,0.8,275.77,5.27
08-08-2024 0:00,165.94,0.48,275.32,3.43
08-08-2024 1:00,173.51,0.6,275.42,3.73
08-08-2024 2:00,340.09,0.22,273.6,1.77
08-08-2024 3:00,43.63,0.86,271.04,1
08-08-2024 4:00,197.92,0.36,274.09,2.94
08-08-2024 5:00,34.24,0.63,270.97,1.18
08-08-2024 6:00,33.03,0.64,270.65,1.22
08-08-2024 7:00,18.91,0.82,269.67,1.11
08-08-2024 8:00,0.45,0.96,270.21,1
08-08-2024 9:00,268.35,0.05,275.06,-27.53
08-08-2024 10:00,276.19,0.46,278.82,-32.7
08-08-2024 11:00,94.85,0.25,281.38,-30.19
08-08-2024 12:00,115.61,1.46,281.42,-46.25
08-08-2024 13:00,118.31,1.35,282.37,-43.53
08-08-2024 14:00,119.91,1.53,282.59,-47.77
08-08-2024 15:00,128.66,1.78,281.29,-54.86
08-08-2024 16:00,135.88,1.83,280.64,-66.92
08-08-2024 17:00,139.56,1.51,280.24,-107.54
08-08-2024 18:00,146.02,0.87,278.86,46.82
08-08-2024 19:00,139.86,0.55,277.65,26.85
08-08-2024 20:00,152.15,0.9,278.1,5.51
08-08-2024 21:00,197.99,1.17,277.72,6.51
08-08-2024 22:00,198.64,1.22,276.34,8.16
08-08-2024 23:00,177.02,0.93,276.08,-65.69
09-08-2024 0:00,172.39,1.25,276.97,7.62
09-08-2024 1:00,178.49,0.59,276.11,3.68
09-08-2024 2:00,357.61,0.82,271.91,1.07
09-08-2024 3:00,181.09,0.37,275.18,2.91
09-08-2024 4:00,19.74,0.75,271.68,1.2
09-08-2024 5:00,4.4,1.07,270.1,1
09-08-2024 6:00,355.25,1.18,271.77,1
09-08-2024 7:00,307.14,1.26,270.39,1
09-08-2024 8:00,271.9,1.18,269.59,1
09-08-2024 9:00,91.91,0.24,277.42,34.58
09-08-2024 10:00,75.77,0.02,280.64,-31.4
09-08-2024 11:00,103.79,0.6,282.93,-35.95
09-08-2024 12:00,106.37,0.81,283.26,-37.82
09-08-2024 13:00,109.02,1.01,283.95,-42.23
09-08-2024 14:00,107.03,1.57,283,-57.74
09-08-2024 15:00,99.47,0.71,284.95,-48.98
09-08-2024 16:00,81.44,0.69,284.52,-52.51
09-08-2024 17:00,128.53,0.71,282.93,1625.33
09-08-2024 18:00,133.96,0.42,281.56,3.5
09-08-2024 19:00,207.11,0.22,280.17,2.76
09-08-2024 20:00,357.09,0.27,278.06,1.69
09-08-2024 21:00,187.52,0.03,278.73,2.27
09-08-2024 22:00,183.14,0.61,279.23,3.88
09-08-2024 23:00,203.19,0.86,279.73,4.53
10-08-2024 0:00,23.32,0.78,275.25,1.17
10-08-2024 1:00,278.84,0.93,277,1
10-08-2024 2:00,326.89,0.33,275.68,1.72
10-08-2024 3:00,153.44,0.62,278.47,3.42
10-08-2024 4:00,317.57,0.22,276.44,1.89
10-08-2024 5:00,144.66,0.95,278.88,4.28
10-08-2024 6:00,162.43,1.32,279.43,5.48
10-08-2024 7:00,175.45,0.21,277.5,2.56
10-08-2024 8:00,7.03,1.1,273.05,1
10-08-2024 9:00,353.3,0.74,277.89,1
10-08-2024 10:00,144.55,0.16,282.28,-31.81
10-08-2024 11:00,226.28,0.45,286.08,-37.88
10-08-2024 12:00,229.47,0.65,287.98,-40.25
10-08-2024 13:00,222.41,1.08,288.76,-54.2
10-08-2024 14:00,218.57,1.61,288.92,-68.94
10-08-2024 15:00,213.92,1.85,288.84,-89.18
10-08-2024 16:00,209.25,2.09,288.22,-118.71
10-08-2024 17:00,202.54,1.77,287.39,-274.67
10-08-2024 18:00,153.03,1.16,283.71,174.21
10-08-2024 19:00,159.44,0.96,282.26,9.68
10-08-2024 20:00,168.83,0.64,281.15,5.02
10-08-2024 21:00,176.84,1.2,280.78,8.23
10-08-2024 22:00,160.57,0.89,279.04,16.78
10-08-2024 23:00,163,1.12,278.76,14.96
11-08-2024 0:00,162.42,0.63,277.95,29.01
11-08-2024 1:00,161.78,1.3,278.34,12.5
11-08-2024 2:00,168.99,1.31,278.17,9
11-08-2024 3:00,157.27,0.22,277.07,2.74
11-08-2024 4:00,351.33,1,274.49,1
11-08-2024 5:00,332.1,0.16,275.99,1.89
11-08-2024 6:00,143.16,0.67,277.33,5.74
11-08-2024 7:00,107.52,0.69,277.22,-80.74
11-08-2024 8:00,97.53,0.67,276.58,-61.7
11-08-2024 9:00,97.98,0.45,277.48,-32.17
11-08-2024 10:00,222.58,0.6,282.52,-34.24
11-08-2024 11:00,219.94,1.44,285.45,-52.77
11-08-2024 12:00,215.11,1.52,287.06,-58.86
11-08-2024 13:00,204.77,1.62,288.15,-70.75
11-08-2024 14:00,213.65,1.97,288.61,-76.24
11-08-2024 15:00,216.03,2.24,288.82,-90.72
11-08-2024 16:00,208.15,2.47,288.31,-121.27
11-08-2024 17:00,209.38,2.35,287.26,-227.33
11-08-2024 18:00,185.98,0.96,285.12,56.32
11-08-2024 19:00,262.07,0.58,283.05,6.43
11-08-2024 20:00,278.52,0.42,280.83,8.01
11-08-2024 21:00,181.36,0.37,281.11,23.47
11-08-2024 22:00,209.87,0.62,280.63,29.39
11-08-2024 23:00,197.69,1.33,281.22,14.09
12-08-2024 0:00,211.5,1.1,281.88,5.75
12-08-2024 1:00,42.92,0.54,278.42,1.46
12-08-2024 2:00,342.5,0.89,277.22,1
12-08-2024 3:00,144.38,0.74,278.71,4.69
12-08-2024 4:00,129.8,0.81,279.11,4.33
12-08-2024 5:00,146.92,1.65,281.19,7.05
12-08-2024 6:00,160.61,1.23,280.92,5.34
12-08-2024 7:00,145.82,1.35,281.29,5.68
12-08-2024 8:00,137.58,1.53,279.66,13.81
12-08-2024 9:00,144.93,0.69,282.14,-103.87
12-08-2024 10:00,284.47,0.19,285.56,-35.39
12-08-2024 11:00,245.63,0.9,289.7,-54.78
12-08-2024 12:00,212.36,1.53,291.77,-74.93
12-08-2024 13:00,204.09,1.59,292.78,-72.85
12-08-2024 14:00,201.77,1.98,292.98,-105.2
12-08-2024 15:00,198.78,1.91,293.06,-113.27
12-08-2024 16:00,192.61,2.01,292.32,-151.65
12-08-2024 17:00,190.55,1.64,291.11,-728.84
12-08-2024 18:00,182.29,1.05,287.7,57.27
12-08-2024 19:00,178.31,0.81,285.68,35.39
12-08-2024 20:00,169.87,1.1,284.35,50.4
12-08-2024 21:00,161.98,0.91,283.04,40.59
12-08-2024 22:00,150.03,0.35,282.1,24.37
12-08-2024 23:00,123.12,1.63,283.09,10.64
13-08-2024 0:00,126.12,1.94,283.6,10.14
13-08-2024 1:00,140.08,1.94,283.99,9.11
13-08-2024 2:00,172.28,0.57,282.49,3.46
13-08-2024 3:00,14.9,0.17,280.49,2
13-08-2024 4:00,151.24,0.23,281.05,2.64
13-08-2024 5:00,156.58,1.67,283.18,7.08
13-08-2024 6:00,141.65,1.78,281.45,12.64
13-08-2024 7:00,116.06,1.03,280.43,5.6
13-08-2024 8:00,81.57,1.26,280.43,6.95
13-08-2024 9:00,83.41,1,282.5,-94.32
13-08-2024 10:00,62.44,0.25,286.05,-34.76
13-08-2024 11:00,15.05,0.08,289.01,-33.81
13-08-2024 12:00,125.66,0.16,291.47,-35.52
13-08-2024 13:00,216.42,0.72,292.92,-58.28
13-08-2024 14:00,194.19,1.31,292.73,-67.59
13-08-2024 15:00,205.3,1.92,291.64,-108.05
13-08-2024 16:00,197.66,2.17,290.52,-201.68
13-08-2024 17:00,191.01,1.52,288.92,404.07
13-08-2024 18:00,150.5,0.9,285.58,64.33
13-08-2024 19:00,163.59,0.46,284.01,27.41
13-08-2024 20:00,136.41,0.52,283.26,29.92
13-08-2024 21:00,162.84,0.48,283.82,23.93
13-08-2024 22:00,163.72,0.99,283.57,16.84
13-08-2024 23:00,162.3,1.08,283.18,16.7
14-08-2024 0:00,157.18,0.78,282.98,17.86
14-08-2024 1:00,134.69,0.58,283.67,91.39
14-08-2024 2:00,52.02,0.02,283.76,2.09
14-08-2024 3:00,276,0.71,283.4,-89.48
14-08-2024 4:00,148.73,0.33,283.26,-51.87
14-08-2024 5:00,207.98,0.43,282.9,-42.09
14-08-2024 6:00,141.06,0.51,282.28,-39.84
14-08-2024 7:00,203.75,0.67,281.56,-47.6
14-08-2024 8:00,226.31,0.29,281.86,-36.91
14-08-2024 9:00,189.25,0.48,282.03,-42.43
14-08-2024 10:00,191.04,0.7,282.46,-44.49
14-08-2024 11:00,240.07,0.31,282.94,-28.19
14-08-2024 12:00,210.1,1.1,283.28,-45.71
14-08-2024 13:00,215.98,1.32,284.46,-48.35
14-08-2024 14:00,214.76,1.53,284.75,-53.2
14-08-2024 15:00,210.8,1.57,285.38,-69.5
14-08-2024 16:00,208.65,1.5,285.24,-101.2
14-08-2024 17:00,204.57,1.34,284.4,401.19
14-08-2024 18:00,194.49,0.6,282.52,29.83
14-08-2024 19:00,206.82,1.14,282.25,-97.87
14-08-2024 20:00,186.03,1.27,282.85,-247.47
14-08-2024 21:00,211.45,1.06,282.87,-161.12
14-08-2024 22:00,230.44,0.89,282.98,-205.36
14-08-2024 23:00,230.31,0.77,283.03,-147.75
15-08-2024 0:00,218.81,0.89,283.07,-240.71
15-08-2024 1:00,80.91,0.34,282.68,-34.82
15-08-2024 2:00,96.72,0.47,282.52,-50.76
15-08-2024 3:00,126.97,0.58,282.42,-57.8
15-08-2024 4:00,129.48,0.81,282.28,-88.67
15-08-2024 5:00,119.9,0.94,282.22,-122.08
15-08-2024 6:00,116.56,0.7,282.09,-76.53
15-08-2024 7:00,123.54,0.62,282.03,-71.48
15-08-2024 8:00,114.89,0.71,281.97,-79.81
15-08-2024 9:00,91.08,0.7,281.69,-54.15
15-08-2024 10:00,105.09,0.53,281.96,-34.72
15-08-2024 11:00,192.62,0.34,282.91,-28.99
15-08-2024 12:00,267.41,0.87,285.04,-38.83
15-08-2024 13:00,254.33,1.25,285.92,-44.69
15-08-2024 14:00,232.97,1.59,286.59,-60.3
15-08-2024 15:00,226.01,1.84,286.72,-71.79
15-08-2024 16:00,219.8,2.04,286.58,-95.41
15-08-2024 17:00,216.14,1.96,286.22,-160.73
15-08-2024 18:00,199.5,1.56,284.88,100.57
15-08-2024 19:00,162.11,0.94,283.01,51.48
15-08-2024 20:00,164.44,1.02,282.16,45.08
15-08-2024 21:00,198.23,1.27,283.69,194.29
15-08-2024 22:00,183.49,0.98,282.33,62.19
15-08-2024 23:00,195.79,1,281.76,-74.11
16-08-2024 0:00,187.03,1.01,281.28,-69.05
16-08-2024 1:00,187.63,1.08,281.02,-77.25
16-08-2024 2:00,189.09,2.04,280.96,934.28
16-08-2024 3:00,198.45,1.48,280.92,-170.96
16-08-2024 4:00,196.17,1.97,280.51,-195.75
16-08-2024 5:00,195.81,1.97,280.64,-273.98
16-08-2024 6:00,202.51,1.49,280.27,-126.24
16-08-2024 7:00,217.82,1.01,280.2,-73.78
16-08-2024 8:00,239.1,1.25,279.88,-85.93
16-08-2024 9:00,219.74,0.69,279.83,-41.94
16-08-2024 10:00,228.69,1.35,280.05,-56.14
16-08-2024 11:00,211.7,1.46,280.71,-48.37
16-08-2024 12:00,211.18,1.92,282.12,-62.3
16-08-2024 13:00,216.77,2.23,282.73,-74.95
16-08-2024 14:00,211.96,2.61,282.69,-108.04
16-08-2024 15:00,209.14,2.96,282.51,-166.73
16-08-2024 16:00,206.7,2.89,282.19,-257.1
16-08-2024 17:00,210.39,2.57,281.84,-832.54
16-08-2024 18:00,210.23,2.31,281.3,516.91
16-08-2024 19:00,206.92,2.16,280.94,461.17
16-08-2024 20:00,202.84,2.29,280.51,679.88
16-08-2024 21:00,202.07,2.27,280.14,1209.2
16-08-2024 22:00,196.37,2.13,279.9,1057.84
16-08-2024 23:00,191.4,2.14,279.63,2705.97
17-08-2024 0:00,194.36,2,279.51,1904.12
17-08-2024 1:00,201.7,1.92,279.54,-798.82
17-08-2024 2:00,200.73,1.83,279.44,-1173.03
17-08-2024 3:00,193.94,1.71,279.46,4870.14
17-08-2024 4:00,195.31,1.58,279.31,283.41
17-08-2024 5:00,199,1.68,279.04,279.5
17-08-2024 6:00,203.19,1.95,278.67,-292.14
17-08-2024 7:00,204.44,1.74,278.36,-151.77
17-08-2024 8:00,206.88,1.5,278.09,-107.37
17-08-2024 9:00,204.87,1.22,278.02,-63.19
17-08-2024 10:00,206.69,1.16,278.31,-44.3
17-08-2024 11:00,215.16,1.58,280.31,-48.27
17-08-2024 12:00,209.97,1.75,282.53,-48.41
17-08-2024 13:00,215.39,2.16,283.91,-66.46
17-08-2024 14:00,211.41,2.45,284.25,-88.79
17-08-2024 15:00,205.81,2.65,283.97,-134.29
17-08-2024 16:00,203.47,2.74,283.48,-255.18
17-08-2024 17:00,205.88,2.57,282.66,2126.71
17-08-2024 18:00,202.7,2.37,281.25,216.35
17-08-2024 19:00,202.12,1.95,280.43,134
17-08-2024 20:00,210.42,2.28,280.3,980.6
17-08-2024 21:00,211.08,2.32,280.19,-1208
17-08-2024 22:00,213.57,2.34,280.02,-11623.07
17-08-2024 23:00,210.4,2.13,279.84,1536.56
18-08-2024 0:00,211.12,1.91,279.58,772.09
18-08-2024 1:00,207.91,1.71,279.33,396.19
18-08-2024 2:00,204.16,1.46,279.12,194.62
18-08-2024 3:00,203.88,1.32,278.96,140.77
18-08-2024 4:00,199.34,1.37,278.86,125.56
18-08-2024 5:00,200.29,1.29,278.73,103.97
18-08-2024 6:00,199.77,0.72,278.38,42.91
18-08-2024 7:00,195.39,0.86,278.07,12.95
18-08-2024 8:00,195.21,0.77,277.75,6.66
18-08-2024 9:00,188.06,0.24,277.9,-29.58
18-08-2024 10:00,211.66,0.37,279.16,-30.55
18-08-2024 11:00,232.63,0.8,280.66,-38.64
18-08-2024 12:00,234.92,0.79,281.99,-37.16
18-08-2024 13:00,230.12,1.18,282.94,-47.81
18-08-2024 14:00,220.78,1.46,283.23,-60.49
18-08-2024 15:00,216.1,1.62,283.27,-76.18
18-08-2024 16:00,220.69,1.79,282.99,-148.85
18-08-2024 17:00,221.33,1.68,282.21,-3407.09
18-08-2024 18:00,212.82,1.4,280.89,95.38
18-08-2024 19:00,214.01,1.24,280,75.24
18-08-2024 20:00,205.32,0.76,279.2,38.09
18-08-2024 21:00,194.52,0.43,278.93,-38.07
18-08-2024 22:00,207.12,0.27,278.81,-34.4
18-08-2024 23:00,217.31,0.13,278.73,-31.27
19-08-2024 0:00,202.77,1.13,279.11,-87.61
19-08-2024 1:00,220.85,0.9,278.85,-60.42
19-08-2024 2:00,228.72,1.04,278.63,-72.61
19-08-2024 3:00,236.68,0.99,278.8,-66.98
19-08-2024 4:00,239.61,0.59,278.77,-42.47
19-08-2024 5:00,245.32,0.83,278.78,-54.52
19-08-2024 6:00,189.75,0.29,278.79,-28.96
19-08-2024 7:00,147.45,0.29,278.62,-29.26
19-08-2024 8:00,91.69,0.24,278.87,-27.92
19-08-2024 9:00,75.72,0.42,279.15,-32.59
19-08-2024 10:00,117.29,0.42,279.53,-30.78
19-08-2024 11:00,176.63,0.27,279.95,-27.47
19-08-2024 12:00,263.96,0.29,281.13,-27.49
19-08-2024 13:00,239.52,1.47,282.47,-46.24
19-08-2024 14:00,232.41,2.24,283.29,-69.72
19-08-2024 15:00,229.51,2.53,283.46,-84.8
19-08-2024 16:00,217.52,2.35,283.75,-94.77
19-08-2024 17:00,207.4,2.35,283.53,-147.91
19-08-2024 18:00,200.62,2.35,282.84,-1476.82
19-08-2024 19:00,216.3,2.17,282.5,-6125.58
19-08-2024 20:00,214.9,2.9,281.68,-999.95
19-08-2024 21:00,205.93,2.95,280.73,-695.31
19-08-2024 22:00,207.65,2.81,280.15,-666.75
19-08-2024 23:00,202.56,2.38,280.02,-449.84
20-08-2024 0:00,202.08,2.28,279.93,-442.38
20-08-2024 1:00,199.6,2.41,279.69,-431.18
20-08-2024 2:00,198.21,2.13,279.43,-352.88
20-08-2024 3:00,196.31,2.12,279.16,-331.03
20-08-2024 4:00,198.45,2.1,278.97,-313.15
20-08-2024 5:00,205.99,2.08,278.8,-302.94
20-08-2024 6:00,197.15,1.76,278.72,-225.44
20-08-2024 7:00,201.65,1.92,278.55,-242.87
20-08-2024 8:00,197.94,1.97,278.43,-240.99
20-08-2024 9:00,202.64,1.91,278.53,-171.4
20-08-2024 10:00,217.61,1.69,279.01,-71.92
20-08-2024 11:00,221.98,1.81,279.56,-74.7
20-08-2024 12:00,208.64,1.49,280.1,-57.35
20-08-2024 13:00,203.46,1.65,280.71,-59.63
20-08-2024 14:00,200.13,2.13,281.59,-66.09
20-08-2024 15:00,201.03,2.12,281.33,-118.51
20-08-2024 16:00,205.53,1.88,281.23,-154.35
20-08-2024 17:00,187.08,1.21,281.27,-156.49
20-08-2024 18:00,185.16,0.57,281.08,-525.02
20-08-2024 19:00,150.04,1.1,279.28,72.02
20-08-2024 20:00,147.56,0.8,278.26,37.26
20-08-2024 21:00,141.23,1.07,277.99,14.22
20-08-2024 22:00,142.57,1.12,277.59,15.74
20-08-2024 23:00,126.65,0.94,278.28,5.48
21-08-2024 0:00,179.13,1.16,276.84,14.59
21-08-2024 1:00,179.65,1.45,277.07,11.43
21-08-2024 2:00,144.67,0.76,276.43,5.06
21-08-2024 3:00,39.51,0.98,276.14,-97.24
21-08-2024 4:00,63.26,0.57,276.44,-45.84
21-08-2024 5:00,60.14,0.73,276.22,-60.54
21-08-2024 6:00,53.69,1.23,276.76,-92.94
21-08-2024 7:00,21.77,1.19,276.77,-84.86
21-08-2024 8:00,46.55,0.99,276.78,-63.36
21-08-2024 9:00,57.57,0.75,276.76,-40.91
21-08-2024 10:00,34.4,1.75,279.28,-55.27
21-08-2024 11:00,35.16,2.21,281.45,-75.44
21-08-2024 12:00,41.07,1.06,282.97,-54.73
21-08-2024 13:00,354.3,0.9,283.92,-75.81
21-08-2024 14:00,6.09,1.5,284.2,-105.78
21-08-2024 15:00,312.62,3.15,283.66,-451.94
21-08-2024 16:00,302.5,3.78,282.02,-532.16
21-08-2024 17:00,287.79,1.73,281.53,-3463.93
21-08-2024 18:00,166.06,2.47,280.29,-2264.87
21-08-2024 19:00,157.77,2.61,279.74,-1166.96
21-08-2024 20:00,132.16,1.77,279.41,-357.5
21-08-2024 21:00,124.05,2.91,278.38,-732.03
21-08-2024 22:00,114.76,2.18,278.59,-3590.22
21-08-2024 23:00,79.55,1.33,278.45,207.22
22-08-2024 0:00,107.41,0.66,277.8,39.06
22-08-2024 1:00,114.97,1.06,277.16,13.77
22-08-2024 2:00,111.11,1.09,277.33,7.31
22-08-2024 3:00,61.78,0.46,276.55,3.53
22-08-2024 4:00,72.26,0.23,275.7,2.74
22-08-2024 5:00,128.86,0.85,274.17,1
22-08-2024 6:00,195.71,0.96,273.26,1
22-08-2024 7:00,212.68,0.89,272.27,1
22-08-2024 8:00,304.92,0.61,273.31,1.06
22-08-2024 9:00,357.72,0.39,277.99,-29.75
22-08-2024 10:00,16.81,0.82,280.46,-34.85
22-08-2024 11:00,39.79,0.62,282.2,-43.71
22-08-2024 12:00,45.24,1.1,283.34,-65.98
22-08-2024 13:00,41.52,0.79,284.19,-69.71
22-08-2024 14:00,81.46,0.95,284.22,-84.25
22-08-2024 15:00,140.72,1.28,283.54,-135.44
22-08-2024 16:00,166.56,2.06,282.53,-382.58
22-08-2024 17:00,198.44,0.83,282.07,147.36
22-08-2024 18:00,178.35,0.58,280.54,40.97
22-08-2024 19:00,155.4,1.03,279.96,81.74
22-08-2024 20:00,150.3,0.71,279.28,62.6
22-08-2024 21:00,150.04,0.24,278.86,4.29
22-08-2024 22:00,144.61,0.65,278.59,5.29
22-08-2024 23:00,61.23,0.73,277.51,1
23-08-2024 0:00,256.62,0.71,274.41,1.04
23-08-2024 1:00,70.33,0.98,276.89,6.15
23-08-2024 2:00,62.28,1.51,276.92,2120.21
23-08-2024 3:00,70.84,1.49,276.99,609.88
23-08-2024 4:00,89.2,1.21,276.12,61.04
23-08-2024 5:00,85.7,1.01,275.71,-69.04
23-08-2024 6:00,101.9,0.17,275.61,-28.51
23-08-2024 7:00,136.6,0.07,275.48,-26.75
23-08-2024 8:00,211.28,0.15,275.87,-26.38
23-08-2024 9:00,292.91,0.26,276.99,-28.6
23-08-2024 10:00,158.21,0.95,279.01,-58.81
23-08-2024 11:00,121.47,1.38,279.9,-61.09
23-08-2024 12:00,125.44,1.4,280.98,-65.8
23-08-2024 13:00,120.9,1.74,282.45,-75.22
23-08-2024 14:00,120.89,2.65,282.97,-117.62
23-08-2024 15:00,71.68,0.92,283.56,-63.94
23-08-2024 16:00,99.92,0.53,283.61,-63.08
23-08-2024 17:00,130.09,2.35,282.97,-245.2
23-08-2024 18:00,143,1.46,281.02,152.63
23-08-2024 19:00,156.24,1.38,278.87,75.35
23-08-2024 20:00,168.02,0.63,277.94,31.61
23-08-2024 21:00,174.49,1,277.57,5.27
23-08-2024 22:00,172.6,1.68,277.73,9.04
23-08-2024 23:00,325.97,0.06,275.18,2.04
24-08-2024 0:00,348.4,0.9,274.51,1
24-08-2024 1:00,342.46,0.96,271.48,1
24-08-2024 2:00,349.4,0.76,271.3,1.19
24-08-2024 3:00,186.91,0.75,275.06,3.9
24-08-2024 4:00,177.81,0.77,274.94,3.93
24-08-2024 5:00,7.18,1.09,270.64,1
24-08-2024 6:00,189.89,0.52,274.31,3.16
24-08-2024 7:00,161.3,0.28,273.45,2.65
24-08-2024 8:00,163.25,0.55,274.87,3.49
24-08-2024 9:00,358.05,0.02,277.43,-33.04
24-08-2024 10:00,95.7,0.66,279.19,-35.07
24-08-2024 11:00,102.6,1.13,280.29,-39.26
24-08-2024 12:00,114.24,1.04,282.33,-65.57
24-08-2024 13:00,99.03,0.82,284.03,-55.19
24-08-2024 14:00,115.73,0.85,285.11,-56.9
24-08-2024 15:00,177.67,0.31,286.37,-33.39
24-08-2024 16:00,263.73,0.12,286.75,-40.9
24-08-2024 17:00,40.55,0.74,283.71,-78.81
24-08-2024 18:00,276.3,0.24,281.37,23.85
24-08-2024 19:00,190.44,0.79,280.07,1
24-08-2024 20:00,262.3,0.79,276.61,1
24-08-2024 21:00,131.16,1.01,279.61,4.98
24-08-2024 22:00,105.37,0.99,279.11,4.92
24-08-2024 23:00,341.36,1.24,274.05,1
25-08-2024 0:00,131.75,1.89,279.11,13.21
25-08-2024 1:00,132.25,1.63,280,7.06
25-08-2024 2:00,123.13,1.68,278.78,8.9
25-08-2024 3:00,121.73,1.58,276.95,12.65
25-08-2024 4:00,124.25,2.19,279.29,10.88
25-08-2024 5:00,110.6,2.02,278.7,10.01
25-08-2024 6:00,121.32,1.72,278.28,13.45
25-08-2024 7:00,118.74,2.02,279.51,12.17
25-08-2024 8:00,100.73,1.44,279.79,9.22
25-08-2024 9:00,77.04,0.92,278.21,-44.01
25-08-2024 10:00,84,0.71,280.22,-35.46
25-08-2024 11:00,110.51,1.32,281.38,-43.09
25-08-2024 12:00,102.15,1.53,282.6,-46.02
25-08-2024 13:00,100.25,1.88,283.56,-52.82
25-08-2024 14:00,118.9,2.39,283.52,-68.26
25-08-2024 15:00,117.17,2.77,282.47,-83.2
25-08-2024 16:00,121.81,2.43,282.31,-90.4
25-08-2024 17:00,124.55,1.96,281.96,-113.83
25-08-2024 18:00,134.21,2.31,281.06,238.03
25-08-2024 19:00,129.22,1.94,280,101.17
25-08-2024 20:00,132.03,1.75,279.57,78.38
25-08-2024 21:00,186.08,1.32,283.64,8.1
25-08-2024 22:00,176.22,1.06,281.73,18.03
25-08-2024 23:00,154.93,1.44,282.01,10.97
26-08-2024 0:00,151.34,1.16,281.09,6.87
26-08-2024 1:00,124.29,1.53,280.4,10.86
26-08-2024 2:00,141.01,0.85,279.61,-98.99
26-08-2024 3:00,152.86,0.34,279.14,-39.17
26-08-2024 4:00,147.83,0.21,278.99,-34.66
26-08-2024 5:00,101.22,0.07,278.53,-30.18
26-08-2024 6:00,71.09,0.35,278.64,-37.92
26-08-2024 7:00,85.73,0.51,278.66,-43.25
26-08-2024 8:00,89.48,0.44,278.62,-37.69
26-08-2024 9:00,89.11,0.35,278.75,-29.11
26-08-2024 10:00,331.74,0.39,281.22,-27.73
26-08-2024 11:00,299.12,0.41,285.21,-30.82
26-08-2024 12:00,246.03,1.38,287.27,-51.68
26-08-2024 13:00,215.44,2.54,287.89,-111.34
26-08-2024 14:00,215.7,3.05,288.08,-143.81
26-08-2024 15:00,215.19,3.14,288.15,-148.93
26-08-2024 16:00,216.74,3.13,287.96,-187.72
26-08-2024 17:00,209.87,3.07,287.34,-348.29
26-08-2024 18:00,209.54,2.23,285.87,175.01
26-08-2024 19:00,171.49,0.84,283.42,38.59
26-08-2024 20:00,186.16,0.51,281.68,23.78
26-08-2024 21:00,189.58,1.14,281.23,45.92
26-08-2024 22:00,187.54,1,280.39,40.64
26-08-2024 23:00,182.99,1.05,279.71,16.7
27-08-2024 0:00,175.48,1.29,279.26,13.96
27-08-2024 1:00,178.21,1.47,278.9,12.1
27-08-2024 2:00,199.86,0.82,278.64,-85.49
27-08-2024 3:00,100.25,0.42,277.83,-37.74
27-08-2024 4:00,52.32,0.66,277.81,-51.78
27-08-2024 5:00,142.75,0.04,277.61,-29.43
27-08-2024 6:00,113.4,0.39,276.77,-35.15
27-08-2024 7:00,63.09,0.54,276.37,-41.73
27-08-2024 8:00,82.34,0.21,276.05,-31.29
27-08-2024 9:00,233.15,0.1,276.61,-25.47
27-08-2024 10:00,256.93,0.14,279.83,-25.81
27-08-2024 11:00,261.18,0.79,284.05,-33.76
27-08-2024 12:00,231.82,1.41,286.83,-47.68
27-08-2024 13:00,222.4,1.81,288.12,-58.48
27-08-2024 14:00,221.9,2.1,288.74,-80.2
27-08-2024 15:00,219.76,2.48,288.76,-103.39
27-08-2024 16:00,215.89,2.4,288.6,-138.9
27-08-2024 17:00,212.7,2.22,287.91,-271.63
27-08-2024 18:00,203.11,0.98,285.84,55.98
27-08-2024 19:00,180.33,0.7,283.08,20.96
27-08-2024 20:00,180.15,0.79,282.81,5.9
27-08-2024 21:00,69.52,0.17,282.46,-38.66
27-08-2024 22:00,152.21,0.54,282.09,-43.67
27-08-2024 23:00,118.14,0.12,281.35,-30.78
28-08-2024 0:00,125.46,0.54,281.47,-49.89
28-08-2024 1:00,85.22,0.24,281.02,-34.49
28-08-2024 2:00,45.55,0.37,281.12,-43.42
28-08-2024 3:00,73.23,0.42,280.42,-36.68
28-08-2024 4:00,68.84,0.38,280.33,-38.01
28-08-2024 5:00,348.64,0.54,280.31,-48.22
28-08-2024 6:00,307.57,0.2,280.26,-32.76
28-08-2024 7:00,8.24,0.61,280.03,-46.71
28-08-2024 8:00,37.35,0.39,279.73,-36.13
28-08-2024 9:00,35.31,0.14,279.83,-26.12
28-08-2024 10:00,197.27,0.28,280.68,-23.46
28-08-2024 11:00,292.43,0.35,285.07,-28.91
28-08-2024 12:00,251.88,1.39,286.9,-49.39
28-08-2024 13:00,221.51,2.12,287.93,-67.16
28-08-2024 14:00,217.25,2.48,288.23,-93.11
28-08-2024 15:00,215.17,2.51,288.29,-113.71
28-08-2024 16:00,207.88,2.39,288.18,-114.89
28-08-2024 17:00,210.24,2.62,287.66,-229.55
28-08-2024 18:00,211.49,1.81,286.35,142.64
28-08-2024 19:00,203.39,0.79,284,35.19
28-08-2024 20:00,193.1,1.12,283.39,12.38
28-08-2024 21:00,84.21,0.55,281.66,1
28-08-2024 22:00,202.59,0.3,282.12,-41.39
28-08-2024 23:00,213.24,1.02,282.25,-140.41
29-08-2024 0:00,225.7,0.83,281.66,-69.74
29-08-2024 1:00,202.39,1.03,281.76,-101.53
29-08-2024 2:00,190.8,0.32,281.45,-38.31
29-08-2024 3:00,196.09,0.65,281.27,-51.92
29-08-2024 4:00,139.99,1.29,280.66,-117.33
29-08-2024 5:00,107.83,1.1,280.7,-97.77
29-08-2024 6:00,126.67,1.24,280.59,-116.92
29-08-2024 7:00,117.42,0.49,280.64,-46.29
29-08-2024 8:00,173.94,1.01,280.47,-73.05
29-08-2024 9:00,145.05,0.71,280.4,-41.05
29-08-2024 10:00,133.23,0.95,280.72,-46.46
29-08-2024 11:00,187.78,0.41,281.78,-28.84
29-08-2024 12:00,243.78,1.34,284.01,-43.41
29-08-2024 13:00,219.4,2.27,284.68,-69.3
29-08-2024 14:00,212.39,2.89,284.88,-90.39
29-08-2024 15:00,209.58,3.12,284.4,-113.38
29-08-2024 16:00,209.91,3.33,283.62,-167.83
29-08-2024 17:00,209.79,3.05,283.28,-366.35
29-08-2024 18:00,207.65,2.38,282.38,-6916.66
29-08-2024 19:00,209.77,1.88,281.71,114.02
29-08-2024 20:00,195.65,1.88,281.91,-1451.3
29-08-2024 21:00,201.84,2.82,282.32,-868.11
29-08-2024 22:00,206.18,3.11,281.8,-1380.98
29-08-2024 23:00,207.64,3.18,281.49,-1161.6
30-08-2024 0:00,199,3.34,281.24,-1276.31
30-08-2024 1:00,196.13,2.92,281,-957.98
30-08-2024 2:00,200.54,2.39,280.81,-587.2
30-08-2024 3:00,202.57,2.4,280.75,-825.7
30-08-2024 4:00,203.6,2.24,280.85,-1578.42
30-08-2024 5:00,200.97,1.82,280.74,-755.9
30-08-2024 6:00,203.79,1.64,280.67,-624.07
30-08-2024 7:00,196.49,1.95,280.57,-1474.94
30-08-2024 8:00,201.48,1.95,280.47,-552.93
30-08-2024 9:00,205.55,1.86,280.49,-229.62
30-08-2024 10:00,208.89,1.45,280.92,-77.62
30-08-2024 11:00,208.31,1.75,282.69,-54.06
30-08-2024 12:00,223.56,1.54,283.86,-57.59
30-08-2024 13:00,223.43,1.94,284.86,-74.43
30-08-2024 14:00,217.97,1.67,285.74,-69.62
30-08-2024 15:00,220.04,2.53,286.04,-100.03
30-08-2024 16:00,216.97,2.96,285.74,-144.08
30-08-2024 17:00,213.16,2.86,285.28,-218.47
30-08-2024 18:00,214.01,2.01,284.28,254.13
30-08-2024 19:00,208.22,1.26,282.62,57.84
30-08-2024 20:00,212.98,0.95,281.5,42.76
30-08-2024 21:00,211.17,1.04,280.49,50.21
30-08-2024 22:00,177.12,0.66,280,-47.77
30-08-2024 23:00,208.59,0.39,279.47,-37.26
31-08-2024 0:00,196.35,0.16,279,-31.13
31-08-2024 1:00,159.33,0.09,278.71,-30.61
31-08-2024 2:00,180.32,0.03,278.46,-29.69
31-08-2024 3:00,187.21,0.35,278.31,-37.24
31-08-2024 4:00,216.98,0.07,277.88,-29.8
31-08-2024 5:00,125.51,0.08,277.63,-30.32
31-08-2024 6:00,319.43,0.05,277.47,-29.02
31-08-2024 7:00,333.21,0.14,277.4,-28.64
31-08-2024 8:00,288.13,0.67,278.28,-46.31
31-08-2024 9:00,28.55,0.16,278.64,-25.74
31-08-2024 10:00,248.01,0.96,282.97,-37.27
31-08-2024 11:00,236.5,1.29,286.37,-45.3
31-08-2024 12:00,220.18,1.57,288.02,-57.92
31-08-2024 13:00,217.89,1.75,289.13,-62.48
31-08-2024 14:00,220.77,2.18,289.78,-81.05
31-08-2024 15:00,224.34,2.11,290.19,-91.7
31-08-2024 16:00,216.18,2.14,290.08,-120.14
31-08-2024 17:00,213.84,2.16,289.33,-252.98
31-08-2024 18:00,224.74,0.61,287.2,42.57
31-08-2024 19:00,219.47,1.15,284.99,13.77
31-08-2024 20:00,215.37,1.23,284.58,7.45
31-08-2024 21:00,194.54,0.67,284.17,-72.47
31-08-2024 22:00,198.34,1.03,283.49,-81.12
31-08-2024 23:00,319.36,0.86,282.2,1
01-09-2024 0:00,15.2,1.01,279.47,1
01-09-2024 1:00,77.67,1.18,277.45,1
01-09-2024 2:00,72.1,1.19,278.31,1
01-09-2024 3:00,89.21,0.99,277.16,1
01-09-2024 4:00,17.23,1.16,276.94,1
01-09-2024 5:00,250.67,1.09,274.16,1
01-09-2024 6:00,237.08,1.1,274.4,1
01-09-2024 7:00,89.36,1.5,279.9,6.58
01-09-2024 8:00,95.45,1.65,282.24,9.27
01-09-2024 9:00,59.89,0.52,284.48,-52.93
01-09-2024 10:00,50.93,0.04,289,-41.87
01-09-2024 11:00,75.66,0.17,291.82,-38.39
01-09-2024 12:00,268.93,0.76,293.45,-46.44
01-09-2024 13:00,212.03,1.95,293.73,-87.68
01-09-2024 14:00,214.49,2.49,293.65,-110.33
01-09-2024 15:00,218.45,2.75,293.21,-139.24
01-09-2024 16:00,212.94,3.05,292.39,-264.07
01-09-2024 17:00,209.89,2.71,291.49,-692.61
01-09-2024 18:00,208.86,1.24,289.22,64.82
01-09-2024 19:00,206.8,0.8,286.72,34.71
01-09-2024 20:00,206.92,1.27,286.15,12.27
01-09-2024 21:00,219.42,1.41,285.16,13.62
01-09-2024 22:00,346.53,0.81,281.18,1
01-09-2024 23:00,339.57,0.78,280.83,1
02-09-2024 0:00,152.28,0.39,282.06,-68.01
02-09-2024 1:00,153.01,0.09,281.92,-35.19
02-09-2024 2:00,72.64,0.23,281.95,-41.32
02-09-2024 3:00,192.97,0.09,281.3,-31.19
02-09-2024 4:00,184.73,0.82,281.1,-53.05
02-09-2024 5:00,128.65,0.83,280.48,6.3
02-09-2024 6:00,315.75,0.04,280.54,15.1
02-09-2024 7:00,308.44,0.63,280.48,-55.63
02-09-2024 8:00,325.35,0.54,280.33,-37.91
02-09-2024 9:00,17.81,0.53,280.72,-30.86
02-09-2024 10:00,257.99,0.37,281.86,-27.05
02-09-2024 11:00,255.17,1.13,284.81,-43.39
02-09-2024 12:00,215.12,2.31,285.71,-80.16
02-09-2024 13:00,213.07,3,286.07,-110.42
02-09-2024 14:00,214.12,3.21,286.07,-128.49
02-09-2024 15:00,215.51,4.28,285.89,-211.37
02-09-2024 16:00,215.5,4.17,285.17,-540.56
02-09-2024 17:00,209.24,3.86,284.63,-315.12
02-09-2024 18:00,206.73,3.19,283.57,1512.33
02-09-2024 19:00,208.54,2.49,282.2,195.25
02-09-2024 20:00,213.29,2.1,281.15,171.11
02-09-2024 21:00,214.12,1.51,280.17,88.94
02-09-2024 22:00,218.1,1.02,279.2,48.78
02-09-2024 23:00,199.77,0.6,278.3,28.72
03-09-2024 0:00,189.8,0.78,277.63,17
03-09-2024 1:00,175.06,0.94,277.55,-65.14
03-09-2024 2:00,176.89,1.1,277.39,-71.45
03-09-2024 3:00,171.92,1.21,277.16,-77.18
03-09-2024 4:00,162.87,0.92,276.83,-55.82
03-09-2024 5:00,138.57,0.76,276.69,-49.49
03-09-2024 6:00,152.69,0.55,276.32,-39.4
03-09-2024 7:00,154.8,0.4,275.85,-34.18
03-09-2024 8:00,164.3,0.35,275.78,-30.27
03-09-2024 9:00,220.17,1.36,279.6,-61.34
03-09-2024 10:00,213.39,2.13,281.45,-71.33
03-09-2024 11:00,212.49,2.47,282.93,-77.83
03-09-2024 12:00,213.47,2.64,283.94,-80.2
03-09-2024 13:00,212.81,2.72,284.94,-93.62
03-09-2024 14:00,208.38,3.05,285.49,-125.9
03-09-2024 15:00,210.01,3.21,285.63,-198.52
03-09-2024 16:00,209.34,3.03,285.58,-260.52
03-09-2024 17:00,204.43,2.8,285.04,-803.91
03-09-2024 18:00,209.87,2.06,283.74,146.13
03-09-2024 19:00,208.42,2.16,282.05,120.63
03-09-2024 20:00,221.6,2.59,280.74,212.5
03-09-2024 21:00,217.62,1.98,279.97,114.04
03-09-2024 22:00,217.89,1.95,279.26,109.35
03-09-2024 23:00,200.6,1.11,278.22,53.21
04-09-2024 0:00,186.93,0.68,277.13,19.32
04-09-2024 1:00,184.96,0.82,276.46,18.36
04-09-2024 2:00,184.42,1.69,276.76,-13682.37
04-09-2024 3:00,170.96,1.41,276.53,-107.82
04-09-2024 4:00,165.05,1.01,276.1,-61.41
04-09-2024 5:00,159.54,1.14,276.04,-70.86
04-09-2024 6:00,125.6,0.69,276.12,-46.77
04-09-2024 7:00,142.11,0.13,275.83,2.5
04-09-2024 8:00,295.63,0.11,275.2,-28.05
04-09-2024 9:00,299.97,0.43,276.17,-30
04-09-2024 10:00,257.11,0.59,281.46,-30.78
04-09-2024 11:00,232.28,1.8,284.76,-53.81
04-09-2024 12:00,222.44,2.33,285.96,-66.83
04-09-2024 13:00,219.18,2.93,287.03,-97.99
04-09-2024 14:00,215.09,3.14,287.83,-118.67
04-09-2024 15:00,211.25,3.16,288.21,-136.5
04-09-2024 16:00,210.87,2.89,288.19,-146.79
04-09-2024 17:00,208.13,2.79,287.55,-280
04-09-2024 18:00,210.4,2.31,286,225.65
04-09-2024 19:00,209.73,1.56,283.63,78.66
04-09-2024 20:00,216.94,0.51,281.42,26.93
04-09-2024 21:00,186.96,0.87,281.26,9.75
04-09-2024 22:00,182.46,0.06,280.85,-29.82
04-09-2024 23:00,218.66,0.76,280.24,-47.18
05-09-2024 0:00,171.8,0.67,280.27,-51.64
05-09-2024 1:00,332.08,0.74,278.45,1
05-09-2024 2:00,114.55,0.92,279.32,9.11
05-09-2024 3:00,70.14,0.7,278.82,4.25
05-09-2024 4:00,244.94,0.36,276.54,1.64
05-09-2024 5:00,238.26,1.31,275.95,1
05-09-2024 6:00,288.72,1.05,273.12,1.15
05-09-2024 7:00,13.93,1.31,272.43,1
05-09-2024 8:00,24.59,0.97,277.41,1
05-09-2024 9:00,22.19,0.1,281.56,-31.67
05-09-2024 10:00,233.22,0.64,286.48,-43.86
05-09-2024 11:00,235.32,1.46,289.18,-65.35
05-09-2024 12:00,220.11,1.78,290.17,-75.87
05-09-2024 13:00,221.19,1.89,290.4,-74.08
05-09-2024 14:00,220.03,2.74,290.07,-120.64
05-09-2024 15:00,216.61,3.19,289.6,-212.25
05-09-2024 16:00,214.43,2.65,289.11,-328.98
05-09-2024 17:00,206.64,2.3,287.9,559.33
05-09-2024 18:00,208.69,1.51,285.97,73.07
05-09-2024 19:00,203.47,0.88,283.99,35.77
05-09-2024 20:00,205.13,0.51,282.74,4.35
05-09-2024 21:00,203.68,0.42,282.07,21.48
05-09-2024 22:00,161.38,0.4,281.37,3.56
05-09-2024 23:00,142.66,0.27,280.5,2.92
06-09-2024 0:00,120.37,0.69,280.59,-84.65
06-09-2024 1:00,136.61,0.5,280.02,-43.17
06-09-2024 2:00,150.48,0.31,279.09,-30.25
06-09-2024 3:00,142.85,0.27,278.28,-28.89
06-09-2024 4:00,128.45,0.32,278.03,-32.84
06-09-2024 5:00,238.31,0.05,278.38,-29.39
06-09-2024 6:00,190.17,0.11,278.43,-28.59
06-09-2024 7:00,63.88,0.01,278.32,-28.16
06-09-2024 8:00,14.51,0.05,278.23,-26.93
06-09-2024 9:00,259.79,0.02,278.92,-24.05
06-09-2024 10:00,221.65,0.89,283.14,-35.27
06-09-2024 11:00,222.39,1.65,285.41,-48.89
06-09-2024 12:00,219.22,2.01,286.73,-62.37
06-09-2024 13:00,217.92,2.38,287.83,-82.85
06-09-2024 14:00,213.6,2.6,288.47,-95.22
06-09-2024 15:00,213.52,2.73,288.52,-113.79
06-09-2024 16:00,214.11,2.76,288.29,-152.78
06-09-2024 17:00,212.05,2.51,287.69,-357.91
06-09-2024 18:00,211.22,1.7,286.04,96.18
06-09-2024 19:00,195.68,0.58,283.64,28.78
06-09-2024 20:00,207.49,0.78,282.63,19.93
06-09-2024 21:00,197.2,1.19,283.08,52.24
06-09-2024 22:00,201.21,1.24,282.35,54.26
06-09-2024 23:00,207.45,1.21,281.58,52.32
07-09-2024 0:00,203.55,1.84,281.59,91.5
07-09-2024 1:00,201.68,1.29,280.91,55.19
07-09-2024 2:00,206.93,1.06,280.25,13.06
07-09-2024 3:00,202.71,1.11,280.12,-97.21
07-09-2024 4:00,204.24,0.46,279.8,-38.66
07-09-2024 5:00,226.49,0.34,280.03,-35.09
07-09-2024 6:00,223.56,0.6,279.99,-44.42
07-09-2024 7:00,239.59,0.8,279.84,-55.4
07-09-2024 8:00,238.24,0.94,279.55,-55.94
07-09-2024 9:00,218.08,0.62,279.61,-33.52
07-09-2024 10:00,188.33,0.6,280.82,-29.77
07-09-2024 11:00,225.59,1.62,284.27,-50
07-09-2024 12:00,216.26,1.95,285.78,-55.88
07-09-2024 13:00,213.81,2.66,286.71,-83.26
07-09-2024 14:00,214.01,2.89,287.46,-97.39
07-09-2024 15:00,211.47,3.28,287.61,-132.97
07-09-2024 16:00,210.41,3.46,287.46,-189.32
07-09-2024 17:00,208.22,3.05,286.98,-335.32
07-09-2024 18:00,205.51,2.23,285.57,185.27
07-09-2024 19:00,202.73,1.87,284.11,99.24
07-09-2024 20:00,203.71,1.91,283.06,109.72
07-09-2024 21:00,216.18,1.68,282.01,335.34
07-09-2024 22:00,206.25,1.19,281.39,-85.96
07-09-2024 23:00,198.79,0.73,280.81,-50.61
08-09-2024 0:00,187.66,0.92,280.6,-65.85
08-09-2024 1:00,188.06,0.62,280.22,-47.37
08-09-2024 2:00,171.75,0.57,280.38,-51.05
08-09-2024 3:00,207.97,0.95,280.26,-69.08
08-09-2024 4:00,227.74,0.88,280.18,-64.64
08-09-2024 5:00,252.27,0.79,280.11,-57.01
08-09-2024 6:00,238.75,0.39,279.45,-34.9
08-09-2024 7:00,248.11,0.42,279.08,-35.2
08-09-2024 8:00,239.81,0.52,279.08,-36.22
08-09-2024 9:00,200.91,0.62,279.38,-33.25
08-09-2024 10:00,217.54,1.24,283.08,-40.71
08-09-2024 11:00,224.59,1.68,285.69,-49.14
08-09-2024 12:00,221.74,1.87,287.39,-59.29
08-09-2024 13:00,217.49,2.2,288.56,-71.69
08-09-2024 14:00,214.77,2.19,288.99,-90.56
08-09-2024 15:00,213.73,2.19,288.51,-134.96
08-09-2024 16:00,211.64,2.19,287.97,-271.36
08-09-2024 17:00,216.65,2.32,286.96,675.63
08-09-2024 18:00,210.81,2.46,285.26,184.02
08-09-2024 19:00,208.15,1.26,283.85,60.73
08-09-2024 20:00,218.52,0.61,282.31,30.34
08-09-2024 21:00,207.61,1.08,282.82,52.26
08-09-2024 22:00,205.36,0.53,281.74,28.8
08-09-2024 23:00,206.72,0.58,281.5,14.53
09-09-2024 0:00,191.79,0.71,281.63,-84.94
09-09-2024 1:00,186.26,0.56,281.39,-60.5
09-09-2024 2:00,159.69,0.27,280.9,-35.88
09-09-2024 3:00,152.66,0.09,280.71,-31.76
09-09-2024 4:00,75.33,0.16,280.29,-32.04
09-09-2024 5:00,41.06,0.28,280.23,-37.34
09-09-2024 6:00,49.19,0.28,280.49,-38.26
09-09-2024 7:00,105.04,0.01,280.49,-27.85
09-09-2024 8:00,41.91,0.1,280.39,-27.44
09-09-2024 9:00,43.33,0.08,280.69,-25.77
09-09-2024 10:00,330.03,0.39,282.05,-27.55
09-09-2024 11:00,303.75,0.64,286.7,-32.77
09-09-2024 12:00,275.75,0.93,289.4,-45.41
09-09-2024 13:00,248.99,1.51,290.7,-59.84
09-09-2024 14:00,217.12,1.99,290.77,-81.41
09-09-2024 15:00,212.62,2.46,290.06,-127.07
09-09-2024 16:00,211.14,2.55,289.42,-188.8
09-09-2024 17:00,206.72,2.63,288.41,-1489.03
09-09-2024 18:00,209.17,1.89,286.84,124.08
09-09-2024 19:00,208.44,0.6,284.65,29.17
09-09-2024 20:00,206.98,0.67,284.03,5.19
09-09-2024 21:00,205.86,1.43,283.93,9.36
09-09-2024 22:00,193.24,1.53,283.5,9.93
09-09-2024 23:00,204.03,0.22,282.31,3.02
10-09-2024 0:00,212.04,0.46,282.27,-52.51
10-09-2024 1:00,182.88,0.73,281.95,-103.51
10-09-2024 2:00,198.45,0.41,281.07,3.87
10-09-2024 3:00,159.07,0.25,280.55,-40.76
10-09-2024 4:00,140.36,0.36,280.12,-38.25
10-09-2024 5:00,147.38,0.26,280.04,-35.64
10-09-2024 6:00,292.6,0.08,280.01,-29.56
10-09-2024 7:00,213.28,0.5,280.11,-38.89
10-09-2024 8:00,228.62,0.61,279.83,-45.32
10-09-2024 9:00,220.24,0.14,280.19,-26.55
10-09-2024 10:00,185.62,0.14,282.19,-25.66
10-09-2024 11:00,219.45,1.47,285.52,-49.83
10-09-2024 12:00,217.47,1.96,286.94,-59.51
10-09-2024 13:00,217.75,2.36,287.92,-79.55
10-09-2024 14:00,213.56,2.66,288.33,-112.25
10-09-2024 15:00,205.94,3.18,288.2,-153.39
10-09-2024 16:00,204.57,2.08,286.67,-180.49
10-09-2024 17:00,234.12,1.96,285.89,-285.89
10-09-2024 18:00,223.99,2.86,285.61,1059.57
10-09-2024 19:00,228.88,3.24,284.35,362.93
10-09-2024 20:00,219.14,3.33,283.56,441.9
10-09-2024 21:00,216.22,3.11,283.5,-1664.16
10-09-2024 22:00,209.79,2.06,283.21,-810.98
10-09-2024 23:00,211.55,1.97,282.87,-867.89
11-09-2024 0:00,197.02,1.66,281.77,108.9
11-09-2024 1:00,200.73,2.17,281.05,172.64
11-09-2024 2:00,204.71,1.58,280.21,105.62
11-09-2024 3:00,193.69,0.91,279.22,49.22
11-09-2024 4:00,204.47,1.21,279.52,-129.2
11-09-2024 5:00,229.27,0.93,279.68,-68.63
11-09-2024 6:00,174.29,0.87,279.13,-55.61
11-09-2024 7:00,133.8,0.8,279,9.88
11-09-2024 8:00,183.12,0.67,279.77,-36.9
11-09-2024 9:00,216.7,1.55,281.85,-53.85
11-09-2024 10:00,212,1.87,283.5,-54.07
11-09-2024 11:00,218.21,1.93,285.27,-58.92
11-09-2024 12:00,215.45,2.44,286.68,-71.99
11-09-2024 13:00,212.07,2.64,287.59,-86
11-09-2024 14:00,212.6,2.94,288.09,-103.86
11-09-2024 15:00,214.67,3.01,288.39,-119.04
11-09-2024 16:00,214.42,3.11,288.39,-150.46
11-09-2024 17:00,213.3,2.83,287.93,-224.77
11-09-2024 18:00,212.01,2.43,286.66,565.82
11-09-2024 19:00,210.12,1.95,284.68,115.53
11-09-2024 20:00,223.87,1.86,283.32,121.94
11-09-2024 21:00,216.76,1.93,282.36,129.62
11-09-2024 22:00,210.02,1.28,281.23,72.98
11-09-2024 23:00,200.81,0.42,279.87,25.52
12-09-2024 0:00,177.07,0.96,279.75,-61.08
12-09-2024 1:00,173.89,0.68,279.36,-45.3
12-09-2024 2:00,156.01,0.55,279.1,-43.04
12-09-2024 3:00,160.31,0.45,278.96,-39.21
12-09-2024 4:00,126.55,0.26,278.76,-33.77
12-09-2024 5:00,85.28,0.03,278.58,-29.46
12-09-2024 6:00,342.77,0.14,278.57,-31.33
12-09-2024 7:00,334.59,0.25,278.59,-30.79
12-09-2024 8:00,333.31,0.19,278.37,-27.28
12-09-2024 9:00,247,0.15,278.79,-25.06
12-09-2024 10:00,261.43,0.37,281.32,-28.37
12-09-2024 11:00,241.87,1.14,284.14,-37.77
12-09-2024 12:00,235.41,1.78,286.17,-53.88
12-09-2024 13:00,219.79,2.35,287.15,-75.56
12-09-2024 14:00,214,2.73,287.76,-91.41
12-09-2024 15:00,212.82,3,288.04,-112.15
12-09-2024 16:00,210.37,2.6,287.98,-111.38
12-09-2024 17:00,211.3,2.9,287.48,-195.62
12-09-2024 18:00,213.68,2.78,286.51,947.8
12-09-2024 19:00,223.15,2.54,284.81,215.44
12-09-2024 20:00,212.37,2.15,284.09,135.18
12-09-2024 21:00,214.83,3.18,284.36,-2613.68
12-09-2024 22:00,211.21,2.37,283.59,223.48
12-09-2024 23:00,205.63,0.4,283.7,-104.23
13-09-2024 0:00,72.21,0.03,283.59,-55.33
13-09-2024 1:00,40.05,1.09,282.13,10.78
13-09-2024 2:00,93.16,0.32,281.43,3.92
13-09-2024 3:00,58.76,0.97,281.86,-223.44
13-09-2024 4:00,51.64,0.85,281.57,-304.88
13-09-2024 5:00,65.22,0.48,281.09,1
13-09-2024 6:00,191.05,0.58,280.06,33.05
13-09-2024 7:00,213.79,0.86,280.96,-111.39
13-09-2024 8:00,220.69,1.72,280.97,-149.37
13-09-2024 9:00,241.75,1.31,281.1,-49.08
13-09-2024 10:00,223.49,0.8,283.72,-37.54
13-09-2024 11:00,222.98,1.72,285.52,-52.21
13-09-2024 12:00,219.97,2.26,286.68,-71.01
13-09-2024 13:00,212.17,2.56,287.76,-81.34
13-09-2024 14:00,219.09,3.16,288.27,-108.91
13-09-2024 15:00,215.75,3,288.66,-114.43
13-09-2024 16:00,212.27,2.86,288.82,-133.38
13-09-2024 17:00,211.17,3.27,288.2,-265.11
13-09-2024 18:00,212.35,2.91,287.02,824.11
13-09-2024 19:00,205.1,2.42,285.18,165.95
13-09-2024 20:00,217.3,2.63,283.87,232.32
13-09-2024 21:00,213.32,2.37,282.95,176.27
13-09-2024 22:00,202.53,1.98,282.03,129.95
13-09-2024 23:00,168.51,0.56,280.31,19.02
14-09-2024 0:00,181.18,1.13,280.39,8.69
14-09-2024 1:00,165.88,0.59,279.64,4.18
14-09-2024 2:00,128.86,0.83,279.36,-115
14-09-2024 3:00,96.39,0.41,279.53,-48.26
14-09-2024 4:00,254.61,0.01,278.88,-28.78
14-09-2024 5:00,248.79,0.06,278.47,-28.31
14-09-2024 6:00,131.71,0.02,278.49,-27.44
14-09-2024 7:00,185.17,0.58,277.98,-40.09
14-09-2024 8:00,357.87,0.1,279.08,-23.86
14-09-2024 9:00,203.45,0.16,280.08,-24.08
14-09-2024 10:00,241.94,0.67,287.69,-38.64
14-09-2024 11:00,213.37,1.53,290.11,-59.68
14-09-2024 12:00,218.34,2.24,290.57,-82.49
14-09-2024 13:00,214.67,2.58,290.99,-92.81
14-09-2024 14:00,214.54,3.07,291.28,-122.56
14-09-2024 15:00,214.89,3.29,291.37,-156.01
14-09-2024 16:00,212.97,3.26,290.89,-210.69
14-09-2024 17:00,208.39,3.1,289.98,-409.11
14-09-2024 18:00,204.43,2.53,288.37,266.74
14-09-2024 19:00,198.78,1.8,285.97,90.17
14-09-2024 20:00,214.17,1.23,283.96,66.1
14-09-2024 21:00,209.66,1.74,283.68,106.76
14-09-2024 22:00,189.23,0.57,281.88,32.93
14-09-2024 23:00,188.45,0.65,281.11,22.45
15-09-2024 0:00,193.94,0.57,280.69,25.93
15-09-2024 1:00,194.1,1.39,281.05,10.98
15-09-2024 2:00,196.4,0.74,280.13,4.68
15-09-2024 3:00,200.77,1.53,280.31,8.68
15-09-2024 4:00,188.02,1.38,279.74,7.66
15-09-2024 5:00,201.46,1.48,279.79,7.63
15-09-2024 6:00,200.79,1.13,278.64,6.44
15-09-2024 7:00,200.27,0.82,277.83,6.5
15-09-2024 8:00,181.37,0.55,278.76,-39.15
15-09-2024 9:00,300.39,0.13,281.69,-25.91
15-09-2024 10:00,235.02,1.11,287.48,-47.85
15-09-2024 11:00,219.2,1.44,289.77,-54.02
15-09-2024 12:00,215.23,2.18,290.66,-77.1
15-09-2024 13:00,219.44,3,291.23,-109.35
15-09-2024 14:00,216.29,3.11,291.65,-124.31
15-09-2024 15:00,214.6,3,291.9,-143.45
15-09-2024 16:00,216.58,3.26,291.45,-205.35
15-09-2024 17:00,212.71,2.91,290.67,-348.79
15-09-2024 18:00,203.57,2.34,289,276.39
15-09-2024 19:00,199.12,1.58,286.32,75.17
15-09-2024 20:00,200.08,1.76,285.12,79.18
15-09-2024 21:00,196.8,0.66,283.36,21.38
15-09-2024 22:00,201,1.74,284.18,11.71
15-09-2024 23:00,200.73,1.82,284.76,9
16-09-2024 0:00,183.29,1.67,284.66,7.48
16-09-2024 1:00,314.72,0.74,278.16,1.22
16-09-2024 2:00,317.38,0.54,278.42,1.58
16-09-2024 3:00,289.91,1.35,274.59,1
16-09-2024 4:00,324.3,1.44,278.16,1
16-09-2024 5:00,35.02,1.5,278.56,1
16-09-2024 6:00,302.19,1.12,273.7,1.15
16-09-2024 7:00,310.24,1.37,273.2,1
16-09-2024 8:00,317.85,0.6,277.72,1.45
16-09-2024 9:00,188.03,1.04,284.75,5.72
16-09-2024 10:00,189.43,0.03,286.69,-48.99
16-09-2024 11:00,246.48,0.87,290.24,-54.72
16-09-2024 12:00,237.21,0.86,292.3,-113.08
16-09-2024 13:00,227.09,1.41,293.1,-68.09
16-09-2024 14:00,229.34,1.19,293.5,-65.61
16-09-2024 15:00,224.27,1.69,292.8,-98.69
16-09-2024 16:00,219.66,1.76,291.8,-160.32
16-09-2024 17:00,219.68,1.2,290.11,1672.88
16-09-2024 18:00,209.25,0.84,287.62,15.08
16-09-2024 19:00,196.54,1,286.39,6.36
16-09-2024 20:00,198.71,0.93,281.4,1
16-09-2024 21:00,238.72,0.21,283.35,1.86
16-09-2024 22:00,34.91,0.26,283.99,2.88
16-09-2024 23:00,64.19,1.51,283.73,14.3
17-09-2024 0:00,59.46,0.99,282.69,18.41
17-09-2024 1:00,54.33,0.88,281.97,18.99
17-09-2024 2:00,41.52,0.78,281.37,45.43
17-09-2024 3:00,74.1,0.85,281.49,14.87
17-09-2024 4:00,68,1.2,280.58,12.56
17-09-2024 5:00,57.76,1.37,280.26,11.63
17-09-2024 6:00,72.38,0.93,279.7,5.93
17-09-2024 7:00,67.75,0.27,279.57,3.54
17-09-2024 8:00,141.1,0.02,279.84,-24.14
17-09-2024 9:00,314.33,0.42,280.64,-28.34
17-09-2024 10:00,315.67,0.46,284.25,-29.07
17-09-2024 11:00,299.19,0.66,287.14,-37.53
17-09-2024 12:00,285.34,0.67,289.23,-39.63
17-09-2024 13:00,247.74,1.63,290.42,-62.37
17-09-2024 14:00,228.9,2.11,291.1,-79.42
17-09-2024 15:00,221.79,2.32,291.07,-102.03
17-09-2024 16:00,220.43,2.42,290.61,-130.15
17-09-2024 17:00,214.4,2.39,289.75,-263.53
17-09-2024 18:00,208.98,1.64,288.17,147.13
17-09-2024 19:00,208.05,0.91,285.71,45.31
17-09-2024 20:00,211.61,1.05,284.5,14.51
17-09-2024 21:00,211.3,1.03,284.3,6.63
17-09-2024 22:00,15.53,0.2,282.03,1.87
17-09-2024 23:00,278.93,0.94,279.55,1
18-09-2024 0:00,93.07,0.29,281.64,2.92
18-09-2024 1:00,80.32,0.83,281.8,4.71
18-09-2024 2:00,77.73,0.97,281.59,12.98
18-09-2024 3:00,90.78,0.42,281.81,28.54
18-09-2024 4:00,77.54,1.16,281.87,6.54
18-09-2024 5:00,78.91,1.33,281.45,7.25
18-09-2024 6:00,77.96,0.56,280.57,3.64
18-09-2024 7:00,72.93,0.47,280.42,3.29
18-09-2024 8:00,68.49,0.45,281.6,3.43
18-09-2024 9:00,64.84,0.3,283.68,-96.95
18-09-2024 10:00,26.55,0.36,285.86,-36.07
18-09-2024 11:00,9.11,0.94,287.66,-42.63
18-09-2024 12:00,344.45,0.01,288.71,-29.86
18-09-2024 13:00,307.81,0.43,289.85,-41.85
18-09-2024 14:00,247.99,1.27,289.72,-55.79
18-09-2024 15:00,229.43,1.66,289.33,-78.42
18-09-2024 16:00,209.03,1.98,288.69,-141.23
18-09-2024 17:00,210.48,1.59,288.01,-249.21
18-09-2024 18:00,202.67,1.28,287.24,619.11
18-09-2024 19:00,218.68,0.68,285.72,5.77
18-09-2024 20:00,326.58,0.8,282.43,1
18-09-2024 21:00,23.48,0.28,283.29,3.05
18-09-2024 22:00,31.72,0.63,282.17,29.13
18-09-2024 23:00,40.17,0.96,281.73,15.17
19-09-2024 0:00,50.63,1.43,281.69,10.58
19-09-2024 1:00,62.6,1.24,280.67,45.09
19-09-2024 2:00,74.49,0.91,280.08,38.01
19-09-2024 3:00,51.72,2.54,280.85,131.24
19-09-2024 4:00,47.61,3.35,281.21,222.03
19-09-2024 5:00,71.78,2.04,280.54,102.32
19-09-2024 6:00,76.92,1.53,280,69
19-09-2024 7:00,84.72,0.69,279.31,28.45
19-09-2024 8:00,76.58,1.8,281.58,202.58
19-09-2024 9:00,61.06,2.79,282.89,-309.56
19-09-2024 10:00,66.49,1.94,283.83,-106.42
19-09-2024 11:00,21.77,2.33,286.03,-119.24
19-09-2024 12:00,2.04,3.03,287.16,-141.11
19-09-2024 13:00,339.77,2.27,288.06,-113.42
19-09-2024 14:00,356.97,2.07,288.27,-109.48
19-09-2024 15:00,314.73,1.27,287.98,-91.58
19-09-2024 16:00,286.78,1.27,287.65,-117.93
19-09-2024 17:00,275.1,1.56,287.1,-124.87
19-09-2024 18:00,195.92,1.82,285.21,305.29
19-09-2024 19:00,208.85,0.75,283.6,39.67
19-09-2024 20:00,217.77,0.5,282.35,28.71
19-09-2024 21:00,200.9,0.41,281.93,3.69
19-09-2024 22:00,184.86,0.95,281.56,6.36
19-09-2024 23:00,101.08,0.01,279.99,2.24
20-09-2024 0:00,120.62,0.5,279.98,3.72
20-09-2024 1:00,190.37,1.29,280.27,7.6
20-09-2024 2:00,206.85,0.74,279.18,-67.68
20-09-2024 3:00,208.93,0.95,279.48,-119
20-09-2024 4:00,189.65,0.94,279.7,-85.82
20-09-2024 5:00,195.59,0.65,279.47,-47.33
20-09-2024 6:00,226.72,0.08,279.79,-28.48
20-09-2024 7:00,111.44,0.62,279.05,-40.26
20-09-2024 8:00,109.36,0.43,278.83,-33.01
20-09-2024 9:00,228.13,0.07,279.44,-24
20-09-2024 10:00,183.82,0.05,281.51,-25.62
20-09-2024 11:00,300.36,0.53,283.88,-31.67
20-09-2024 12:00,290.54,0.49,286.09,-32.97
20-09-2024 13:00,250.54,0.85,287.54,-40.78
20-09-2024 14:00,220.46,1.51,287.94,-64.41
20-09-2024 15:00,218.11,1.78,287.48,-96.8
20-09-2024 16:00,216.32,1.47,287.15,-100.56
20-09-2024 17:00,227.1,0.99,286.71,-439.49
20-09-2024 18:00,201.18,1.03,285.43,8.93
20-09-2024 19:00,199.74,0.99,284.08,6.09
20-09-2024 20:00,180.94,0.55,282.76,3.88
20-09-2024 21:00,11.96,0.88,279.69,1
20-09-2024 22:00,262.79,0.44,280.02,1.46
20-09-2024 23:00,66.72,0.11,280.61,2.5
21-09-2024 0:00,271.68,0.71,277.91,1.21
21-09-2024 1:00,108.2,0.21,280.42,36.33
21-09-2024 2:00,318.46,0.16,280.52,-36.22
21-09-2024 3:00,186.35,0.37,280.64,-38.25
21-09-2024 4:00,225.49,0.69,281.08,-75.24
21-09-2024 5:00,275.64,0.56,281.03,-47.01
21-09-2024 6:00,327.51,0.4,281.17,-39.26
21-09-2024 7:00,95.05,0.71,281.19,-57.08
21-09-2024 8:00,142.46,0.08,281.12,-26.36
21-09-2024 9:00,170.9,0.11,281.24,-25.03
21-09-2024 10:00,128.97,0.03,281.47,-24.21
21-09-2024 11:00,299.03,0.16,284.78,-26.64
21-09-2024 12:00,303.08,0.23,287.27,-33.61
21-09-2024 13:00,249.5,1.43,288.22,-55.19
21-09-2024 14:00,232.59,2.04,288.75,-72.22
21-09-2024 15:00,225.27,2.21,288.94,-96.71
21-09-2024 16:00,211.42,2.96,288.32,-175.19
21-09-2024 17:00,209.66,3.29,287.26,-473.62
21-09-2024 18:00,202.11,2.56,285.58,435.94
21-09-2024 19:00,191.4,2.87,284.75,753.61
21-09-2024 20:00,201.65,2.27,283.52,136.63
21-09-2024 21:00,202.77,2.11,282.59,129.88
21-09-2024 22:00,198.04,0.89,281.15,17.2
21-09-2024 23:00,213.22,0.74,280.31,7.6
22-09-2024 0:00,166.14,0.04,278.87,2.09
22-09-2024 1:00,43.72,0.59,278.81,4.63
22-09-2024 2:00,64.13,1.02,279.11,1244.38
22-09-2024 3:00,85.37,0.96,279.68,62.61
22-09-2024 4:00,76.57,0.82,279.91,49.96
22-09-2024 5:00,73.75,0.71,279.23,19.34
22-09-2024 6:00,64.92,1.16,278.89,14.93
22-09-2024 7:00,56.77,0.81,278.38,20.29
22-09-2024 8:00,54.75,1.03,279.64,64.96
22-09-2024 9:00,39.53,1.3,281.36,-75.96
22-09-2024 10:00,28.98,0.9,283.12,-43.85
22-09-2024 11:00,12.29,0.78,284.78,-44.77
22-09-2024 12:00,73.55,0.37,285.97,-45.35
22-09-2024 13:00,140.97,0.14,286.84,-56.35
22-09-2024 14:00,205.87,1.47,287.16,-103.91
22-09-2024 15:00,183.24,3.09,286.77,-288.28
22-09-2024 16:00,147.71,2.85,286.35,-448.04
22-09-2024 17:00,128.76,2.97,285.41,-1754.83
22-09-2024 18:00,120.01,2.37,284.83,283.26
22-09-2024 19:00,125.95,1.01,284.04,107.35
22-09-2024 20:00,245.83,0.2,282.77,1.69
22-09-2024 21:00,18.62,0.89,282.16,6.46
22-09-2024 22:00,36.05,0.46,281.51,3.65
22-09-2024 23:00,316.11,0.82,280.6,6.92
23-09-2024 0:00,232.41,0.53,279.9,-47.88
23-09-2024 1:00,144.1,0.05,279.77,-36.43
23-09-2024 2:00,56.65,0.58,280.18,-66.79
23-09-2024 3:00,80.52,1.32,281.41,7.75
23-09-2024 4:00,87.08,1.7,281.47,11.39
23-09-2024 5:00,124.67,1.48,281.86,7.27
23-09-2024 6:00,212.93,1.35,279.12,56.78
23-09-2024 7:00,215.07,2.64,278.99,202.21
23-09-2024 8:00,213.04,2.53,280.05,-611.13
23-09-2024 9:00,215.54,3.22,281.49,-164.27
23-09-2024 10:00,217.55,2.69,282.76,-84.53
23-09-2024 11:00,209.68,2.59,284.35,-95.42
23-09-2024 12:00,210.84,2.61,285.68,-79.18
23-09-2024 13:00,208.56,2.43,286.73,-82.26
23-09-2024 14:00,203.97,2.76,287.23,-103.52
23-09-2024 15:00,207.18,2.67,287.51,-122.13
23-09-2024 16:00,207.76,2.17,287.63,-125.4
23-09-2024 17:00,205.72,2.02,287.42,-178
23-09-2024 18:00,229.5,1.43,286.89,450.4
23-09-2024 19:00,243.37,0.33,284.92,25.66
23-09-2024 20:00,219.3,2.06,284.23,134.1
23-09-2024 21:00,220.26,2.47,283.33,178.32
23-09-2024 22:00,206.59,1.65,282.29,106.9
23-09-2024 23:00,198.53,1.71,281.61,105.61
24-09-2024 0:00,205.3,0.73,280.64,33.79
24-09-2024 1:00,199.92,0.47,279.88,25.5
24-09-2024 2:00,206.06,0.78,279.43,36.23
24-09-2024 3:00,183.72,0.96,278.91,14.83
24-09-2024 4:00,158.63,0.65,278.37,5.98
24-09-2024 5:00,140.5,0.29,278.51,-34.09
24-09-2024 6:00,12.82,0.02,278.3,-26.49
24-09-2024 7:00,1.8,0.11,278.05,-26.52
24-09-2024 8:00,175.3,0.16,278.36,-26.21
24-09-2024 9:00,209.1,1.2,281.85,-41.38
24-09-2024 10:00,222.93,1.99,284.02,-61.39
24-09-2024 11:00,221.58,2.42,285.46,-69.03
24-09-2024 12:00,215.99,2.68,286.69,-82.87
24-09-2024 13:00,213.13,2.82,287.72,-89.5
24-09-2024 14:00,211.98,2.87,288.32,-104.06
24-09-2024 15:00,207.65,2.84,288.61,-110.6
24-09-2024 16:00,212.12,3.1,288.57,-147.63
24-09-2024 17:00,214.34,3.43,288.03,-256.88
24-09-2024 18:00,225.7,3.53,286.69,-1512.24
24-09-2024 19:00,222.14,3.01,285.09,280.34
24-09-2024 20:00,217.7,3.09,284.07,347.38
24-09-2024 21:00,213.19,2.92,283.49,301.52
24-09-2024 22:00,208.56,2.73,282.73,252.36
24-09-2024 23:00,209.6,2.57,282.02,229.37
25-09-2024 0:00,201.9,2.54,281.4,213.14
25-09-2024 1:00,205.32,2.99,280.63,353.63
25-09-2024 2:00,206.42,2.91,279.97,343.68
25-09-2024 3:00,210.31,2.77,279.33,336.37
25-09-2024 4:00,207.37,2.29,278.69,240.65
25-09-2024 5:00,205.64,1.71,278.06,139.16
25-09-2024 6:00,204.97,1.34,277.39,93.11
25-09-2024 7:00,194.36,1.3,276.9,364.72
25-09-2024 8:00,193.14,1.56,277.27,-70.61
25-09-2024 9:00,211.61,1.91,280.02,-55.93
25-09-2024 10:00,220.46,1.93,282.68,-56.85
25-09-2024 11:00,220.96,2.43,284.43,-66.83
25-09-2024 12:00,216.61,2.82,285.67,-84.41
25-09-2024 13:00,213.43,3.03,286.64,-93.02
25-09-2024 14:00,213.53,3,287.53,-98.8
25-09-2024 15:00,210.95,2.93,288.07,-106.86
25-09-2024 16:00,214.81,2.65,288.27,-115.17
25-09-2024 17:00,214.87,2.71,287.9,-164.49
25-09-2024 18:00,216.06,2.7,286.81,-3364.81
25-09-2024 19:00,206.1,2.22,284.82,148.27
25-09-2024 20:00,198.65,2.11,283.4,156.77
25-09-2024 21:00,213.58,0.36,281.58,16.76
25-09-2024 22:00,164.27,0.28,280.94,-32.73
25-09-2024 23:00,175.35,0.44,280.41,-36.64
26-09-2024 0:00,147.4,0.18,279.68,-30.6
26-09-2024 1:00,179.74,0.19,279.39,-31.13
26-09-2024 2:00,257.53,0.24,279.21,-32.63
26-09-2024 3:00,84.73,0.03,279.33,-28.56
26-09-2024 4:00,126.37,0.09,278.8,-28.8
26-09-2024 5:00,62.64,0.18,277.91,-29.99
26-09-2024 6:00,104.1,0.69,277.67,-42.57
26-09-2024 7:00,43.09,0.38,277.22,120.63
26-09-2024 8:00,57.23,0.4,278.08,-29.61
26-09-2024 9:00,41,0.46,284.11,-36.97
26-09-2024 10:00,8.71,0.4,288.14,-35.84
26-09-2024 11:00,171,0.04,291.01,-36.33
26-09-2024 12:00,287.51,0.54,292.61,-60.84
26-09-2024 13:00,251.15,1.4,292.5,-77.92
26-09-2024 14:00,219.05,2.27,291.88,-109.75
26-09-2024 15:00,218.24,2.59,291.18,-189.34
26-09-2024 16:00,215.66,2.46,290.38,-336.85
26-09-2024 17:00,213.02,2,289.29,388.7
26-09-2024 18:00,211.67,0.96,287.32,56.11
26-09-2024 19:00,196.25,1.16,285.57,12.6
26-09-2024 20:00,170.61,1.22,284.29,14.26
26-09-2024 21:00,215.01,0.39,284.49,3.3
26-09-2024 22:00,169.15,0.32,283.84,2.99
26-09-2024 23:00,155.34,0.59,284,3.54
27-09-2024 0:00,341.05,0.49,280.73,1.6
27-09-2024 1:00,333.96,0.22,281.05,1.95
27-09-2024 2:00,296.24,0.14,280.96,2.06
27-09-2024 3:00,317.51,0.34,279.75,1.8
27-09-2024 4:00,127.05,1.55,282.35,7.09
27-09-2024 5:00,114.69,1.3,282.35,5.56
27-09-2024 6:00,144.99,1.9,282.98,8.14
27-09-2024 7:00,24.41,1.05,277.93,1
27-09-2024 8:00,86.38,0.26,282.1,-49.52
27-09-2024 9:00,286.59,0.28,285.18,-33.27
27-09-2024 10:00,228.49,0.91,288.87,-41.82
27-09-2024 11:00,222.26,1.55,290.34,-58.83
27-09-2024 12:00,218.1,1.85,291.33,-66.39
27-09-2024 13:00,218,2.41,292.04,-93.54
27-09-2024 14:00,216.83,2.55,292.5,-106.39
27-09-2024 15:00,212.32,2.75,292.54,-122.44
27-09-2024 16:00,213.31,2.59,292.36,-140.39
27-09-2024 17:00,211.28,2.75,291.76,-304.55
27-09-2024 18:00,209.33,2.1,290.32,242.12
27-09-2024 19:00,199.82,1.53,287.67,75.8
27-09-2024 20:00,203.43,0.75,285.74,36.7
27-09-2024 21:00,201.79,1.06,284.95,15.3
27-09-2024 22:00,205.7,1.35,284.57,11.17
27-09-2024 23:00,200.71,0.97,283.46,6.61
28-09-2024 0:00,200.24,1.45,283.24,9.37
28-09-2024 1:00,188.5,1.3,282.82,7.66
28-09-2024 2:00,336.38,0.43,279.69,1.48
28-09-2024 3:00,13.12,0.71,279.41,1
28-09-2024 4:00,321.4,0.74,278.31,1
28-09-2024 5:00,305.88,0.82,277.58,1
28-09-2024 6:00,110.7,0.23,280.53,47.68
28-09-2024 7:00,92.51,0.97,280.64,-156.25
28-09-2024 8:00,112.92,0.61,281.3,-60.21
28-09-2024 9:00,1.14,0.11,281.98,-25.38
28-09-2024 10:00,238.95,0.23,286.23,-31.89
28-09-2024 11:00,244.03,0.49,289.06,-35.26
28-09-2024 12:00,228.45,1.11,291.02,-47.04
28-09-2024 13:00,218.94,1.58,291.99,-66.71
28-09-2024 14:00,215.53,1.84,292.47,-79.68
28-09-2024 15:00,217.78,1.96,292.49,-91.1
28-09-2024 16:00,214.39,2.17,292.25,-120.59
28-09-2024 17:00,210.76,2.4,291.45,-255.63
28-09-2024 18:00,206.37,2.05,289.84,278.6
28-09-2024 19:00,205.42,1.67,287.75,80.02
28-09-2024 20:00,202.7,0.62,285.98,29.78
28-09-2024 21:00,195.15,0.73,285.98,6.51
28-09-2024 22:00,197.79,0.74,285.17,5.35
28-09-2024 23:00,53.24,0.39,282.83,1.46
29-09-2024 0:00,213.23,0.61,284.42,-123.83
29-09-2024 1:00,104.33,0.45,283.8,-42.85
29-09-2024 2:00,89.36,0.56,283.36,-52.46
29-09-2024 3:00,91.9,0.56,283.04,-50.47
29-09-2024 4:00,64.59,0.6,283.31,-85.75
29-09-2024 5:00,65.81,0.56,283.3,-60.94
29-09-2024 6:00,56.12,0.72,283.07,-59.45
29-09-2024 7:00,59.11,0.49,283.28,-63.18
29-09-2024 8:00,37.59,0.31,283,-35.64
29-09-2024 9:00,31.19,0.4,283.3,-30.48
29-09-2024 10:00,55.41,0.09,283.62,-24.81
29-09-2024 11:00,270.71,0.72,287.16,-31.25
29-09-2024 12:00,255.74,1.43,289.45,-47.39
29-09-2024 13:00,246.83,1.78,290.79,-70.91
29-09-2024 14:00,234.28,1.88,291.43,-79.01
29-09-2024 15:00,234.52,1.91,291.62,-88.63
29-09-2024 16:00,217.33,2.4,291.16,-131.12
29-09-2024 17:00,210.16,3.17,290.04,-397.65
29-09-2024 18:00,204.95,3.51,288.75,2447.58
29-09-2024 19:00,161.06,1.12,287.71,1100.82
29-09-2024 20:00,183.61,1.79,286.83,-501.79
29-09-2024 21:00,200.89,2.61,285.65,-476.12
29-09-2024 22:00,204.83,2.38,285.04,-559.27
29-09-2024 23:00,223.85,1.39,284.35,-148.25
30-09-2024 0:00,220.16,1.5,283.93,-165.36
30-09-2024 1:00,213.13,0.84,283.72,-76.45
30-09-2024 2:00,220.02,0.51,283.66,-50.31
30-09-2024 3:00,294.61,0.09,283.69,-30.8
30-09-2024 4:00,30.87,0.86,283.69,-107.47
30-09-2024 5:00,45.81,1.11,283.53,-165.45
30-09-2024 6:00,42.03,0.95,283.47,-135.85
30-09-2024 7:00,47.3,0.54,283.45,-66.43
30-09-2024 8:00,67.12,0.3,283.5,-47.02
30-09-2024 9:00,220.73,0.56,283.5,-42.93
30-09-2024 10:00,342.62,0.36,284.22,-29.54
30-09-2024 11:00,33.69,1.36,286.56,-43.6
30-09-2024 12:00,44.82,1.28,288.35,-57.45
30-09-2024 13:00,1.91,1.51,289.74,-71.66
30-09-2024 14:00,350.85,1.65,290.32,-95.03
30-09-2024 15:00,326.1,1.84,290.09,-109.58
30-09-2024 16:00,298.42,3.11,289.67,-187.2
30-09-2024 17:00,298.04,3.62,288.46,-288.57
30-09-2024 18:00,202.14,2.46,287.15,-360.82
30-09-2024 19:00,202.96,2.93,285.01,389.58
30-09-2024 20:00,194.06,1.31,284.06,68.93
30-09-2024 21:00,197.33,0.68,283.45,35.87
30-09-2024 22:00,257.95,0.78,283.09,6.34
30-09-2024 23:00,216.14,0.74,281.61,17.83
01-10-2024 0:00,243.49,0.53,281.46,-39.84
01-10-2024 1:00,229.68,0.98,281.55,-63.1
01-10-2024 2:00,230.06,0.64,281.57,-48.5
01-10-2024 3:00,253.39,1.07,281.49,-68.65
01-10-2024 4:00,251.83,1.32,280.97,-87.8
01-10-2024 5:00,211.21,1.53,281.15,-139.45
01-10-2024 6:00,163.62,0.94,281.37,-82.35
01-10-2024 7:00,230.34,0.85,281.52,-76.02
01-10-2024 8:00,198.23,1.22,281.79,-77.06
01-10-2024 9:00,195.58,0.78,282.31,-41.81
01-10-2024 10:00,201.98,1.53,283.39,-61.46
01-10-2024 11:00,220.7,2.52,285.03,-73.99
01-10-2024 12:00,207.19,2.29,286.51,-75.78
01-10-2024 13:00,203.3,2.32,287.75,-88.78
01-10-2024 14:00,223.13,2.89,288.42,-117.5
01-10-2024 15:00,230.31,2.73,288.76,-124.87
01-10-2024 16:00,232.07,3.74,288.18,-209.71
01-10-2024 17:00,213.5,3.81,287.43,-347
01-10-2024 18:00,207.9,3.41,286.26,3629.19
01-10-2024 19:00,213.69,2.83,284.63,241.74
01-10-2024 20:00,223.87,2.91,283.45,293.1
01-10-2024 21:00,209.98,1.54,282.62,86.48
01-10-2024 22:00,200.24,2.44,281.98,201.29
01-10-2024 23:00,193.34,2.41,281.61,165.78
02-10-2024 0:00,204.09,1.96,280.79,140.03
02-10-2024 1:00,209.47,1.31,279.86,79.7
02-10-2024 2:00,214.97,1.21,279.17,70.76
02-10-2024 3:00,203.98,0.78,278.46,39.82
02-10-2024 4:00,191.96,0.74,277.84,39.19
02-10-2024 5:00,181.6,0.98,277.81,-59.54
02-10-2024 6:00,177.1,0.72,277.57,-44.38
02-10-2024 7:00,171.02,0.9,277.45,-52.27
02-10-2024 8:00,173.23,0.77,277.77,-36.53
02-10-2024 9:00,204.82,1.17,280.86,-48.26
02-10-2024 10:00,213.77,1.68,282.95,-53.54
02-10-2024 11:00,219.86,2.04,284.83,-58.39
02-10-2024 12:00,222.29,2.22,286.37,-68.32
02-10-2024 13:00,217.41,2.53,287.38,-79.54
02-10-2024 14:00,213.84,2.59,287.93,-89.12
02-10-2024 15:00,210.81,2.81,288.21,-114.08
02-10-2024 16:00,212.04,2.8,288.01,-166.56
02-10-2024 17:00,212.08,2.69,287.37,-383
02-10-2024 18:00,212.4,2.05,286.07,173.78
02-10-2024 19:00,210.54,1.62,284.49,80.81
02-10-2024 20:00,212.97,1.29,283.23,70.33
02-10-2024 21:00,213.1,1.43,283,94.45
02-10-2024 22:00,190.19,0.51,281.6,33.38
02-10-2024 23:00,186.33,0.78,281,18.44
03-10-2024 0:00,193.86,1.04,281,16.06
03-10-2024 1:00,186.43,1.26,281.18,8.97
03-10-2024 2:00,195.28,0.82,280.84,5.09
03-10-2024 3:00,195.1,0.8,280.68,4.77
03-10-2024 4:00,16.18,0.04,279.25,2.15
03-10-2024 5:00,18.57,0.96,277.13,1
03-10-2024 6:00,311.44,0.9,276.55,1
03-10-2024 7:00,118.12,0.46,279.41,3.58
03-10-2024 8:00,82.52,0.41,281.37,-33.2
03-10-2024 9:00,73.52,0.01,284.65,-28.06
03-10-2024 10:00,277,0.4,287.82,-32.51
03-10-2024 11:00,270.19,1.06,289.93,-40.93
03-10-2024 12:00,236.61,1.63,291.4,-59.86
03-10-2024 13:00,221.61,2.1,292.02,-77.52
03-10-2024 14:00,219.13,2.31,292.31,-97.14
03-10-2024 15:00,217.6,2.47,292.02,-108.47
03-10-2024 16:00,214.53,2.34,291.86,-124.34
03-10-2024 17:00,211.42,2.23,291.3,-255.59
03-10-2024 18:00,210.19,1.65,289.95,204.16
03-10-2024 19:00,210.41,0.78,287.4,38.34
03-10-2024 20:00,208.38,0.33,286.25,3.47
03-10-2024 21:00,214.43,0.66,285.78,4.46
03-10-2024 22:00,132.42,0.46,285.3,3.5
03-10-2024 23:00,196.62,0.03,283.93,2.36
04-10-2024 0:00,207.81,0.22,283.79,2.91
04-10-2024 1:00,357.26,0.42,281.81,1.47
04-10-2024 2:00,137.68,0.02,282.59,2.33
04-10-2024 3:00,160.59,0.54,283.48,9.75
04-10-2024 4:00,112.6,0.47,283.24,-77.25
04-10-2024 5:00,93.24,0.46,282.62,-47.68
04-10-2024 6:00,99.21,0.61,282.72,-64.66
04-10-2024 7:00,97.72,0.86,282.61,-94.5
04-10-2024 8:00,34.48,0.23,284.67,-27.6
04-10-2024 9:00,12.3,0.16,289.09,-31.42
04-10-2024 10:00,345.07,0.18,292.4,-34.31
04-10-2024 11:00,291.83,0.6,294.33,-54.35
04-10-2024 12:00,250.37,1.65,294.96,-71.87
04-10-2024 13:00,222.33,2.46,295.21,-102.63
04-10-2024 14:00,214.57,3.02,295.08,-134.47
04-10-2024 15:00,211.65,3.18,294.68,-143.34
04-10-2024 16:00,207.33,3.13,294.27,-164.73
04-10-2024 17:00,209.91,3.13,293.71,-264.41
04-10-2024 18:00,202.85,2.7,292.54,-6131.83
04-10-2024 19:00,203.41,1.44,290.18,78.56
04-10-2024 20:00,200.71,1.03,288.65,47.27
04-10-2024 21:00,212.38,0.4,287.81,24.14
04-10-2024 22:00,198.85,0.42,286.78,25.64
04-10-2024 23:00,205.39,0.98,286.37,41.74
05-10-2024 0:00,204.38,0.49,285.34,23.38
05-10-2024 1:00,193.49,0.21,284.53,3.02
05-10-2024 2:00,206.75,0.93,284.5,6.45
05-10-2024 3:00,197.6,0.99,284.14,6.34
05-10-2024 4:00,190.19,0.51,283.33,3.81
05-10-2024 5:00,318.08,0.21,281.42,1.79
05-10-2024 6:00,114.12,0.65,282.73,-175.4
05-10-2024 7:00,102.09,0.14,282.66,-35.75
05-10-2024 8:00,248.99,0.1,283.12,-27.12
05-10-2024 9:00,106.96,0.17,286.65,-25.47
05-10-2024 10:00,232.26,1.33,291.11,-46.75
05-10-2024 11:00,218.8,1.63,292.77,-59.66
05-10-2024 12:00,215.53,1.88,294.09,-66.07
05-10-2024 13:00,218.98,2.39,294.86,-83
05-10-2024 14:00,216.63,2.39,295.39,-87.43
05-10-2024 15:00,214.16,2.57,295.59,-112.09
05-10-2024 16:00,211.84,2.58,295.43,-124.25
05-10-2024 17:00,211.53,2.74,294.89,-221.89
05-10-2024 18:00,210.43,2.6,293.74,1866.55
05-10-2024 19:00,210.47,1.15,291.29,54.24
05-10-2024 20:00,209.4,1.12,289.77,48.81
05-10-2024 21:00,210.82,1.47,289.01,75.38
05-10-2024 22:00,208.58,0.35,288.22,18.94
05-10-2024 23:00,208.15,0.43,287.66,39.67
06-10-2024 0:00,167.73,0.72,287.27,230.16
06-10-2024 1:00,210.04,0.4,287.16,23.95
06-10-2024 2:00,216.27,0.7,287.36,32.35
06-10-2024 3:00,216.22,2.85,289.11,180.48
06-10-2024 4:00,159.32,2.83,291.02,98.64
06-10-2024 5:00,192.22,1.61,290.63,56.28
06-10-2024 6:00,164.32,2.09,291.08,76.99
06-10-2024 7:00,166.32,0.97,290.83,37.91
06-10-2024 8:00,198.46,3.01,289.54,454.68
06-10-2024 9:00,211,3.23,289.96,-2634.38
06-10-2024 10:00,209.11,3.78,290.97,-612.1
06-10-2024 11:00,213.22,3.13,292.46,-233.72
06-10-2024 12:00,214.09,2.03,293.27,-102.91
06-10-2024 13:00,217.84,2.21,294.08,-85.66
06-10-2024 14:00,199.56,1.95,294.29,-85.83
06-10-2024 15:00,203.41,1.91,294.26,-102.07
06-10-2024 16:00,198.93,2.2,293.59,-142.69
06-10-2024 17:00,196.2,2.44,292.87,-393.52
06-10-2024 18:00,196.6,3.06,290.88,2207.86
06-10-2024 19:00,211.46,3.02,289.16,512.11
06-10-2024 20:00,209.33,3.31,288.21,465.91
06-10-2024 21:00,206.92,2.71,287.39,288.65
06-10-2024 22:00,203.75,2.31,286.96,168.2
06-10-2024 23:00,203.27,0.78,285.95,42.24
07-10-2024 0:00,207.43,0.79,285.32,38.84
07-10-2024 1:00,184.2,1.27,285.85,-885.39
07-10-2024 2:00,171.36,0.67,286.08,-2557.43
07-10-2024 3:00,256.19,0.3,286.52,1
07-10-2024 4:00,341.5,0.21,285.52,-37.87
07-10-2024 5:00,78.59,0.55,285.92,10.98
07-10-2024 6:00,87.2,0.56,285.62,32.96
07-10-2024 7:00,80.76,0.48,286.29,9.4
07-10-2024 8:00,282.16,0.91,285.93,-50.77
07-10-2024 9:00,284.59,0.52,286.24,-30.95
07-10-2024 10:00,239.52,0.51,290.71,-31.7
07-10-2024 11:00,233.6,1.77,292.68,-93.24
07-10-2024 12:00,220.25,2.44,293.66,-126.86
07-10-2024 13:00,217.69,2.71,294.44,-130.65
07-10-2024 14:00,216.37,2.66,294.91,-119.58
07-10-2024 15:00,218.31,2.65,295.12,-137.98
07-10-2024 16:00,219.45,3.16,294.74,-229.92
07-10-2024 17:00,201.69,2.89,293.32,-8738.71
07-10-2024 18:00,220.39,3.33,291.84,1211.3
07-10-2024 19:00,225.57,2.81,290.97,453.34
07-10-2024 20:00,200.12,4.16,289.12,-2022.87
07-10-2024 21:00,209.39,4.31,287.52,-1646.75
07-10-2024 22:00,193.22,3.1,286.55,-608.16
07-10-2024 23:00,214.52,3.22,285.66,-696.93
08-10-2024 0:00,214.19,3.06,285.12,-726.83
08-10-2024 1:00,207.81,1.98,284.86,-266.58
08-10-2024 2:00,199.96,2.15,284.26,-217.84
08-10-2024 3:00,197.09,2.56,283.9,-335.26
08-10-2024 4:00,185.58,2.07,283.93,-370.82
08-10-2024 5:00,182.01,1.75,284.15,-419.17
08-10-2024 6:00,177.9,0.65,284.09,-71.32
08-10-2024 7:00,206.49,0.92,283.97,-99.76
08-10-2024 8:00,195.29,1.73,284.06,-153.45
08-10-2024 9:00,197.47,1.89,284.6,-104.45
08-10-2024 10:00,211,1.73,285.52,-65.79
08-10-2024 11:00,226.75,2.33,286.25,-77.33
08-10-2024 12:00,225.32,2.76,287.05,-94.36
08-10-2024 13:00,221.35,3.25,287.97,-116.86
08-10-2024 14:00,218.42,3.08,288.44,-125.07
08-10-2024 15:00,216.07,3.28,288.1,-150.91
08-10-2024 16:00,204.84,3.32,287.65,-229.12
08-10-2024 17:00,203.16,3.01,287.2,-370.49
08-10-2024 18:00,199.67,2.92,286.21,1076.79
08-10-2024 19:00,190.63,2.85,285.67,436.37
08-10-2024 20:00,198.89,2.83,285.52,518.74
08-10-2024 21:00,203.4,2.95,285.5,1531.77
08-10-2024 22:00,201.86,2.24,285.05,315.27
08-10-2024 23:00,197.98,0.76,283.9,40.4
09-10-2024 0:00,218.85,0.8,283.46,15.26
09-10-2024 1:00,250.11,0.6,284.41,-233.03
09-10-2024 2:00,249.8,0.38,284.7,-122.64
09-10-2024 3:00,294.21,0.36,284.64,-60.29
09-10-2024 4:00,321.23,0.46,284.58,-66.78
09-10-2024 5:00,98.09,1.01,284.18,-92.33
09-10-2024 6:00,175.79,0.33,284.01,-41.34
09-10-2024 7:00,237.26,0.39,284.02,-50.67
09-10-2024 8:00,358.6,0.27,283.96,-31.27
09-10-2024 9:00,27.56,0.3,284.51,-29.21
09-10-2024 10:00,354.46,0.57,285.86,-30.53
09-10-2024 11:00,297.58,0.67,288.21,-37.56
09-10-2024 12:00,265.77,0.95,289.95,-48.97
09-10-2024 13:00,238.02,1.34,291.21,-66.19
09-10-2024 14:00,250.78,1.59,292,-82.61
09-10-2024 15:00,230.57,1.8,292.34,-91.99
09-10-2024 16:00,217.45,2.58,292.1,-123.79
09-10-2024 17:00,212.47,2.39,291.66,-154.39
09-10-2024 18:00,210.04,2.16,290.95,-847.66
09-10-2024 19:00,208.37,0.99,288.87,52.11
09-10-2024 20:00,200.58,0.91,287.48,43.98
09-10-2024 21:00,206.57,0.7,286.56,33.43
09-10-2024 22:00,202.12,0.71,285.79,20.34
09-10-2024 23:00,212.08,1.16,286.44,335.08
10-10-2024 0:00,208.3,1.47,286.48,-369.41
10-10-2024 1:00,203.23,1.2,286.12,-138.44
10-10-2024 2:00,214.38,0.84,285.74,-74.53
10-10-2024 3:00,218.89,0.65,285.35,-55.67
10-10-2024 4:00,219.27,0.29,285.13,-37.53
10-10-2024 5:00,135.95,0.27,284.92,-35.36
10-10-2024 6:00,99.81,0.07,284.46,-30.02
10-10-2024 7:00,148.85,0.17,284.14,-26.97
10-10-2024 8:00,40.67,0.02,284.46,-25.87
10-10-2024 9:00,140.11,0.12,285.3,-24.36
10-10-2024 10:00,282.3,0.72,286.63,-33.24
10-10-2024 11:00,254.97,1.44,288.95,-45.14
10-10-2024 12:00,262.34,2.22,290.5,-68.11
10-10-2024 13:00,239.16,2.85,291.49,-96.78
10-10-2024 14:00,218.41,3.42,291.9,-122.98
10-10-2024 15:00,211.02,3.64,291.88,-145.97
10-10-2024 16:00,214.83,3.74,291.74,-184
10-10-2024 17:00,222.03,3.9,290.98,-247.55
10-10-2024 18:00,228.16,2.46,290.07,1094.17
10-10-2024 19:00,224.49,1.67,288.91,91.56
10-10-2024 20:00,203.17,2.15,288.42,1598.97
10-10-2024 21:00,184.24,1.54,287.46,-189.04
10-10-2024 22:00,183.1,1.03,286.77,-89.35
10-10-2024 23:00,196.74,1.7,286.14,-203.42
11-10-2024 0:00,199.57,2.56,285.51,-393.91
11-10-2024 1:00,202.09,2.58,284.95,-346.58
11-10-2024 2:00,207.78,2.51,284.48,-327.88
11-10-2024 3:00,208.35,2.44,284.1,-315.24
11-10-2024 4:00,216.47,2.25,283.92,-288.44
11-10-2024 5:00,213.88,1.99,283.74,-241.26
11-10-2024 6:00,213.34,1.97,283.53,-234.03
11-10-2024 7:00,215.03,1.65,283.47,-188.67
11-10-2024 8:00,211.88,1.53,283.5,-132.08
11-10-2024 9:00,214.92,1.13,283.99,-61.78
11-10-2024 10:00,223.53,1.13,284.82,-48
11-10-2024 11:00,251.81,1.85,285.85,-55.96
11-10-2024 12:00,235.57,2.05,286.49,-72.96
11-10-2024 13:00,216.72,1.15,287.63,-51.71
11-10-2024 14:00,214.5,2.72,287.85,-97.15
11-10-2024 15:00,215.79,2.42,288.12,-100.63
11-10-2024 16:00,211.8,2.46,288.06,-117.25
11-10-2024 17:00,213.54,2.46,287.69,-254.83
11-10-2024 18:00,211.54,1.88,286.85,241.13
11-10-2024 19:00,205.39,1.34,285.45,68.37
11-10-2024 20:00,217.17,0.9,284.41,42.46
11-10-2024 21:00,210.63,0.78,283.8,35.84
11-10-2024 22:00,204.2,1.33,283.51,-124.24
11-10-2024 23:00,194.15,1.32,283.1,-171.62
12-10-2024 0:00,204.25,0.48,282.1,25.64
12-10-2024 1:00,185.5,0.45,281.65,23.22
12-10-2024 2:00,175.69,0.34,281.76,-37.3
12-10-2024 3:00,202.77,0.53,281.52,-43.85
12-10-2024 4:00,181.26,0.65,281.37,-47.15
12-10-2024 5:00,196.74,1.16,281.63,-87.56
12-10-2024 6:00,201.28,1.17,281.19,-75.26
12-10-2024 7:00,194.82,1.06,281.04,-63.6
12-10-2024 8:00,189.33,0.88,281.24,-41.85
12-10-2024 9:00,203.7,0.77,282.82,-37.03
12-10-2024 10:00,229.89,1.78,284.65,-63.77
12-10-2024 11:00,223.18,1.82,285.96,-59.02
12-10-2024 12:00,220.15,2.03,287.17,-65.36
12-10-2024 13:00,218.21,2.31,287.9,-85.8
12-10-2024 14:00,218.84,2.32,288.31,-94.92
12-10-2024 15:00,216.56,2.47,288.44,-121.07
12-10-2024 16:00,213.87,2.71,288.23,-179.93
12-10-2024 17:00,210.68,2.87,287.77,-444.02
12-10-2024 18:00,213.47,2.41,287,765.39
12-10-2024 19:00,218.64,1.78,286.35,159.05
12-10-2024 20:00,220.35,1.66,285.82,149.12
12-10-2024 21:00,220.38,1.88,285.29,172.82
12-10-2024 22:00,213.82,1.38,284.2,76.13
12-10-2024 23:00,196.52,1.13,283.16,62.7
13-10-2024 0:00,196.46,1.18,282.76,-95.61
13-10-2024 1:00,193.66,0.94,282.4,-63.28
13-10-2024 2:00,174.22,0.36,281.93,-34.48
13-10-2024 3:00,149.69,0.31,281.74,-35.39
13-10-2024 4:00,110.92,0.33,281.39,-35.16
13-10-2024 5:00,108.02,0.51,281.01,-38.05
13-10-2024 6:00,96.39,0.44,280.66,-34.5
13-10-2024 7:00,97.47,0,280.66,-25.69
13-10-2024 8:00,301.64,0.15,281.63,-25.24
13-10-2024 9:00,242.56,0.98,285.97,-36.79
13-10-2024 10:00,241.08,1.47,288.52,-51.44
13-10-2024 11:00,228.55,1.76,290.5,-57.73
13-10-2024 12:00,219.58,2.26,291.72,-79.23
13-10-2024 13:00,216.97,2.51,292.59,-88.52
13-10-2024 14:00,215.94,2.65,293.19,-99.42
13-10-2024 15:00,215.6,2.72,293.49,-112.95
13-10-2024 16:00,213.49,2.72,293.37,-129.83
13-10-2024 17:00,211.78,2.74,292.87,-181.62
13-10-2024 18:00,211.35,2.49,291.94,-1162.79
13-10-2024 19:00,199.89,1.32,289.85,67.75
13-10-2024 20:00,180.95,0.77,288.25,40.1
13-10-2024 21:00,172.08,0.5,286.8,30.8
13-10-2024 22:00,182.48,0.92,286.14,14.53
13-10-2024 23:00,224.35,0.43,285.42,3.72
14-10-2024 0:00,202.95,0.51,283.62,21.29
14-10-2024 1:00,172.21,1.19,284.05,-126.75
14-10-2024 2:00,173.61,1.12,283.87,-107.4
14-10-2024 3:00,197.83,0.84,283.78,-285.17
14-10-2024 4:00,182.98,0.71,283.78,156.15
14-10-2024 5:00,205.73,0.37,283.53,-36.79
14-10-2024 6:00,168.57,0.1,283,-29.02
14-10-2024 7:00,130.92,0.35,282.76,-35.37
14-10-2024 8:00,2.27,0.08,282.64,-24.66
14-10-2024 9:00,261.31,0.38,285.23,-31.22
14-10-2024 10:00,235.68,1.12,287.64,-41.21
14-10-2024 11:00,225.46,1.7,289.64,-58.24
14-10-2024 12:00,220.2,2.04,291.04,-66.47
14-10-2024 13:00,215.96,2.4,291.87,-79.04
14-10-2024 14:00,214.8,2.52,292.27,-97.8
14-10-2024 15:00,211.59,2.69,292.42,-115.36
14-10-2024 16:00,216.61,2.7,292.74,-121.89
14-10-2024 17:00,210.87,2.58,292.41,-162.43
14-10-2024 18:00,213.41,2.41,291.6,-575.3
14-10-2024 19:00,210.93,1.22,289.6,59.75
14-10-2024 20:00,192.2,0.45,287.67,24.82
14-10-2024 21:00,205.31,1.6,287.9,101.56
14-10-2024 22:00,204.17,0.43,286.28,26.61
14-10-2024 23:00,204.78,1.07,285.71,14.74
15-10-2024 0:00,202.63,1.16,285.06,13.65
15-10-2024 1:00,206.57,1.25,284.42,14.26
15-10-2024 2:00,199.97,1.29,284.23,9.16
15-10-2024 3:00,178.38,0.65,283.98,-96.17
15-10-2024 4:00,207.92,0.02,284.09,-42.69
15-10-2024 5:00,104.72,0.2,283.07,-34.63
15-10-2024 6:00,146.91,0.44,283.3,-43.31
15-10-2024 7:00,82.93,0.3,282.23,-31.91
15-10-2024 8:00,95.4,0.2,282.32,-26.3
15-10-2024 9:00,243.61,0.19,285.24,-26.04
15-10-2024 10:00,279.51,0.21,288.78,-30.84
15-10-2024 11:00,268.99,0.67,292.05,-39.02
15-10-2024 12:00,263.97,0.93,294.09,-51.65
15-10-2024 13:00,252.73,1.05,295.48,-58.26
15-10-2024 14:00,226.36,1.41,296.27,-75.61
15-10-2024 15:00,219.4,1.5,296.34,-92.81
15-10-2024 16:00,213.53,1.53,295.78,-108.73
15-10-2024 17:00,208.99,1.32,294.85,-536.84
15-10-2024 18:00,31.34,0.1,292.14,28.29
15-10-2024 19:00,187.69,1.48,291.37,11.29
15-10-2024 20:00,143.6,0.34,289.57,3.25
15-10-2024 21:00,144.23,0.59,286.32,1.41
15-10-2024 22:00,280.9,1.23,288.03,7.54
15-10-2024 23:00,29.41,1.12,285.97,13.36
16-10-2024 0:00,89.23,0.82,285.93,-86.85
16-10-2024 1:00,74.68,0.86,285.4,-67.18
16-10-2024 2:00,58.18,1.05,285.46,-102.93
16-10-2024 3:00,27.54,0.77,285.36,-81.54
16-10-2024 4:00,98.21,0.41,283.77,28.91
16-10-2024 5:00,95.68,0.49,282.77,26.09
16-10-2024 6:00,99.94,0.89,282.86,-73.43
16-10-2024 7:00,102.4,0.76,282.59,-45.64
16-10-2024 8:00,49.83,0.73,285.1,-37
16-10-2024 9:00,36.21,0.57,287.42,-32.75
16-10-2024 10:00,296.22,0.65,289.37,-38.09
16-10-2024 11:00,242.09,1.78,290.39,-60.71
16-10-2024 12:00,218.69,2.67,290.98,-90.78
16-10-2024 13:00,217.17,3.3,291.28,-114.7
16-10-2024 14:00,214.21,3.82,291.3,-141.58
16-10-2024 15:00,217.79,3.93,291.2,-163.74
16-10-2024 16:00,211.35,3.69,290.82,-182.1
16-10-2024 17:00,211.53,3.7,290.47,-271.09
16-10-2024 18:00,208.5,3.38,289.23,1081.69
16-10-2024 19:00,204.15,2.9,287.57,266.24
16-10-2024 20:00,203.79,2.69,286.22,244.7
16-10-2024 21:00,202.05,1.77,285.3,110.49
16-10-2024 22:00,205,1.12,284.23,59.81
16-10-2024 23:00,210.65,0.72,283.11,40.2
17-10-2024 0:00,204.19,1.07,282.54,52.34
17-10-2024 1:00,195.14,0.68,281.66,33.52
17-10-2024 2:00,197.77,0.5,280.88,26.07
17-10-2024 3:00,197.56,0.96,280.65,15.25
17-10-2024 4:00,195.12,1.1,280.17,12.69
17-10-2024 5:00,208.17,1.24,280.02,11.61
17-10-2024 6:00,197.47,0.77,279.48,5.61
17-10-2024 7:00,187.05,0.86,280.59,-77.23
17-10-2024 8:00,206.88,1.11,284.27,-48.2
17-10-2024 9:00,211.74,1.65,286.79,-54.37
17-10-2024 10:00,216,1.77,289,-53.52
17-10-2024 11:00,215.95,2.09,290.95,-67.45
17-10-2024 12:00,220.6,2.44,292.32,-80.05
17-10-2024 13:00,210.21,2.57,293.45,-87.5
17-10-2024 14:00,212.48,2.74,294.45,-106.16
17-10-2024 15:00,210.75,2.59,294.98,-113.32
17-10-2024 16:00,209.43,2.74,294.9,-147.31
17-10-2024 17:00,208.97,2.73,294.34,-252.14
17-10-2024 18:00,206.92,2.17,293.34,695.06
17-10-2024 19:00,200.48,1.03,290.46,47.75
17-10-2024 20:00,194.23,0.95,288.71,12.74
17-10-2024 21:00,210.59,0.71,287.15,5.88
17-10-2024 22:00,198.82,1.14,286.08,15.48
17-10-2024 23:00,183.29,0.39,285.37,3.62
18-10-2024 0:00,201.98,1.58,285.61,12.31
18-10-2024 1:00,194.84,1.58,285.6,12.32
18-10-2024 2:00,187.3,0.6,284.6,3.98
18-10-2024 3:00,328.27,0.96,279.96,1
18-10-2024 4:00,95.17,0.35,282.87,3.12
18-10-2024 5:00,97.32,0.89,283.31,4.93
18-10-2024 6:00,93.97,1,283.26,5.27
18-10-2024 7:00,88.61,0.68,284.15,5.29
18-10-2024 8:00,335.68,0.1,286.26,-31.79
18-10-2024 9:00,263.71,0.28,289.83,-31.98
18-10-2024 10:00,237.03,0.84,293.1,-41.77
18-10-2024 11:00,229.28,1.33,294.99,-58.66
18-10-2024 12:00,225.32,2.1,296.17,-81.12
18-10-2024 13:00,216.89,2.41,296.92,-94.53
18-10-2024 14:00,212.93,2.42,297.56,-118.24
18-10-2024 15:00,213.03,2.45,297.83,-145.59
18-10-2024 16:00,213.12,2.34,297.78,-170.56
18-10-2024 17:00,210.54,2.13,297.32,-243.92
18-10-2024 18:00,207.35,1.48,296.04,282.34
18-10-2024 19:00,194.68,0.52,292.62,30.65
18-10-2024 20:00,155.53,1.31,292.09,8.96
18-10-2024 21:00,176.82,0.47,290.69,4.37
18-10-2024 22:00,193.57,1.41,290.29,11.79
18-10-2024 23:00,107.67,0.9,287.63,1
19-10-2024 0:00,18.05,0.95,284.48,1
19-10-2024 1:00,143.7,0.79,287.24,15.5
19-10-2024 2:00,132.69,0.6,287.65,-436.18
19-10-2024 3:00,251.38,0.15,287.45,-38.57
19-10-2024 4:00,289.98,0.41,286.94,-46.07
19-10-2024 5:00,297.23,0.36,286.33,-34.78
19-10-2024 6:00,271.45,0.82,286.01,-62.84
19-10-2024 7:00,319.26,0.18,286.12,-31.75
19-10-2024 8:00,352.78,0.59,285.89,-35.88
19-10-2024 9:00,94.78,0.19,286.48,-23.96
19-10-2024 10:00,265.85,0.81,289.79,-32.78
19-10-2024 11:00,248.54,1.55,292.61,-52.43
19-10-2024 12:00,217.17,2.33,293.85,-80.61
19-10-2024 13:00,216.65,2.95,294.55,-102.41
19-10-2024 14:00,219.35,2.98,294.91,-115.46
19-10-2024 15:00,213.19,3.16,295.1,-147.29
19-10-2024 16:00,210.47,3.97,294.35,-220.04
19-10-2024 17:00,209.24,3.95,293.17,-302.6
19-10-2024 18:00,206.52,3.09,291.21,7091.15
19-10-2024 19:00,196.39,1.9,289.48,-531.86
19-10-2024 20:00,208.52,1.63,287.74,343.13
19-10-2024 21:00,196.82,1.49,286.5,228.65
19-10-2024 22:00,219.25,1.99,285.83,-202.92
19-10-2024 23:00,203.76,1.91,284.74,-173.47
20-10-2024 0:00,214.48,1.64,284.26,-138.24
20-10-2024 1:00,192.19,1.23,283.87,-90.27
20-10-2024 2:00,226.22,0.39,283.6,-34.84
20-10-2024 3:00,202,1.21,283.18,-88.18
20-10-2024 4:00,187.56,0.96,283.17,-82.43
20-10-2024 5:00,216.2,0.17,283.16,-31.97
20-10-2024 6:00,221.42,0.66,283.03,-61.92
20-10-2024 7:00,349.09,0.07,282.9,-27.81
20-10-2024 8:00,33.99,0.89,283.64,-40.6
20-10-2024 9:00,35.07,0.74,286.21,-38.13
20-10-2024 10:00,339.34,0.23,288.22,-47.63
20-10-2024 11:00,141.51,0.43,289.86,-45.67
20-10-2024 12:00,233.42,1.37,290.65,-69.88
20-10-2024 13:00,231.5,2.12,291.02,-95.93
20-10-2024 14:00,238.86,3.22,291.26,-139.53
20-10-2024 15:00,231.67,4.02,290.9,-182.34
20-10-2024 16:00,230.98,4,290.51,-216.72
20-10-2024 17:00,230.97,3.63,289.45,-750.75
20-10-2024 18:00,228.29,2.23,288.64,679.78
20-10-2024 19:00,215,2.26,287.62,290.45
20-10-2024 20:00,210.18,3.98,286.64,1568.46
20-10-2024 21:00,208.4,3.67,286.02,10193.38
20-10-2024 22:00,200.1,2.42,284.88,247.82
20-10-2024 23:00,203.79,2.24,284.39,171.99
21-10-2024 0:00,197.95,1.2,283.57,64.75
21-10-2024 1:00,193.21,0.64,282.63,34.55
21-10-2024 2:00,188.99,0.54,282.13,5.26
21-10-2024 3:00,189.24,1.09,282.07,8.51
21-10-2024 4:00,198.19,1.27,281.69,11.96
21-10-2024 5:00,192.28,1.14,281.4,8.42
21-10-2024 6:00,162.14,0.74,280.73,6.18
21-10-2024 7:00,109.58,0.22,280.8,-31.94
21-10-2024 8:00,208.68,0.02,281.83,-24.74
21-10-2024 9:00,219.24,1.73,286.29,-57.76
21-10-2024 10:00,218.06,1.59,288.07,-51.13
21-10-2024 11:00,216.14,2.28,289.53,-74.1
21-10-2024 12:00,211.85,2.57,290.8,-82.84
21-10-2024 13:00,217.03,2.73,291.94,-91.73
21-10-2024 14:00,211.48,2.63,292.99,-95.82
21-10-2024 15:00,217.56,2.49,293.58,-111.45
21-10-2024 16:00,209,2.49,293.66,-122.39
21-10-2024 17:00,212.99,2.86,293.23,-222.26
21-10-2024 18:00,203.96,2.29,292.42,-4087.43
21-10-2024 19:00,202.24,1.04,289.9,50.49
21-10-2024 20:00,203.43,1.55,288.49,77
21-10-2024 21:00,211.51,1.25,286.97,64.04
21-10-2024 22:00,196.58,0.48,285.56,26.77
21-10-2024 23:00,215.16,0.78,285.01,35.06
22-10-2024 0:00,209.87,1.07,284.62,15.43
22-10-2024 1:00,179.87,1.04,284.64,6.8
22-10-2024 2:00,173.23,0.57,283.96,3.93
22-10-2024 3:00,336.32,0.47,281.64,1.54
22-10-2024 4:00,344.35,0.15,282.1,2.02
22-10-2024 5:00,116.57,0.46,282.71,3.41
22-10-2024 6:00,98.85,1.3,282.47,8.85
22-10-2024 7:00,75.49,0.5,282.81,-50.99
22-10-2024 8:00,23.07,0.4,283.68,-28.72
22-10-2024 9:00,342.37,0.43,289.52,-32.95
22-10-2024 10:00,288.77,0.77,292.08,-43.78
22-10-2024 11:00,241.48,1.4,293.66,-62.83
22-10-2024 12:00,219.99,2.29,294.26,-92.9
22-10-2024 13:00,224.09,2.38,294.85,-97.3
22-10-2024 14:00,215.13,3.09,294.73,-148.99
22-10-2024 15:00,210.18,3.32,294.33,-223.84
22-10-2024 16:00,222.66,3.16,293.21,-323.63
22-10-2024 17:00,213.59,2.7,292.06,-477.52
22-10-2024 18:00,206.25,2.21,290.73,2468.23
22-10-2024 19:00,194.8,2.09,289.18,-690.96
22-10-2024 20:00,199.91,2.49,288.1,-842.9
22-10-2024 21:00,202.62,3.13,287.25,-674.31
22-10-2024 22:00,210.41,2.66,286.28,-361.2
22-10-2024 23:00,208.93,2.32,285.62,-275.53
23-10-2024 0:00,202.72,1.46,285.2,-125.27
23-10-2024 1:00,217.55,2.13,284.82,-252.58
23-10-2024 2:00,222.22,2.31,284.62,-328.54
23-10-2024 3:00,220.99,1.88,284.39,-229.18
23-10-2024 4:00,199.87,2,284.29,-306.94
23-10-2024 5:00,212.06,1.83,284.32,-315.97
23-10-2024 6:00,209.19,1.54,284.27,-294.63
23-10-2024 7:00,207.38,1.58,284.29,-175.22
23-10-2024 8:00,205.58,1.43,284.71,-82.06
23-10-2024 9:00,212.44,0.77,285.97,-40.57
23-10-2024 10:00,218.49,1.05,286.19,-54.55
23-10-2024 11:00,44.98,0.15,287.35,-42.34
23-10-2024 12:00,240.66,1.07,288.91,-47.12
23-10-2024 13:00,232.8,3.12,289.69,-101.81
23-10-2024 14:00,217.44,3.42,290.14,-159.36
23-10-2024 15:00,219.16,3.56,290.7,-150.02
23-10-2024 16:00,220.54,3.52,290.79,-188.61
23-10-2024 17:00,209.92,3.74,290.39,-279.07
23-10-2024 18:00,219.75,3.1,289.95,-633.67
23-10-2024 19:00,219.94,2.02,288.17,153.43
23-10-2024 20:00,204.33,3.5,286.72,486.03
23-10-2024 21:00,206.96,2.8,285.83,284.95
23-10-2024 22:00,204.34,1.27,285,68.57
23-10-2024 23:00,217.27,0.97,284.38,8.15
24-10-2024 0:00,191.46,0.96,283.69,7.18
24-10-2024 1:00,192.51,0.82,283.12,5.51
24-10-2024 2:00,191.71,1.18,282.88,7.96
24-10-2024 3:00,181.85,0.69,282.48,-61.93
24-10-2024 4:00,107.01,0.25,281.71,-33.68
24-10-2024 5:00,102.73,0.01,281.69,-29.94
24-10-2024 6:00,108.61,0.26,281.59,-35.49
24-10-2024 7:00,98.15,0.03,281.65,-28.03
24-10-2024 8:00,266.42,0.19,282.73,-26.16
24-10-2024 9:00,269.8,0.44,287.12,-30.56
24-10-2024 10:00,222.38,1.29,290.12,-51.05
24-10-2024 11:00,221.15,2,291.64,-75.23
24-10-2024 12:00,219.64,2.14,293.16,-81.38
24-10-2024 13:00,217.36,2.6,294.09,-113.28
24-10-2024 14:00,215.8,2.44,294.9,-118.65
24-10-2024 15:00,215.95,2.96,294.98,-156.17
24-10-2024 16:00,212.1,2.65,295.06,-187.06
24-10-2024 17:00,209.31,2.72,294.48,-383.81
24-10-2024 18:00,212.08,1.92,293.42,573.49
24-10-2024 19:00,227.03,2.74,290.73,203.45
24-10-2024 20:00,210.04,3.18,288.49,305.89
24-10-2024 21:00,186.46,1.83,287.71,112.16
24-10-2024 22:00,206.18,0.77,286.29,44.61
24-10-2024 23:00,207.15,1.24,285.32,69.58
25-10-2024 0:00,210.29,2.23,284.49,168.23
25-10-2024 1:00,208.54,1.7,283.47,125.28
25-10-2024 2:00,204.87,1.11,282.57,67.21
25-10-2024 3:00,208.62,1.17,281.98,65.48
25-10-2024 4:00,223.63,0.96,281.33,51.61
25-10-2024 5:00,209.16,2.22,281.22,180.57
25-10-2024 6:00,201.48,2.24,280.77,220.97
25-10-2024 7:00,210.99,2.13,280.32,-135.77
25-10-2024 8:00,209.95,2.74,282.89,-103.03
25-10-2024 9:00,213.14,2.98,284.61,-94.58
25-10-2024 10:00,214.72,3.07,286.29,-97.31
25-10-2024 11:00,209.11,2.75,288.61,-88.53
25-10-2024 12:00,215.69,2.63,290.43,-95.23
25-10-2024 13:00,216.96,3.24,291.45,-120.6
25-10-2024 14:00,218.14,3.2,292.23,-128.81
25-10-2024 15:00,218.53,3.33,292.53,-152.06
25-10-2024 16:00,218.86,3.57,292.31,-190.79
25-10-2024 17:00,212.72,3.59,291.67,-294.36
25-10-2024 18:00,206.76,3.25,290.5,-1112.47
25-10-2024 19:00,208.11,2.75,288.15,223.15
25-10-2024 20:00,214.17,2.87,286.46,248.31
25-10-2024 21:00,213,2.63,285.08,220.81
25-10-2024 22:00,203.07,2.06,283.88,170.08
25-10-2024 23:00,204.48,1.85,282.79,146.52
26-10-2024 0:00,208.72,1.42,281.9,96.47
26-10-2024 1:00,195.31,1.02,280.92,65.64
26-10-2024 2:00,208.45,0.9,280.25,45.89
26-10-2024 3:00,207.8,0.89,279.62,47.13
26-10-2024 4:00,184.43,0.49,279.32,-37
26-10-2024 5:00,183.58,0.67,279.21,-42.61
26-10-2024 6:00,185.63,0.66,280.13,4.3
26-10-2024 7:00,60.05,0.08,280.76,-27.72
26-10-2024 8:00,348.48,0.09,284.55,-28.99
26-10-2024 9:00,308.37,0.24,288.5,-31.39
26-10-2024 10:00,279.55,0.79,291.95,-39.55
26-10-2024 11:00,255.36,1.03,294.64,-54.25
26-10-2024 12:00,242.07,1.09,296.49,-70.59
26-10-2024 13:00,231.07,1.34,297.52,-79.75
26-10-2024 14:00,226.38,1.53,298.06,-91.19
26-10-2024 15:00,224.76,1.9,298.35,-122.53
26-10-2024 16:00,215.45,2.08,298.09,-177.17
26-10-2024 17:00,210.74,2.34,297.35,-410.02
26-10-2024 18:00,202.71,2.09,295.8,554.56
26-10-2024 19:00,204.57,1.12,292.68,54.88
26-10-2024 20:00,201.73,2.02,291.15,99.48
26-10-2024 21:00,196.44,2.34,289.41,144.77
26-10-2024 22:00,205.34,2.2,287.9,140.18
26-10-2024 23:00,202.23,0.27,285.86,16.83
27-10-2024 0:00,228.61,0.58,284.85,7.34
27-10-2024 1:00,297.53,0.69,283.69,1
27-10-2024 2:00,66.29,0.27,283.37,3.16
27-10-2024 3:00,83.85,0.4,282.87,3.58
27-10-2024 4:00,265.77,0.35,280.99,1.5
27-10-2024 5:00,8.4,0.81,279.23,1
27-10-2024 6:00,173.75,0.2,281.22,2.73
27-10-2024 7:00,142.42,0.07,283.5,-32.63
27-10-2024 8:00,245.93,0.16,286.45,-30.02
27-10-2024 9:00,229.74,1.1,289.89,-44.93
27-10-2024 10:00,232.75,1.54,292.24,-52.45
27-10-2024 11:00,218.6,1.81,294.35,-69.46
27-10-2024 12:00,216.49,2.21,295.81,-82.49
27-10-2024 13:00,212.63,2.4,296.79,-94.39
27-10-2024 14:00,210.8,2.47,297.4,-111.52
27-10-2024 15:00,208.17,2.63,297.65,-137.77
27-10-2024 16:00,216.73,2.65,297.59,-175.47
27-10-2024 17:00,208.72,2.61,297.2,-340.99
27-10-2024 18:00,212.35,2.07,296.18,732.37
27-10-2024 19:00,200.78,0.6,293.05,34.29
27-10-2024 20:00,187.93,0.99,291.55,8.62
27-10-2024 21:00,202.88,0.91,289.35,16.91
27-10-2024 22:00,209.29,0.86,288.56,36.39
27-10-2024 23:00,205.16,1.16,288.18,9.29
28-10-2024 0:00,169.61,0.14,286.15,2.71
28-10-2024 1:00,194.44,0.93,286.59,5.61
28-10-2024 2:00,163.43,0.18,285.3,2.72
28-10-2024 3:00,330.79,1.12,281.26,1
28-10-2024 4:00,344.21,0.25,283.1,1.89
28-10-2024 5:00,339.3,1.18,280.59,1
28-10-2024 6:00,73.78,0.74,283.29,5.08
28-10-2024 7:00,161.05,0.13,284.95,-47.37
28-10-2024 8:00,247.75,0.07,287.77,-26.91
28-10-2024 9:00,97.03,0.09,293.21,-42.06
28-10-2024 10:00,256.45,0.5,296.51,-42.29
28-10-2024 11:00,226.13,1.07,298.42,-65
28-10-2024 12:00,218.66,1.8,299.55,-91.83
28-10-2024 13:00,211.4,2.24,300,-123.93
28-10-2024 14:00,210.54,2.43,300.31,-150.05
28-10-2024 15:00,201.19,2.22,300.46,-164.5
28-10-2024 16:00,203.62,2.22,300.25,-200.23
28-10-2024 17:00,203.16,2.05,299.68,-349.51
28-10-2024 18:00,201.98,1.16,298.27,243.07
28-10-2024 19:00,198.97,0.94,294.91,47.15
28-10-2024 20:00,202.02,1.68,293.06,79.98
28-10-2024 21:00,199.52,1.93,292.23,102.05
28-10-2024 22:00,188.31,0.98,290.29,51.35
28-10-2024 23:00,199.88,0.25,288.65,26.75
29-10-2024 0:00,188.3,0.74,287.81,6.46
29-10-2024 1:00,196.49,0.94,287.57,6.17
29-10-2024 2:00,131.98,0.14,285.95,2.69
29-10-2024 3:00,129.01,0.12,285.16,2.6
29-10-2024 4:00,104.57,0.96,285.67,-372.79
29-10-2024 5:00,80.05,0.43,285.6,-58.54
29-10-2024 6:00,58.75,0.49,285.77,-48.91
29-10-2024 7:00,47.12,0.52,285.14,-39.52
29-10-2024 8:00,63.29,0.32,285.73,-29.3
29-10-2024 9:00,146.18,0.07,288.17,-25.82
29-10-2024 10:00,283.82,0.55,292.16,-32.99
29-10-2024 11:00,249.42,1.18,294.56,-49.58
29-10-2024 12:00,225.87,1.73,295.94,-71.65
29-10-2024 13:00,217.88,2.4,296.53,-90.81
29-10-2024 14:00,212.31,3.06,296.74,-120.39
29-10-2024 15:00,215.74,3.13,296.8,-145.31
29-10-2024 16:00,209.97,3.07,296.57,-167.43
29-10-2024 17:00,206.37,3.32,295.61,-237.11
29-10-2024 18:00,206.02,3.62,293.97,-587.95
29-10-2024 19:00,202.8,3.43,291.48,671.6
29-10-2024 20:00,204.53,3.97,289.67,-2050.06
29-10-2024 21:00,202.58,3.12,288.35,-841.41
29-10-2024 22:00,208.03,2.82,286.97,1112.48
29-10-2024 23:00,210.61,2.55,286.13,2183.82
30-10-2024 0:00,205.24,2.14,286.01,-592.8
30-10-2024 1:00,213.34,1.77,285.77,-204.84
30-10-2024 2:00,213.72,1.66,285.41,-169.32
30-10-2024 3:00,216.58,1.54,285.28,-168.38
30-10-2024 4:00,209.76,1.09,285.2,-101.77
30-10-2024 5:00,208.02,1.1,285.23,-118.26
30-10-2024 6:00,207.84,1.04,285.24,-110.91
30-10-2024 7:00,211.09,0.88,285.33,-69.17
30-10-2024 8:00,205.94,0.97,285.52,-50.89
30-10-2024 9:00,212.21,1.14,285.83,-49.47
30-10-2024 10:00,219.22,1.24,286.51,-46.84
30-10-2024 11:00,249.13,0.88,289.68,-32.96
30-10-2024 12:00,230.12,1.69,292.79,-53.7
30-10-2024 13:00,220.35,2.4,294.35,-81.49
30-10-2024 14:00,213.42,3.09,295.32,-112.44
30-10-2024 15:00,212.07,2.96,295.8,-121.52
30-10-2024 16:00,209.11,2.98,295.96,-159.96
30-10-2024 17:00,207.98,2.96,295.66,-243.22
30-10-2024 18:00,210.54,2.69,294.88,-1775.12
30-10-2024 19:00,210.57,1.88,292.69,106.53
30-10-2024 20:00,199.6,1.43,290.89,72.96
30-10-2024 21:00,205.87,1.68,290.21,106.73
30-10-2024 22:00,205.21,1.24,289.21,68.56
30-10-2024 23:00,203.07,1.53,288.2,95.99
31-10-2024 0:00,201.57,1.36,287.11,92.66
31-10-2024 1:00,203.72,0.72,285.88,46.78
31-10-2024 2:00,203.67,0.52,284.85,17.4
31-10-2024 3:00,210.69,0.87,284.32,11.57
31-10-2024 4:00,199.48,1.19,284.35,10.46
31-10-2024 5:00,194.68,0.51,284.07,4.01
31-10-2024 6:00,288.63,0.61,282.26,1
31-10-2024 7:00,104.18,0.62,283.86,-56.79
31-10-2024 8:00,37.83,0.15,284.52,-28.9
31-10-2024 9:00,44.63,0.21,287.4,-26.11
31-10-2024 10:00,247.41,0.87,291.28,-37.91
31-10-2024 11:00,228.9,1.27,293.87,-50.88
31-10-2024 12:00,218.31,1.68,295.54,-68.83
31-10-2024 13:00,222.14,1.81,296.68,-85.36
31-10-2024 14:00,222.41,2.01,297.26,-95.01
31-10-2024 15:00,213.23,2.44,297.47,-119.47
31-10-2024 16:00,214.44,2.53,297.43,-141.96
31-10-2024 17:00,211.68,2.88,296.89,-236.51
31-10-2024 18:00,215.91,2.91,295.76,-1008.87
31-10-2024 19:00,207.9,2.99,293.31,670.16
31-10-2024 20:00,186.36,2.28,291.08,-1644.46
31-10-2024 21:00,202.95,2.12,289.11,338.84
31-10-2024 22:00,212.07,2.69,287.31,650.16
31-10-2024 23:00,217.81,1.75,285.93,426.42
01-11-2024 0:00,218.01,0.88,285.11,97.82
01-11-2024 1:00,234.48,0.48,284.26,47.51
01-11-2024 2:00,218.31,0.26,283.47,28.89
01-11-2024 3:00,196.26,0.41,282.82,19.23
01-11-2024 4:00,205.85,0.71,282.49,13.49
01-11-2024 5:00,241.62,0.76,282.7,-50.23
01-11-2024 6:00,217.73,1.31,282.49,-85.05
01-11-2024 7:00,224.26,1.43,282.53,-88.1
01-11-2024 8:00,232.08,1.16,282.86,-58.4
01-11-2024 9:00,224.05,1.37,283.49,-57.38
01-11-2024 10:00,224.94,1.37,283.89,-51
01-11-2024 11:00,219.25,1.03,285.14,-37.9
01-11-2024 12:00,266.53,0.73,287.83,-35.87
01-11-2024 13:00,244.07,1.08,290.61,-49.08
01-11-2024 14:00,222.42,1.94,291.99,-77.19
01-11-2024 15:00,212.47,3.1,292.39,-135.68
01-11-2024 16:00,214.67,3.63,292.15,-195.42
01-11-2024 17:00,222.01,3.79,291.58,-370.38
01-11-2024 18:00,224.37,3.77,290.48,-1284.68
01-11-2024 19:00,216.78,3.13,288.83,830.17
01-11-2024 20:00,198.55,4.32,287.26,11579.87
01-11-2024 21:00,202.32,3.91,285.56,887.34
01-11-2024 22:00,199.14,3.03,284.43,549.85
01-11-2024 23:00,204.94,2.72,283.68,409.15
02-11-2024 0:00,203.77,2.48,282.99,342.25
02-11-2024 1:00,208.88,2.35,282.42,288.49
02-11-2024 2:00,206.66,1.99,281.98,185.46
02-11-2024 3:00,203.11,1.29,281.39,88.28
02-11-2024 4:00,199.07,0.96,280.81,55.36
02-11-2024 5:00,193.39,0.73,280.31,14.42
02-11-2024 6:00,196.87,0.85,280.4,-73.46
02-11-2024 7:00,70.01,0.11,280.69,-23.48
02-11-2024 8:00,235.55,0.91,284.52,-37.62
02-11-2024 9:00,220.72,1.37,286.72,-43.33
02-11-2024 10:00,219.04,1.59,288.75,-52.23
02-11-2024 11:00,219.29,2.16,290.56,-72.77
02-11-2024 12:00,216.51,2.39,292.06,-81.65
02-11-2024 13:00,217.28,2.68,293.06,-103.96
02-11-2024 14:00,209.92,2.82,293.75,-118.31
02-11-2024 15:00,215.75,2.94,294.24,-136.4
02-11-2024 16:00,216.66,2.97,294.27,-165.49
02-11-2024 17:00,212.45,3.07,293.85,-283.3
02-11-2024 18:00,212.35,2.55,293.07,4722.82
02-11-2024 19:00,222.14,1.48,290.54,76.31
02-11-2024 20:00,218.03,1.95,289.07,96.46
02-11-2024 21:00,191.25,1.31,287.37,64.41
02-11-2024 22:00,202.87,1.17,286.41,52.45
02-11-2024 23:00,199.78,0.82,285.29,39.61
03-11-2024 0:00,201.93,1.12,284.67,11.77
03-11-2024 1:00,308.68,0.5,282.3,1
03-11-2024 2:00,359.8,0.46,281.21,1.16
03-11-2024 3:00,148.98,0.38,283.31,4.03
03-11-2024 4:00,119.11,0.77,283.57,7.66
03-11-2024 5:00,283.54,0.17,282.73,1.67
03-11-2024 6:00,102.79,0.26,282.91,3.59
03-11-2024 7:00,75.64,0.61,283.03,-115.66
03-11-2024 8:00,43.12,0.35,284.15,-31.44
03-11-2024 9:00,349.25,0.22,285.95,-29.34
03-11-2024 10:00,292.1,0.55,288.17,-34.2
03-11-2024 11:00,248.41,1.19,289.5,-55.96
03-11-2024 12:00,221.77,1.88,290.4,-73.3
03-11-2024 13:00,216.76,2.35,290.96,-90.84
03-11-2024 14:00,214.96,2.58,291.14,-117.72
03-11-2024 15:00,221.52,3.09,290.9,-168.27
03-11-2024 16:00,218.33,3.29,290.86,-215.01
03-11-2024 17:00,219.32,3.76,290.72,-315.82
03-11-2024 18:00,226.46,4.15,289.58,-2229.57
03-11-2024 19:00,214,2.76,287.34,240.43
03-11-2024 20:00,194.14,2.78,285.7,274.4
03-11-2024 21:00,195.06,2.98,284.19,347.38
03-11-2024 22:00,204.7,2.06,283.12,196.08
03-11-2024 23:00,200.94,1.91,282.35,147.31
04-11-2024 0:00,204.61,1.02,281.52,58.94
04-11-2024 1:00,205.35,0.99,280.76,55.16
04-11-2024 2:00,207.69,0.91,280.09,45.62
04-11-2024 3:00,203.21,0.52,279.41,26.41
04-11-2024 4:00,209.99,0.56,279.02,22.22
04-11-2024 5:00,201.55,1.11,279.16,14.24
04-11-2024 6:00,189.26,1.3,279.27,12.47
04-11-2024 7:00,206.14,0.39,281.01,-35.68
04-11-2024 8:00,210.33,1.8,283.8,-67.2
04-11-2024 9:00,215.24,1.77,285.69,-60.35
04-11-2024 10:00,210.65,2,287.6,-62.75
04-11-2024 11:00,212.12,2.32,289.12,-78.17
04-11-2024 12:00,210.17,2.72,290.43,-91.94
04-11-2024 13:00,212.64,2.87,291.61,-112.49
04-11-2024 14:00,218.51,2.84,292.31,-120.68
04-11-2024 15:00,214.5,2.81,292.74,-136.15
04-11-2024 16:00,216.8,2.83,292.74,-169.61
04-11-2024 17:00,216.13,2.84,292.37,-282.43
04-11-2024 18:00,218.48,2.18,291.74,3370.15
04-11-2024 19:00,214.59,0.54,289.03,37.65
04-11-2024 20:00,224.14,2.07,287.79,106.41
04-11-2024 21:00,194.31,1.25,286.12,62.66
04-11-2024 22:00,207.75,1.25,285.13,59.18
04-11-2024 23:00,198.03,0.63,283.82,33.58
05-11-2024 0:00,203.86,0.73,283.23,33.29
05-11-2024 1:00,207.52,1.21,282.89,54.78
05-11-2024 2:00,202,0.28,281.35,23.49
05-11-2024 3:00,211.51,0.43,280.63,4.62
05-11-2024 4:00,198.46,0.56,280.24,4.81
05-11-2024 5:00,207.15,0.7,279.96,5.24
05-11-2024 6:00,178.82,0.77,279.75,5.55
05-11-2024 7:00,199.56,0.1,281.13,-28.26
05-11-2024 8:00,212.61,1.33,285.39,-54.79
05-11-2024 9:00,214.52,2.02,287.73,-66.29
05-11-2024 10:00,217.42,2.3,289.8,-76.92
05-11-2024 11:00,213.92,2.74,291.33,-90.08
05-11-2024 12:00,210.18,2.67,292.64,-96.7
05-11-2024 13:00,209.3,2.97,293.65,-113.93
05-11-2024 14:00,207.6,2.97,294.48,-121.97
05-11-2024 15:00,207.58,3.28,294.67,-167.4
05-11-2024 16:00,207.02,3.42,294.48,-223.42
05-11-2024 17:00,206.08,3.27,294.06,-365.67
05-11-2024 18:00,207.54,2.65,293.22,1418.39
05-11-2024 19:00,209.38,2.14,290.62,120.06
05-11-2024 20:00,213.92,1.9,288.63,95.29
05-11-2024 21:00,197.26,1.51,287.43,83.84
05-11-2024 22:00,201.44,1.57,286.43,73.13
05-11-2024 23:00,193.74,2.02,285.71,99.47
06-11-2024 0:00,200.07,1.79,285.01,84.7
06-11-2024 1:00,201.09,0.6,283.49,35.24
06-11-2024 2:00,192.34,1.15,283.18,10.83
06-11-2024 3:00,195.37,0.7,282.29,5.64
06-11-2024 4:00,189.61,1.32,282.12,10.27
06-11-2024 5:00,189.48,1.17,281.61,8.42
06-11-2024 6:00,182.17,0.9,280.89,6.67
06-11-2024 7:00,165.23,0.74,281.55,-103.57
06-11-2024 8:00,205.75,1.46,284.41,-76.33
06-11-2024 9:00,215.99,1.88,286.59,-70.28
06-11-2024 10:00,223.03,2.04,288.61,-65.54
06-11-2024 11:00,216.17,2.32,290.82,-72.73
06-11-2024 12:00,216.51,2.68,292.33,-84.87
06-11-2024 13:00,211.47,2.88,293.51,-105.7
06-11-2024 14:00,213.9,2.95,294.31,-120.15
06-11-2024 15:00,211.82,2.51,294.79,-111.5
06-11-2024 16:00,215.83,2.52,294.96,-138
06-11-2024 17:00,211.12,2.8,294.57,-254.78
06-11-2024 18:00,205.58,2.41,293.75,219763.69
06-11-2024 19:00,201.07,1.02,291.36,53.23
06-11-2024 20:00,198.89,0.39,288.78,29.31
06-11-2024 21:00,214.24,1.2,287.85,10.94
06-11-2024 22:00,201.52,1.27,286.95,13.42
06-11-2024 23:00,209.22,1.29,286.43,12.6
07-11-2024 0:00,206.92,1.25,286.21,7.58
07-11-2024 1:00,213.57,0.59,284.72,4.25
07-11-2024 2:00,226.73,0.58,284.09,4.03
07-11-2024 3:00,202.91,0.3,283.23,3.02
07-11-2024 4:00,200.74,0.22,282.61,2.79
07-11-2024 5:00,199.87,0.39,282.45,3.26
07-11-2024 6:00,200.68,0.39,282.13,3.26
07-11-2024 7:00,183.29,0.46,283.97,80.34
07-11-2024 8:00,213.93,0.27,286.41,-44.9
07-11-2024 9:00,224.66,0.91,288.44,-53.14
07-11-2024 10:00,228.32,1.31,290.93,-48.48
07-11-2024 11:00,228.21,1.93,292.98,-67.59
07-11-2024 12:00,217.68,2.15,294.36,-84.8
07-11-2024 13:00,214.68,2.48,295.26,-96.79
07-11-2024 14:00,212.28,2.47,295.72,-118.56
07-11-2024 15:00,211.61,2.35,295.96,-135.75
07-11-2024 16:00,217.77,2.54,296.02,-179.97
07-11-2024 17:00,219.44,2.79,295.61,-320.59
07-11-2024 18:00,212.38,2.37,294.77,2018.46
07-11-2024 19:00,205.88,1.77,292.35,96.47
07-11-2024 20:00,204.5,1.12,290.06,57.82
07-11-2024 21:00,192.1,0.4,288.19,31.23
07-11-2024 22:00,207.98,0.59,287.03,19.42
07-11-2024 23:00,173.21,1.35,287.01,10.61
08-11-2024 0:00,175.29,1.01,286.22,6.89
08-11-2024 1:00,337.95,0.16,284.48,1.98
08-11-2024 2:00,72.45,0.91,282.14,1
08-11-2024 3:00,64.92,0.78,281.1,1.08
08-11-2024 4:00,345.67,0.9,282.73,1
08-11-2024 5:00,313.87,0.97,279.98,1
08-11-2024 6:00,315.06,0.23,281.76,1.88
08-11-2024 7:00,164.8,0.58,285.61,-135.32
08-11-2024 8:00,238.08,0.48,288.92,-38.92
08-11-2024 9:00,231.23,0.97,291.81,-46.32
08-11-2024 10:00,227.41,1.35,293.57,-61.89
08-11-2024 11:00,220.33,1.95,294.92,-77.84
08-11-2024 12:00,218.74,2.3,295.85,-103.85
08-11-2024 13:00,213.82,2.46,296.7,-117.69
08-11-2024 14:00,212.16,2.47,297.14,-127.47
08-11-2024 15:00,216.34,2.62,297.17,-178.96
08-11-2024 16:00,204.91,2.84,296.81,-240.35
08-11-2024 17:00,201.07,2.31,296.14,-533.45
08-11-2024 18:00,195.47,1.36,294.67,136.72
08-11-2024 19:00,173.63,0.97,292.21,13.41
08-11-2024 20:00,160.85,1.47,292.21,8.27
08-11-2024 21:00,199.5,1.44,291.23,7.88
08-11-2024 22:00,202.39,1.33,289.69,9.26
08-11-2024 23:00,193.21,1.27,288.47,8.3
09-11-2024 0:00,200.17,0.89,286.8,18.12
09-11-2024 1:00,189.39,0.06,285.51,2.5
09-11-2024 2:00,174.9,0.14,284.67,2.71
09-11-2024 3:00,174.83,0.33,284.61,3.22
09-11-2024 4:00,182.67,0.97,284.62,6.31
09-11-2024 5:00,201.61,0.11,283.11,2.58
09-11-2024 6:00,192.84,0.24,282.82,2.99
09-11-2024 7:00,171.67,0.4,285.45,-41.42
09-11-2024 8:00,218.89,0.64,288.67,-39.76
09-11-2024 9:00,224.27,1.54,291.22,-56.22
09-11-2024 10:00,222.43,2.06,293.17,-76.67
09-11-2024 11:00,218.04,2.54,294.52,-90.16
09-11-2024 12:00,210.92,2.76,295.46,-107.91
09-11-2024 13:00,215.57,3.01,296.18,-133.47
09-11-2024 14:00,214.5,3.42,296.55,-163.18
09-11-2024 15:00,211.48,2.94,296.57,-161.69
09-11-2024 16:00,211.51,2.98,296.24,-218.21
09-11-2024 17:00,213.31,2.69,295.64,-342.97
09-11-2024 18:00,209.59,2.97,293.98,-777.02
09-11-2024 19:00,190.2,2.84,291.59,306.75
09-11-2024 20:00,191.98,1.94,289.83,118.93
09-11-2024 21:00,283.02,1.12,289.62,10.06
09-11-2024 22:00,58.04,0.43,286.98,1.31
09-11-2024 23:00,163.42,0.66,287.15,6.22
10-11-2024 0:00,78.37,1.11,286.56,9.98
10-11-2024 1:00,54.44,0.6,285.09,34.62
10-11-2024 2:00,24.27,0.47,284.18,32.52
10-11-2024 3:00,98.66,0.23,283.65,3.28
10-11-2024 4:00,123.5,1.16,283.92,9.3
10-11-2024 5:00,119.28,0.64,283.55,16.53
10-11-2024 6:00,195.58,0.71,284.29,-119.9
10-11-2024 7:00,214.28,0.98,284.52,-80.3
10-11-2024 8:00,221.88,1.33,284.66,-74.45
10-11-2024 9:00,217.69,0.44,285.66,-30.44
10-11-2024 10:00,211.62,1.84,287.68,-60.83
10-11-2024 11:00,214.16,1.97,289.58,-72.99
10-11-2024 12:00,212.48,2,291.06,-85.17
10-11-2024 13:00,212.51,2.64,291.91,-105.48
10-11-2024 14:00,225.52,3.03,292.4,-139.32
10-11-2024 15:00,218.06,3.16,291.34,-138.72
10-11-2024 16:00,231.79,3.86,290.94,-196.93
10-11-2024 17:00,215.36,3.96,290.9,-291.33
10-11-2024 18:00,210.68,3.71,290.04,4949.93
10-11-2024 19:00,207.59,2.65,288.52,269.91
10-11-2024 20:00,219.91,2.81,286.9,241.17
10-11-2024 21:00,220.34,2.19,286.19,138.63
10-11-2024 22:00,186.24,0.79,284.88,42.76
10-11-2024 23:00,189.29,1.22,284.52,56.02
11-11-2024 0:00,197.87,1.99,284.28,104.38
11-11-2024 1:00,193.03,2.12,283.82,118.56
11-11-2024 2:00,201.74,2.78,283.02,232.73
11-11-2024 3:00,202.59,2.29,282.03,198.77
11-11-2024 4:00,201.53,1.82,281.29,145.77
11-11-2024 5:00,207.61,1.43,280.53,109.88
11-11-2024 6:00,198.02,1.05,280,88.59
11-11-2024 7:00,198.95,1.78,281.67,-93.78
11-11-2024 8:00,206.69,2.18,284.03,-77.43
11-11-2024 9:00,215.8,1.95,286.46,-65.61
11-11-2024 10:00,218.11,2.66,288.41,-83.17
11-11-2024 11:00,213.46,3.05,289.83,-102.83
11-11-2024 12:00,214.63,3.5,291.06,-122.73
11-11-2024 13:00,209.93,3.39,292.41,-126.03
11-11-2024 14:00,210.44,3.6,293.26,-150.52
11-11-2024 15:00,211.41,3.91,293.58,-200.69
11-11-2024 16:00,208.85,3.35,293.83,-225.65
11-11-2024 17:00,213.37,3.41,293.54,-447.82
11-11-2024 18:00,212.44,2.78,292.75,2123.16
11-11-2024 19:00,211.89,2.15,290.4,119.75
11-11-2024 20:00,213.02,1.91,288.25,96.8
11-11-2024 21:00,207.74,2.18,287.63,122.37
11-11-2024 22:00,209,1.86,286.36,104.22
11-11-2024 23:00,205.84,0.99,284.9,54.32
12-11-2024 0:00,211.2,0.7,283.83,40.91
12-11-2024 1:00,197,0.95,283.18,11.21
12-11-2024 2:00,189.84,1.07,282.47,11.53
12-11-2024 3:00,195.06,0.5,281.56,23.16
12-11-2024 4:00,182.94,0.42,281.25,24.54
12-11-2024 5:00,189.64,0.75,281.25,19.82
12-11-2024 6:00,195.91,0.65,280.94,20.04
12-11-2024 7:00,202.66,0.57,283.74,-47.59
12-11-2024 8:00,211.23,1.39,287.04,-59.75
12-11-2024 9:00,208.83,2.03,289.67,-72.82
12-11-2024 10:00,211.18,2.39,291.79,-77.41
12-11-2024 11:00,209.9,2.83,293.62,-106.19
12-11-2024 12:00,208.87,3.09,294.8,-117.91
12-11-2024 13:00,210.3,3.64,295.36,-150.27
12-11-2024 14:00,211.46,3.49,295.88,-162.94
12-11-2024 15:00,210.52,3.66,296.17,-204.89
12-11-2024 16:00,217.71,3.73,296.11,-296.53
12-11-2024 17:00,216.68,3.1,295.89,-471.47
12-11-2024 18:00,218.38,1.87,295.2,610.62
12-11-2024 19:00,212.58,1.31,292.52,68.54
12-11-2024 20:00,213.14,1.35,290.09,66.08
12-11-2024 21:00,211.62,2.17,289.24,98.42
12-11-2024 22:00,209.29,1.83,288.01,88.88
12-11-2024 23:00,210.43,0.4,285.77,32.75
13-11-2024 0:00,211.66,1.07,285.27,10.16
13-11-2024 1:00,202,0.95,283.99,13.61
13-11-2024 2:00,204.92,0.43,282.89,23.21
13-11-2024 3:00,200.39,0.4,282.4,25.21
13-11-2024 4:00,200.42,0.73,282.5,32.26
13-11-2024 5:00,199.03,0.77,282.44,5.89
13-11-2024 6:00,174.52,0.59,282.5,4.18
13-11-2024 7:00,111.23,0.34,284.47,-36.19
13-11-2024 8:00,241.19,0.09,288.34,-32.75
13-11-2024 9:00,269,0.24,291.76,-35
13-11-2024 10:00,248.23,0.95,294.44,-45.06
13-11-2024 11:00,228.53,1.6,295.86,-66.71
13-11-2024 12:00,218.89,2.45,296.62,-102.49
13-11-2024 13:00,215.44,2.58,297.29,-111.07
13-11-2024 14:00,206.78,2.44,297.76,-117.84
13-11-2024 15:00,211.08,2.98,297.48,-151.34
13-11-2024 16:00,207.75,3.26,297.35,-213.62
13-11-2024 17:00,210.91,3.24,296.99,-435.58
13-11-2024 18:00,210.35,2.69,296.13,-4704.82
13-11-2024 19:00,195.94,3.33,293.09,387.16
13-11-2024 20:00,199.17,3.39,291.06,266.57
13-11-2024 21:00,190.82,2.05,290.21,124.25
13-11-2024 22:00,197.42,1.83,288.92,111.37
13-11-2024 23:00,196.28,1.94,287.71,131.28
14-11-2024 0:00,200.06,0.01,285.8,35.9
14-11-2024 1:00,22.45,0.1,284.69,1.73
14-11-2024 2:00,64.12,0.65,283.23,1
14-11-2024 3:00,248.24,0.16,283.29,1.82
14-11-2024 4:00,77.87,0.7,283.67,5.46
14-11-2024 5:00,71.82,0.86,283.62,5.92
14-11-2024 6:00,70.46,0.66,283.35,4.9
14-11-2024 7:00,119.56,0.41,283.48,-32.68
14-11-2024 8:00,17.92,0.05,286.66,-28.04
14-11-2024 9:00,248.2,0.62,289.53,-35.96
14-11-2024 10:00,234.68,1.12,292.13,-49.87
14-11-2024 11:00,220.07,1.57,293.85,-59.11
14-11-2024 12:00,219.75,1.66,295.37,-72.83
14-11-2024 13:00,217.18,2.03,296.42,-85.05
14-11-2024 14:00,219.1,2.11,297.08,-103.28
14-11-2024 15:00,214.54,2.44,297.34,-125.37
14-11-2024 16:00,212.56,2.57,297.28,-153.14
14-11-2024 17:00,212.45,2.87,296.8,-262.64
14-11-2024 18:00,207.39,2.83,295.9,-1589.44
14-11-2024 19:00,202.7,2.46,293.8,211.84
14-11-2024 20:00,195.79,3.13,291.91,238.38
14-11-2024 21:00,196.15,2.98,290.18,285.5
14-11-2024 22:00,198.28,2.73,288.54,326.73
14-11-2024 23:00,198.32,2.87,287.25,405.88
15-11-2024 0:00,205.77,2.61,286.46,307.32
15-11-2024 1:00,208.6,2.26,285.66,260.94
15-11-2024 2:00,208.46,1.89,284.99,186.53
15-11-2024 3:00,205.02,1.69,284.41,144.71
15-11-2024 4:00,201.95,1.45,285.16,1032.98
15-11-2024 5:00,200.16,1.16,285.4,-149.92
15-11-2024 6:00,235.78,0.58,284.53,-3560.55
15-11-2024 7:00,253.4,0.53,284.23,-34.38
15-11-2024 8:00,264.86,1.12,284.8,-53.76
15-11-2024 9:00,252.34,0.42,286.75,-31.81
15-11-2024 10:00,221.43,1.38,289.43,-47.18
15-11-2024 11:00,214.82,2.16,291.25,-62.91
15-11-2024 12:00,213.22,2.69,292.66,-86.31
15-11-2024 13:00,211.53,3.17,293.61,-115.82
15-11-2024 14:00,213.22,3.57,294.38,-144.44
15-11-2024 15:00,214.32,3.42,294.83,-153
15-11-2024 16:00,216.29,3.05,295.03,-159.61
15-11-2024 17:00,217.87,3.49,294.73,-282.36
15-11-2024 18:00,222.11,3.29,294.15,-860.82
15-11-2024 19:00,214.81,3.41,291.87,453.16
15-11-2024 20:00,214.85,2.93,289.99,240.45
15-11-2024 21:00,206.78,3.24,288.86,342.45
15-11-2024 22:00,201.28,2.43,287.71,199.13
15-11-2024 23:00,205.25,2.62,286.63,241.93
16-11-2024 0:00,207.32,2.83,285.77,271.04
16-11-2024 1:00,213.85,2.57,284.9,259.73
16-11-2024 2:00,216.26,1.93,284.02,194.64
16-11-2024 3:00,215.97,1.94,283.31,215.55
16-11-2024 4:00,209.05,1.97,282.65,246.35
16-11-2024 5:00,206.83,1.68,282.13,183.21
16-11-2024 6:00,203.66,1.39,281.62,151.01
16-11-2024 7:00,204.73,1.76,281.91,-898
16-11-2024 8:00,207.71,1.61,282.73,-88.32
16-11-2024 9:00,215.66,1.95,284.25,-85.07
16-11-2024 10:00,221.25,1.99,285.78,-69.31
16-11-2024 11:00,216.75,2.16,287.46,-68.29
16-11-2024 12:00,219.29,2.56,288.78,-88.3
16-11-2024 13:00,213.05,2.8,289.75,-100.18
16-11-2024 14:00,209.65,2.9,290.28,-124.97
16-11-2024 15:00,208.61,2.99,290.47,-153.45
16-11-2024 16:00,211.28,2.94,290.45,-202.2
16-11-2024 17:00,210.23,2.89,290.14,-388.07
16-11-2024 18:00,203.73,2.27,289.64,1345.18
16-11-2024 19:00,188.78,1.12,288.62,87.12
16-11-2024 20:00,165.33,0.46,287.1,35.9
16-11-2024 21:00,208.87,0.81,286.12,50.33
16-11-2024 22:00,204.8,1.73,285.54,97.58
16-11-2024 23:00,196.89,2.3,284.76,167.66
17-11-2024 0:00,205.72,1.91,283.59,150.24
17-11-2024 1:00,219.72,0.77,282.47,63.1
17-11-2024 2:00,219.95,0.62,281.68,50.19
17-11-2024 3:00,207.27,0.62,281.11,42.81
17-11-2024 4:00,202.15,0.42,280.58,30.51
17-11-2024 5:00,195.96,0.65,280.37,18.26
17-11-2024 6:00,190.31,0.32,280.2,23.31
17-11-2024 7:00,207.99,1.12,282.54,-60.37
17-11-2024 8:00,217.17,1.53,284.92,-55.98
17-11-2024 9:00,220.57,1.94,287.06,-60.55
17-11-2024 10:00,217.95,2.15,288.79,-69.01
17-11-2024 11:00,217.26,2.26,290.42,-79.17
17-11-2024 12:00,216.62,2.37,292,-84.06
17-11-2024 13:00,209.12,2.53,293.03,-101.05
17-11-2024 14:00,207.42,2.55,293.94,-111.64
17-11-2024 15:00,213.55,2.6,294.4,-127.43
17-11-2024 16:00,220.33,2.7,294.51,-157.59
17-11-2024 17:00,219.05,3.01,294.16,-279.46
17-11-2024 18:00,213.86,2.82,293.38,-1207.61
17-11-2024 19:00,224.25,2.07,291.41,151.1
17-11-2024 20:00,207.86,1.71,289.02,92.39
17-11-2024 21:00,200.51,1.65,287.92,86.07
17-11-2024 22:00,198.86,0.27,286.15,29.16
17-11-2024 23:00,186.8,0.53,285.23,19.65
18-11-2024 0:00,190.87,0.48,284.57,22.26
18-11-2024 1:00,3.22,0.03,283.8,2.23
18-11-2024 2:00,263.44,0.74,281.97,1
18-11-2024 3:00,103.86,0.84,281.74,1
18-11-2024 4:00,267.61,0.35,281,1.55
18-11-2024 5:00,128.85,0.46,282.14,3.6
18-11-2024 6:00,334.64,0.91,279.42,1
18-11-2024 7:00,86.1,0.14,284.69,-32.64
18-11-2024 8:00,28.03,0.16,287.73,-33.03
18-11-2024 9:00,241.9,0.55,290.22,-40.79
18-11-2024 10:00,244.57,1.19,291.84,-58.31
18-11-2024 11:00,231.29,1.48,293.3,-71.67
18-11-2024 12:00,220.87,1.67,294.38,-89.38
18-11-2024 13:00,217.8,2.13,295.07,-103.6
18-11-2024 14:00,213.63,2.28,295.5,-116.21
18-11-2024 15:00,209.4,2.27,295.64,-130.18
18-11-2024 16:00,212.17,2.65,295.35,-181.45
18-11-2024 17:00,205.58,2.85,294.76,-374.35
18-11-2024 18:00,205.44,1.78,293.55,412.6
18-11-2024 19:00,194.64,1.59,291.32,88.2
18-11-2024 20:00,189.72,2.97,289.76,232.2
18-11-2024 21:00,194.98,2.81,288.38,211.52
18-11-2024 22:00,192.1,1.7,287.03,114
18-11-2024 23:00,204.75,0.24,285.41,22.46
19-11-2024 0:00,220.96,0.79,284.9,48.88
19-11-2024 1:00,232.67,0.32,283.82,4.77
19-11-2024 2:00,210.79,0.85,283.65,7.64
19-11-2024 3:00,128.24,0.52,283.07,4.55
19-11-2024 4:00,132.74,0.34,282.4,3.57
19-11-2024 5:00,139.56,0.59,282.16,4.77
19-11-2024 6:00,142.52,0.06,281.56,2.42
19-11-2024 7:00,166.14,0.41,282.23,-30.51
19-11-2024 8:00,11.24,0.03,286.04,-27.85
19-11-2024 9:00,253.21,0.81,288.65,-42.35
19-11-2024 10:00,225.37,1.6,290.37,-57.2
19-11-2024 11:00,219.45,1.94,291.99,-73.14
19-11-2024 12:00,217.14,2.16,293.19,-89.54
19-11-2024 13:00,213.37,2.54,294.05,-104.44
19-11-2024 14:00,211.49,2.99,294.69,-129.62
19-11-2024 15:00,214.03,2.81,295.09,-137.47
19-11-2024 16:00,211.64,3.29,294.88,-192.77
19-11-2024 17:00,214.27,3.58,294.26,-329.23
19-11-2024 18:00,211.07,3.08,293.38,-1197.25
19-11-2024 19:00,206.28,2.47,291.64,206.28
19-11-2024 20:00,205.06,2.46,289.33,193.19
19-11-2024 21:00,192.76,1.87,288.5,109.87
19-11-2024 22:00,193.97,1.17,287.28,67.58
19-11-2024 23:00,202.5,0.95,286.18,55.8
20-11-2024 0:00,201.96,0.18,284.75,22.67
20-11-2024 1:00,199.34,0.72,284.23,11.2
20-11-2024 2:00,193.48,0.66,283.86,12.85
20-11-2024 3:00,229.95,0.79,284.26,7.82
20-11-2024 4:00,134.19,0.43,284.17,4.31
20-11-2024 5:00,188.8,0.05,283.86,2.43
20-11-2024 6:00,233.25,0.78,283.93,8.49
20-11-2024 7:00,213.17,0.29,283.94,-68.31
20-11-2024 8:00,212.62,1.09,285.69,-74.56
20-11-2024 9:00,217.11,1.51,287.47,-72.05
20-11-2024 10:00,224.97,1.79,288.96,-70.05
20-11-2024 11:00,219.89,1.58,290.56,-65.74
20-11-2024 12:00,217.41,1.71,292.13,-65.69
20-11-2024 13:00,213.89,1.99,293.5,-86.47
20-11-2024 14:00,214.47,1.8,294.29,-85.62
20-11-2024 15:00,211.62,1.61,295.27,-92.77
20-11-2024 16:00,216.07,2.04,295.62,-131.57
20-11-2024 17:00,212.54,1.71,295.59,-170.29
20-11-2024 18:00,215.12,1.52,295.07,-1410.03
20-11-2024 19:00,17.24,0.15,292.46,19.48
20-11-2024 20:00,200.37,1.72,290.67,101.29
20-11-2024 21:00,201.31,0.62,288.57,38.69
20-11-2024 22:00,209.55,1.83,288.08,92.48
20-11-2024 23:00,203.04,0.73,286.57,14.22
21-11-2024 0:00,225.2,0.85,285.91,6.95
21-11-2024 1:00,232.38,0.46,284.05,5.3
21-11-2024 2:00,131.03,1.08,283.96,8.48
21-11-2024 3:00,121.23,1.14,283.63,8.31
21-11-2024 4:00,106.74,0.5,282.97,3.87
21-11-2024 5:00,278.5,0.87,279.58,1
21-11-2024 6:00,309.51,0.88,279.84,1
21-11-2024 7:00,120.85,0.29,285.07,-34.59
21-11-2024 8:00,78.91,0.09,288.37,-31.99
21-11-2024 9:00,242.13,0.93,291.07,-47.09
21-11-2024 10:00,230.13,1.44,292.98,-64.31
21-11-2024 11:00,216.93,2.1,294.33,-79.45
21-11-2024 12:00,216.47,2.4,295.38,-102.77
21-11-2024 13:00,215.87,2.56,296.06,-119.3
21-11-2024 14:00,213.09,2.86,296.36,-137.36
21-11-2024 15:00,209.5,3,296.43,-158.18
21-11-2024 16:00,210.99,3.16,296.17,-196.43
21-11-2024 17:00,208.66,3.36,295.56,-320.04
21-11-2024 18:00,199.84,3.38,294.33,-766.52
21-11-2024 19:00,204.44,3.24,292.12,619.88
21-11-2024 20:00,204.94,3.52,289.47,460.2
21-11-2024 21:00,206.16,2.56,288.62,295.44
21-11-2024 22:00,208.53,1.95,287.45,180.97
21-11-2024 23:00,200.92,1.91,286.37,158.59
22-11-2024 0:00,204.52,1.74,285.51,135.7
22-11-2024 1:00,195.52,0.52,284.25,47.77
22-11-2024 2:00,199.44,0.37,283.31,38.25
22-11-2024 3:00,191.28,0.84,283,13.43
22-11-2024 4:00,168.71,0.68,282.96,5.52
22-11-2024 5:00,119.75,0.51,282.45,4.28
22-11-2024 6:00,103.98,0.61,282.32,5.31
22-11-2024 7:00,74.12,0.07,284.25,-29.35
22-11-2024 8:00,356.46,0.03,286.88,-28.79
22-11-2024 9:00,279.36,0.71,289.26,-35.94
22-11-2024 10:00,230.99,1.72,291.16,-61.57
22-11-2024 11:00,214.03,1.97,292.5,-76.24
22-11-2024 12:00,213.55,2.42,293.74,-88.43
22-11-2024 13:00,212.64,2.8,294.49,-113.89
22-11-2024 14:00,208.02,2.99,295.16,-131.58
22-11-2024 15:00,210.7,2.99,295.52,-148.93
22-11-2024 16:00,210.24,3.04,295.52,-188.49
22-11-2024 17:00,214.92,3.06,295.25,-289.17
22-11-2024 18:00,211.26,2.61,294.62,-1220.4
22-11-2024 19:00,218.7,2.13,292.71,199.8
22-11-2024 20:00,204.33,1.65,289.93,98.86
22-11-2024 21:00,195.2,0.44,287.92,33.78
22-11-2024 22:00,201.49,1.26,287.35,62.72
22-11-2024 23:00,201.98,1.34,286.64,65.8
23-11-2024 0:00,191.53,0.93,285.42,47.6
23-11-2024 1:00,194.95,0.55,284.52,31
23-11-2024 2:00,189.79,0.66,284.32,5.45
23-11-2024 3:00,62,0.65,281.56,1
23-11-2024 4:00,204.49,0.19,282.61,2.77
23-11-2024 5:00,128.21,0.17,282.28,2.71
23-11-2024 6:00,274.36,0,282.06,2.26
23-11-2024 7:00,210.51,0.15,284.81,-28.49
23-11-2024 8:00,220.96,0.91,288.33,-45.19
23-11-2024 9:00,225.29,1.57,290.51,-56.53
23-11-2024 10:00,220.77,1.89,292.31,-70.56
23-11-2024 11:00,213.61,2.22,293.77,-87.91
23-11-2024 12:00,211.45,2.18,295.13,-88.97
23-11-2024 13:00,218.13,2.23,296.14,-105.1
23-11-2024 14:00,213.8,2.46,296.85,-125.17
23-11-2024 15:00,210.87,2.85,297.17,-169.82
23-11-2024 16:00,208.83,2.6,297.21,-191.64
23-11-2024 17:00,207.55,2.56,296.88,-292.9
23-11-2024 18:00,220.9,2.15,296.2,-1998.8
23-11-2024 19:00,214.4,2.84,293.54,365.99
23-11-2024 20:00,201.98,2.95,291.33,230.55
23-11-2024 21:00,191.5,1.93,290.3,121.17
23-11-2024 22:00,193.19,1.36,289.07,77.9
23-11-2024 23:00,28.11,0.02,287.73,2.25
24-11-2024 0:00,260.09,0.97,287.7,7.26
24-11-2024 1:00,116.88,0.76,285.25,1
24-11-2024 2:00,122.88,0.78,283.36,1
24-11-2024 3:00,203.14,0.71,283.18,1
24-11-2024 4:00,80.74,0.47,284.9,-47.16
24-11-2024 5:00,88.27,0.53,284.66,-76.27
24-11-2024 6:00,121.07,0.19,284.32,2.99
24-11-2024 7:00,41.18,0.22,286.3,-26.09
24-11-2024 8:00,274.24,0.41,288.49,-31.87
24-11-2024 9:00,223.84,1.36,290.74,-57.16
24-11-2024 10:00,219.08,1.78,292.22,-72.21
24-11-2024 11:00,215.36,2.33,293.45,-87.48
24-11-2024 12:00,212.13,2.54,294.43,-102.87
24-11-2024 13:00,211.68,2.92,295.25,-121.13
24-11-2024 14:00,210.22,3.2,295.74,-141.68
24-11-2024 15:00,210.5,3.24,295.99,-178.61
24-11-2024 16:00,214.33,3.2,296,-199.8
24-11-2024 17:00,223.75,3.28,295.69,-328.32
24-11-2024 18:00,219.89,2.93,294.96,-1194.21
24-11-2024 19:00,221.54,2.9,292.89,414.75
24-11-2024 20:00,203.93,1.82,290.49,118.74
24-11-2024 21:00,197.46,0.74,288.82,43.98
24-11-2024 22:00,200.46,0.6,287.65,37.29
24-11-2024 23:00,194.15,0.96,287.15,48.1
25-11-2024 0:00,189.02,1.19,286.47,56.65
25-11-2024 1:00,183.5,1.07,285.76,11.54
25-11-2024 2:00,72.14,0.71,284.5,6.4
25-11-2024 3:00,263.97,0.66,282.69,1
25-11-2024 4:00,182.85,0.61,283.43,4.56
25-11-2024 5:00,201.36,1.08,283.49,7.23
25-11-2024 6:00,179.03,0.61,282.66,5.59
25-11-2024 7:00,182.48,0.23,284.86,-35.44
25-11-2024 8:00,219.25,1.08,287.64,-48.75
25-11-2024 9:00,229.57,1.77,289.71,-68.57
25-11-2024 10:00,223.35,1.88,291.28,-67.77
25-11-2024 11:00,216.97,2.13,292.79,-82.71
25-11-2024 12:00,215.66,2.28,293.96,-97.67
25-11-2024 13:00,209.36,2.73,294.79,-115.15
25-11-2024 14:00,209.61,2.95,295.26,-142.8
25-11-2024 15:00,211.72,3.19,295.39,-165.79
25-11-2024 16:00,215.77,3.19,295.29,-198.28
25-11-2024 17:00,222.63,3.75,294.52,-360.43
25-11-2024 18:00,215.39,3.23,293.59,-775.95
25-11-2024 19:00,212.61,3.98,291.27,704.93
25-11-2024 20:00,208.27,3.32,288.81,371.04
25-11-2024 21:00,201.85,2.18,287.89,174.93
25-11-2024 22:00,209.51,2.24,286.98,157.25
25-11-2024 23:00,203.75,1.77,286.01,114.13
26-11-2024 0:00,192.6,1.86,285.3,115.31
26-11-2024 1:00,187.97,1.55,284.46,96.82
26-11-2024 2:00,193.08,0.94,283.58,52.51
26-11-2024 3:00,193.17,0.33,282.61,24.73
26-11-2024 4:00,196.21,0.96,282.53,14.85
26-11-2024 5:00,212.8,1.04,282.13,13.53
26-11-2024 6:00,200.96,0.4,281.4,28.73
26-11-2024 7:00,207.36,1.24,284.01,-69.46
26-11-2024 8:00,218.49,1.42,286.48,-55.01
26-11-2024 9:00,223.91,1.95,288.48,-63.09
26-11-2024 10:00,222.75,2.22,290.19,-73.84
26-11-2024 11:00,220.27,2.47,291.78,-88.88
26-11-2024 12:00,216.49,2.55,292.95,-99.76
26-11-2024 13:00,211.26,2.66,293.8,-106.01
26-11-2024 14:00,213.37,2.78,294.5,-129.83
26-11-2024 15:00,210.13,3.05,294.65,-138.24
26-11-2024 16:00,212,3.05,294.6,-161.47
26-11-2024 17:00,213.46,3.27,294.07,-242.55
26-11-2024 18:00,214.19,2.96,293.37,-526.43
26-11-2024 19:00,210.81,3.27,291.01,954.63
26-11-2024 20:00,201.35,3.21,288.36,378.98
26-11-2024 21:00,203.15,2.82,286.95,274.3
26-11-2024 22:00,198.8,2.29,285.68,205.61
26-11-2024 23:00,203.78,2.45,284.78,207.79
27-11-2024 0:00,204.14,1.92,283.83,153.85
27-11-2024 1:00,220.54,0.9,282.83,66.63
27-11-2024 2:00,219.73,0.67,281.88,56.73
27-11-2024 3:00,202.25,0.34,281.11,32.96
27-11-2024 4:00,198.95,0.69,280.79,42.49
27-11-2024 5:00,196.6,0.58,280.34,39.48
27-11-2024 6:00,201.11,0.69,280.5,49.68
27-11-2024 7:00,220.6,0.52,282.27,-36.02
27-11-2024 8:00,227.64,1.2,284.66,-45.89
27-11-2024 9:00,226.83,1.72,286.83,-54.22
27-11-2024 10:00,222.87,1.74,288.76,-58.59
27-11-2024 11:00,227.31,1.92,290.66,-70.83
27-11-2024 12:00,217.19,2.26,291.92,-80.51
27-11-2024 13:00,215.51,2.56,292.9,-100.62
27-11-2024 14:00,212.41,2.91,293.57,-119.83
27-11-2024 15:00,212.87,2.91,294.01,-132.96
27-11-2024 16:00,213.63,3.11,293.89,-173.96
27-11-2024 17:00,214.93,3.2,293.53,-245.17
27-11-2024 18:00,216.35,2.9,292.77,-478.39
27-11-2024 19:00,207.8,2.52,291.25,330.42
27-11-2024 20:00,200.7,3.21,288.04,452.13
27-11-2024 21:00,200.96,1.61,286.74,213.46
27-11-2024 22:00,193.35,1.62,285.41,204.12
27-11-2024 23:00,211.01,1.71,284.13,222.02
28-11-2024 0:00,207.21,1.57,283.35,142.42
28-11-2024 1:00,214.89,1.15,282.58,101.08
28-11-2024 2:00,216.85,1.12,281.74,117.49
28-11-2024 3:00,208.35,0.83,281.15,61.98
28-11-2024 4:00,198.62,0.91,280.8,55.28
28-11-2024 5:00,199.09,0.87,280.55,47.16
28-11-2024 6:00,196.04,0.95,280.46,88.17
28-11-2024 7:00,205.8,1.1,282.27,-54.37
28-11-2024 8:00,218.95,1.67,284.54,-59.28
28-11-2024 9:00,225.08,2.17,286.55,-67.07
28-11-2024 10:00,224.31,2.31,288.37,-73.57
28-11-2024 11:00,218.66,2.3,290.16,-80.02
28-11-2024 12:00,218.93,2.39,291.94,-86.44
28-11-2024 13:00,215.91,2.44,293.06,-89.46
28-11-2024 14:00,212.38,2.57,293.96,-114.59
28-11-2024 15:00,209.48,2.55,294.56,-128.99
28-11-2024 16:00,219.83,2.66,294.69,-155.84
28-11-2024 17:00,214.69,2.58,294.45,-190.37
28-11-2024 18:00,209.71,2.22,293.9,-598.48
28-11-2024 19:00,208.82,1.23,292.3,104.51
28-11-2024 20:00,201.21,0.25,289.25,22.9
28-11-2024 21:00,201.63,0.89,288.46,43.16
28-11-2024 22:00,194.32,0.38,286.97,22.77
28-11-2024 23:00,195.94,0.35,285.93,27.07
29-11-2024 0:00,191.3,0.83,286.11,6.5
29-11-2024 1:00,149.54,0.98,281.9,1
29-11-2024 2:00,104.78,0.94,282.39,1
29-11-2024 3:00,52.97,0.86,281.3,1
29-11-2024 4:00,147.58,0.54,282.81,3.97
29-11-2024 5:00,2.43,0.13,281.54,1.99
29-11-2024 6:00,193.02,0.05,281.87,2.36
29-11-2024 7:00,150.77,0.06,284.75,-41.72
29-11-2024 8:00,227.19,0.25,287.93,-38.14
29-11-2024 9:00,230.49,1.09,290.5,-51.57
29-11-2024 10:00,227.3,1.4,292.47,-64.39
29-11-2024 11:00,217.79,1.87,293.92,-84.71
29-11-2024 12:00,217.46,2.02,295.1,-91.38
29-11-2024 13:00,215.67,2.05,295.95,-105.11
29-11-2024 14:00,208.88,2.25,296.57,-119.73
29-11-2024 15:00,203.83,2.23,296.88,-132.79
29-11-2024 16:00,211.72,2.36,296.85,-161.01
29-11-2024 17:00,212.46,2.53,296.36,-244.02
29-11-2024 18:00,209.4,2.26,295.6,-1053.19
29-11-2024 19:00,202.05,1.69,293.69,146.09
29-11-2024 20:00,194.26,1.39,291.07,74.43
29-11-2024 21:00,2.91,0.28,288.61,1.6
29-11-2024 22:00,211.17,0.82,288.13,7.81
29-11-2024 23:00,199.66,0.32,286.26,17.85
30-11-2024 0:00,337.38,0.1,284.66,14.35
30-11-2024 1:00,220.26,0.23,284.56,3.04
30-11-2024 2:00,93.62,0.61,284.42,4.53
30-11-2024 3:00,96.88,0.42,283.6,3.63
30-11-2024 4:00,94.5,0.96,283.58,6.14
30-11-2024 5:00,89,0.18,282.68,2.69
30-11-2024 6:00,263.82,0.23,281.87,1.79
30-11-2024 7:00,110.97,0.03,285.18,-33.26
30-11-2024 8:00,349.63,0.03,288.47,-32.71
30-11-2024 9:00,284.74,0.73,290.82,-41.27
30-11-2024 10:00,245.64,1.46,292.44,-73.95
30-11-2024 11:00,223.3,2.02,293.53,-85.14
30-11-2024 12:00,221.94,2.07,294.35,-95.78
30-11-2024 13:00,216.63,2.3,295.01,-105.14
30-11-2024 14:00,217.55,2.52,295.47,-114.97
30-11-2024 15:00,219.85,3.24,295.34,-173.7
30-11-2024 16:00,215.85,3.28,295.2,-214.54
30-11-2024 17:00,218.77,4.32,294.25,-484.06
30-11-2024 18:00,216.78,4.22,293.04,-1381.08
30-11-2024 19:00,204.77,3.77,290.84,1553.98
30-11-2024 20:00,195.31,2.89,288.44,423.17
30-11-2024 21:00,206.4,0.5,286.76,58.11
30-11-2024 22:00,202.8,2.04,285.63,280.53
30-11-2024 23:00,213.98,1.88,284.82,198.16
01-12-2024 0:00,211.5,1.16,283.66,168.3
01-12-2024 1:00,210.77,1.7,282.88,273.78
01-12-2024 2:00,218.86,1.72,282.28,250.66
01-12-2024 3:00,214.86,1.98,282.74,-261.44
01-12-2024 4:00,221.42,2.03,282.71,-212.01
01-12-2024 5:00,220.11,1.74,282.61,-158.69
01-12-2024 6:00,215.77,1.85,282.6,-212.14
01-12-2024 7:00,240.43,1.31,282.78,-85.06
01-12-2024 8:00,233.73,1.09,283.21,-51.21
01-12-2024 9:00,211.27,1.59,284.01,-67.37
01-12-2024 10:00,203.94,1.7,286.19,-56.28
01-12-2024 11:00,233.57,1.81,288.53,-60.51
01-12-2024 12:00,222.32,2.37,290.26,-85.45
01-12-2024 13:00,210.05,2.79,291.48,-101.85
01-12-2024 14:00,213.63,3.2,292.39,-140.98
01-12-2024 15:00,214.81,3.2,292.76,-153.61
01-12-2024 16:00,207.82,3.09,292.83,-162.98
01-12-2024 17:00,213.97,3.45,292.44,-274.19
01-12-2024 18:00,223.44,3.12,291.93,-678.9
01-12-2024 19:00,222.98,1.92,290.56,198.52
01-12-2024 20:00,213.53,1.93,288.25,110.94
01-12-2024 21:00,202.12,1.87,287.56,107.2
01-12-2024 22:00,213.16,1.32,286.52,77.4
01-12-2024 23:00,192.42,0.68,285.26,39.2
02-12-2024 0:00,183.57,0.29,284.12,25.11
02-12-2024 1:00,188.42,0.67,283.82,33.9
02-12-2024 2:00,198.92,1.48,283.93,65.97
02-12-2024 3:00,202.97,1.43,283.25,72.1
02-12-2024 4:00,194.27,0.41,281.77,33.64
02-12-2024 5:00,195.82,0.63,280.92,15.83
02-12-2024 6:00,189.11,0.63,280.99,41.25
02-12-2024 7:00,204.94,1.67,283.67,-117.06
02-12-2024 8:00,213.12,1.66,285.85,-65.96
02-12-2024 9:00,221.49,1.73,288.01,-57.89
02-12-2024 10:00,220.04,1.96,289.84,-67.21
02-12-2024 11:00,217.62,2.35,291.25,-86.79
02-12-2024 12:00,210.75,2.47,292.65,-91.85
02-12-2024 13:00,210.79,2.38,293.73,-101.73
02-12-2024 14:00,211.21,2.72,294.49,-118.05
02-12-2024 15:00,213.74,2.71,294.97,-134.44
02-12-2024 16:00,214.73,2.74,294.99,-161.08
02-12-2024 17:00,209.02,2.56,294.81,-217.92
02-12-2024 18:00,224.94,2.37,294.22,-647.44
02-12-2024 19:00,225.63,1.28,292.58,137.97
02-12-2024 20:00,192.28,0.89,289.9,52.4
02-12-2024 21:00,178.74,0.52,288.21,35.58
02-12-2024 22:00,23.66,0.37,286.78,25.27
02-12-2024 23:00,35.99,1.66,286.01,135.29
03-12-2024 0:00,69.03,1.14,284.89,88.54
03-12-2024 1:00,66.24,1.16,284.1,80.3
03-12-2024 2:00,75.98,1.14,283.58,66.34
03-12-2024 3:00,82.31,0.55,282.9,29.97
03-12-2024 4:00,77.69,1.12,283.1,13.2
03-12-2024 5:00,77.71,0.95,282.88,6.97
03-12-2024 6:00,98.77,0.6,282.26,5.61
03-12-2024 7:00,30.69,0.77,284.11,-41.14
03-12-2024 8:00,357.22,0.16,286.67,-29.68
03-12-2024 9:00,285.34,0.68,289.07,-41.03
03-12-2024 10:00,255.69,1.27,291.18,-50.91
03-12-2024 11:00,247.45,1.63,292.83,-68.12
03-12-2024 12:00,221.97,1.73,294.28,-74.04
03-12-2024 13:00,220.81,2.21,295.12,-98.81
03-12-2024 14:00,210.95,2.49,295.68,-112.83
03-12-2024 15:00,214.06,2.68,295.93,-128.69
03-12-2024 16:00,207.62,2.95,295.82,-169.12
03-12-2024 17:00,207.12,3.08,295.37,-235.47
03-12-2024 18:00,207.94,3.05,294.69,-590.06
03-12-2024 19:00,210.92,2.34,293,466.94
03-12-2024 20:00,190.4,3.09,290.56,317.59
03-12-2024 21:00,22.18,0.1,289.04,18.35
03-12-2024 22:00,334.15,0.14,287.93,28.1
03-12-2024 23:00,24.61,1,286.94,106.35
04-12-2024 0:00,74.94,0.78,285.83,74.45
04-12-2024 1:00,87.57,0.68,285.17,9.32
04-12-2024 2:00,78.46,0.2,284.2,3.39
04-12-2024 3:00,105.82,0.07,283.4,2.58
04-12-2024 4:00,147.67,0.31,283.04,3.7
04-12-2024 5:00,197.96,0.6,282.19,20
04-12-2024 6:00,204.71,0.65,282.17,55.38
04-12-2024 7:00,276.26,0.05,283.86,-27.17
04-12-2024 8:00,277.13,0.07,286.28,-27.99
04-12-2024 9:00,258.58,1.02,288.56,-44.87
04-12-2024 10:00,234.52,1.29,290.52,-57.68
04-12-2024 11:00,230.8,1.59,292.13,-64.04
04-12-2024 12:00,221.36,1.91,293.43,-81.84
04-12-2024 13:00,223,2.36,294.3,-95.47
04-12-2024 14:00,209.45,3.05,294.83,-136.51
04-12-2024 15:00,215.91,3.28,295.16,-159.74
04-12-2024 16:00,216.03,3.3,294.95,-197.36
04-12-2024 17:00,218.95,3.53,294.4,-294.33
04-12-2024 18:00,210.25,3.88,293.51,-674.63
04-12-2024 19:00,208.73,3.74,291.65,910.46
04-12-2024 20:00,196.7,4.38,289.2,641.26
04-12-2024 21:00,194.38,1.58,287.37,209.13
04-12-2024 22:00,200.57,0.98,286.04,119.06
04-12-2024 23:00,219.33,0.97,285.01,102.75
05-12-2024 0:00,215.87,1.04,284.06,119.85
05-12-2024 1:00,212.63,1.51,283.32,174.11
05-12-2024 2:00,210.18,1.49,282.63,175.73
05-12-2024 3:00,212.81,1.15,282.1,100.74
05-12-2024 4:00,209.4,1.3,282.02,-302.48
05-12-2024 5:00,213.04,1.45,282.52,-138.71
05-12-2024 6:00,216.95,1.12,282.49,-89.69
05-12-2024 7:00,233.14,1.11,282.33,-58.41
05-12-2024 8:00,257.73,1.06,282.53,-43.16
05-12-2024 9:00,330.75,0.34,285.34,-30.59
05-12-2024 10:00,223.93,0.47,287.41,-42.26
05-12-2024 11:00,227.3,1.74,289.14,-67.69
05-12-2024 12:00,214.08,2.23,290.48,-79.71
05-12-2024 13:00,204.17,2.61,291.58,-104.04
05-12-2024 14:00,211.69,3.22,292.13,-141.12
05-12-2024 15:00,227.33,3.87,292.13,-199.95
05-12-2024 16:00,226.25,3.45,292.08,-210.68
05-12-2024 17:00,220.87,3.33,291.86,-246.31
05-12-2024 18:00,224.82,3.33,291.12,-437.2
05-12-2024 19:00,207.2,2.59,290.01,633.98
05-12-2024 20:00,210.76,3.15,288.02,288.86
05-12-2024 21:00,197.48,2.87,286.49,387.1
05-12-2024 22:00,209.28,3.09,285.65,359.68
05-12-2024 23:00,210.54,2.19,284.79,206.37
06-12-2024 0:00,205.82,1.76,284.11,135.88
06-12-2024 1:00,198.45,1.57,283.49,102.94
06-12-2024 2:00,202.95,1.15,282.75,67.53
06-12-2024 3:00,201.23,0.73,281.94,41.69
06-12-2024 4:00,206.17,0.78,281.39,15.3
06-12-2024 5:00,207.99,0.95,281.06,13.69
06-12-2024 6:00,209.94,0.62,280.7,42.85
06-12-2024 7:00,212.15,1.01,283.04,-51.23
06-12-2024 8:00,215.19,1.42,285.59,-52.52
06-12-2024 9:00,223.83,1.78,287.3,-64.62
06-12-2024 10:00,218.68,1.88,289,-63.78
06-12-2024 11:00,216.37,1.92,290.68,-73.85
06-12-2024 12:00,214.71,2.14,292,-80.07
06-12-2024 13:00,209.93,2.48,292.95,-103.79
06-12-2024 14:00,212.95,2.92,293.5,-135.78
06-12-2024 15:00,205.69,2.72,293.73,-150.46
06-12-2024 16:00,219.53,2.45,293.85,-184.41
06-12-2024 17:00,216.5,2.23,293.63,-325.67
06-12-2024 18:00,221.84,1.44,292.82,399.8
06-12-2024 19:00,223.97,0.51,290.53,41.44
06-12-2024 20:00,185.15,0.54,288.57,33.8
06-12-2024 21:00,181.45,0.3,287.2,26.25
06-12-2024 22:00,183.59,1.1,287.01,14.34
06-12-2024 23:00,185.77,1.13,286.19,14.23
07-12-2024 0:00,194.93,1.21,285.76,13.69
07-12-2024 1:00,344.76,0.03,284.34,2.35
07-12-2024 2:00,214.27,0.06,283.17,2.12
07-12-2024 3:00,212.5,0.87,280.84,1
07-12-2024 4:00,136.84,0.76,282.87,5.06
07-12-2024 5:00,140.44,0.51,282.65,3.69
07-12-2024 6:00,1.05,0.96,279.17,1
07-12-2024 7:00,199.63,0.25,282.52,3.4
07-12-2024 8:00,158.54,0.05,283.76,-25.65
07-12-2024 9:00,228.66,0.5,287.18,-41.17
07-12-2024 10:00,230,1.24,289.35,-51.82
07-12-2024 11:00,224.26,1.57,291.21,-63.9
07-12-2024 12:00,215.4,2,292.68,-83.87
07-12-2024 13:00,215.65,2.41,293.88,-98.86
07-12-2024 14:00,210.14,2.5,294.56,-117.01
07-12-2024 15:00,208.33,2.61,294.87,-130.4
07-12-2024 16:00,210.06,2.67,294.82,-149.85
07-12-2024 17:00,212.29,2.81,294.35,-201.72
07-12-2024 18:00,207.8,2.84,293.61,-487
07-12-2024 19:00,206.46,1.97,292.41,261.8
07-12-2024 20:00,183.87,0.12,289.48,28.94
07-12-2024 21:00,268.02,0.51,288.36,1
07-12-2024 22:00,239.71,0.46,287.87,4.65
07-12-2024 23:00,316.68,0.54,286.61,5.78
08-12-2024 0:00,47.94,1.01,285.38,69.38
08-12-2024 1:00,44.6,0.3,284.17,31.92
08-12-2024 2:00,49.55,0.64,283.52,15.2
08-12-2024 3:00,61.24,0.97,283.2,10.63
08-12-2024 4:00,62.55,1.05,282.72,11.13
08-12-2024 5:00,38.53,0.38,282.1,3.74
08-12-2024 6:00,255.45,0.59,281.07,1
08-12-2024 7:00,60.13,0.25,283.52,-27.82
08-12-2024 8:00,285.15,0.27,285.97,-30.97
08-12-2024 9:00,262.7,1.12,288.02,-47.58
08-12-2024 10:00,231.87,1.63,289.72,-66.12
08-12-2024 11:00,231.93,1.65,291.23,-66.49
08-12-2024 12:00,220.52,1.91,292.53,-83.31
08-12-2024 13:00,216.07,2.36,293.39,-96.46
08-12-2024 14:00,208.5,2.83,294.01,-117.22
08-12-2024 15:00,211.78,3.11,294.19,-153.24
08-12-2024 16:00,206.23,3,294.21,-166.74
08-12-2024 17:00,209.68,3.16,293.87,-226.83
08-12-2024 18:00,217.82,3.17,293.16,-578.98
08-12-2024 19:00,208.13,2.56,291.67,413.7
08-12-2024 20:00,201.83,3.48,288.8,433.18
08-12-2024 21:00,199.01,2.42,287.2,270.56
08-12-2024 22:00,206.5,1.67,285.67,156.47
08-12-2024 23:00,204.21,2.19,284.72,210.15
09-12-2024 0:00,209.43,1.49,283.83,122.86
09-12-2024 1:00,197.33,0.8,282.76,83.1
09-12-2024 2:00,199.07,0.18,281.77,23.91
09-12-2024 3:00,198.67,0.89,281.79,14.16
09-12-2024 4:00,194.64,0.99,282.03,7.69
09-12-2024 5:00,15.14,0.1,280.66,1.98
09-12-2024 6:00,343.44,0.29,280.27,1.53
09-12-2024 7:00,85.78,0,283.44,-28.18
09-12-2024 8:00,226.01,0.59,287.12,-38.82
09-12-2024 9:00,235.52,1.25,289.74,-50.21
09-12-2024 10:00,224.13,1.73,291.66,-67.1
09-12-2024 11:00,220.49,2.12,293.38,-78.69
09-12-2024 12:00,213.56,2.17,294.89,-81.69
09-12-2024 13:00,212.74,2.22,296.13,-98.26
09-12-2024 14:00,213.29,2.31,296.92,-106.96
09-12-2024 15:00,213.18,2.39,297.41,-130.43
09-12-2024 16:00,209.75,2.37,297.61,-169.22
09-12-2024 17:00,210.75,2.41,297.29,-293.05
09-12-2024 18:00,211.42,1.96,296.57,-1280.79
09-12-2024 19:00,208.01,0.7,294.73,77.4
09-12-2024 20:00,190.26,0.5,291.62,34.13
09-12-2024 21:00,201.05,0.73,290.41,47.77
09-12-2024 22:00,199.94,0.37,288.91,32.62
09-12-2024 23:00,195.01,0.62,287.96,40.67
10-12-2024 0:00,197.09,0.96,287.08,52.2
10-12-2024 1:00,194.38,0.82,286.02,8.62
10-12-2024 2:00,19.88,0.29,284.01,1.48
10-12-2024 3:00,189.69,1.41,285.44,9.13
10-12-2024 4:00,142.54,0.35,283.89,3.33
10-12-2024 5:00,344.11,0.84,280.75,1
10-12-2024 6:00,341.09,0.23,282.13,1.75
10-12-2024 7:00,322.69,0.01,285.01,-29.61
10-12-2024 8:00,231.82,0.46,288.97,-40.52
10-12-2024 9:00,230.14,1.35,291.23,-57.05
10-12-2024 10:00,228.98,1.82,293.15,-76.15
10-12-2024 11:00,224.27,2.03,294.6,-82.9
10-12-2024 12:00,218.15,2.1,295.93,-86.57
10-12-2024 13:00,213.34,2.24,296.88,-101.45
10-12-2024 14:00,211.2,2.12,297.38,-113.61
10-12-2024 15:00,209.03,2.38,297.71,-139.98
10-12-2024 16:00,208.3,2.39,297.75,-166.02
10-12-2024 17:00,209.46,2.5,297.47,-241.17
10-12-2024 18:00,207.52,2.42,296.72,-1512.99
10-12-2024 19:00,200.75,2.36,294.91,300.7
10-12-2024 20:00,200.24,2.86,291.85,198.85
10-12-2024 21:00,199.71,2.87,290.13,189.16
10-12-2024 22:00,197.44,1.37,288.49,74.82
10-12-2024 23:00,208.88,1.08,287.13,66.49
11-12-2024 0:00,227.86,0.16,285.44,9.17
11-12-2024 1:00,126.19,0.02,284.73,2.33
11-12-2024 2:00,117.37,1.12,284.99,8.54
11-12-2024 3:00,129.07,0.92,284.1,7.4
11-12-2024 4:00,117.54,0.85,283.62,6.35
11-12-2024 5:00,157.24,0.45,283.89,-51.55
11-12-2024 6:00,170.54,0.32,283.72,-36.14
11-12-2024 7:00,280.11,0.03,284.38,-29.14
11-12-2024 8:00,234.55,0.38,288.18,-34.88
11-12-2024 9:00,221.55,1.94,290.83,-74.7
11-12-2024 10:00,222.17,2.13,292.72,-83.6
11-12-2024 11:00,220.08,2.33,294.34,-89.64
11-12-2024 12:00,215.83,2.33,295.78,-91.02
11-12-2024 13:00,210.38,2.59,296.91,-115.9
11-12-2024 14:00,213.89,2.5,297.69,-117.04
11-12-2024 15:00,212.65,2.5,298.14,-150.39
11-12-2024 16:00,210.99,2.4,298.27,-184.26
11-12-2024 17:00,208.51,2.26,298.1,-264.85
11-12-2024 18:00,204.34,1.6,297.55,-5143.92
11-12-2024 19:00,206.99,0.37,295.6,71.09
11-12-2024 20:00,201.18,1.26,292.93,69.52
11-12-2024 21:00,207.41,0.06,291.57,2.25
11-12-2024 22:00,29.83,0.61,289.91,45.72
11-12-2024 23:00,38.27,1.61,288.37,162.89
12-12-2024 0:00,55.95,1.94,287.01,239.78
12-12-2024 1:00,49.34,2,286.12,217.01
12-12-2024 2:00,54.18,1.81,285.27,172.5
12-12-2024 3:00,58.02,2.17,284.78,206.43
12-12-2024 4:00,58.71,2.23,284.23,211.71
12-12-2024 5:00,59.89,2.34,283.71,233.97
12-12-2024 6:00,55.57,2.24,283.4,349.31
12-12-2024 7:00,42.71,2.28,284.82,-134.72
12-12-2024 8:00,33.68,1.49,286.59,-51.84
12-12-2024 9:00,33.55,0.32,288.81,-36.85
12-12-2024 10:00,138.71,0.68,290.89,-41.25
12-12-2024 11:00,224.95,1.34,292.42,-58.97
12-12-2024 12:00,218.91,2.06,293.75,-85.96
12-12-2024 13:00,225.42,2.47,294.7,-101.66
12-12-2024 14:00,212.3,2.83,295.44,-121.88
12-12-2024 15:00,211.78,2.82,295.95,-139.79
12-12-2024 16:00,209.02,2.78,296.12,-162.18
12-12-2024 17:00,211.29,3.07,295.8,-260.16
12-12-2024 18:00,209.53,2.87,295.11,-663.35
12-12-2024 19:00,209.21,1.67,293.72,175.21
12-12-2024 20:00,147.94,0.12,290.25,27.34
12-12-2024 21:00,168.1,1.17,290.56,7.7
12-12-2024 22:00,189.37,1.02,288.42,48.06
12-12-2024 23:00,204.86,1.07,287.73,51.29
13-12-2024 0:00,22.75,0.63,285,1
13-12-2024 1:00,301.86,0.47,284.26,1.37
13-12-2024 2:00,184.3,0.8,285.21,5.63
13-12-2024 3:00,286.55,0.35,283.02,1.56
13-12-2024 4:00,316.85,0.49,282.23,1.45
13-12-2024 5:00,81.36,0.49,282.44,1.21
13-12-2024 6:00,14.91,0.01,283.18,-27.98
13-12-2024 7:00,286.75,0.08,283.5,-25.56
13-12-2024 8:00,223.07,0.65,288.56,-44.39
13-12-2024 9:00,224.27,1.68,290.78,-65.34
13-12-2024 10:00,222.74,1.94,292.76,-78.43
13-12-2024 11:00,220.63,2.22,294.28,-85.93
13-12-2024 12:00,216.2,2.3,295.56,-100.77
13-12-2024 13:00,209.22,2.24,296.78,-104.78
13-12-2024 14:00,212,2.18,297.52,-119.1
13-12-2024 15:00,209.58,2.36,297.93,-149.82
13-12-2024 16:00,209.3,2.38,298.05,-206.4
13-12-2024 17:00,203,1.85,297.92,-260.89
13-12-2024 18:00,204.69,1.36,297.35,-1663.75
13-12-2024 19:00,20.6,0.08,295.1,55.77
13-12-2024 20:00,193.35,0.95,292.49,51.2
13-12-2024 21:00,180.44,0.91,291.15,50.92
13-12-2024 22:00,213.73,0.49,289.71,39.73
13-12-2024 23:00,201.36,0.99,289,9.93
14-12-2024 0:00,205.8,0.92,286.95,1
14-12-2024 1:00,14.73,0.95,287.59,6.68
14-12-2024 2:00,74.34,0.64,286.38,5.05
14-12-2024 3:00,79.2,1.05,286.17,7.29
14-12-2024 4:00,102,0.92,285.91,5.77
14-12-2024 5:00,120.01,0.45,285.3,3.54
14-12-2024 6:00,297.39,0.94,283.27,1
14-12-2024 7:00,263.13,0.08,286.72,-29.22
14-12-2024 8:00,266.12,0.39,289.87,-34.16
14-12-2024 9:00,233.06,1.23,292.84,-54.84
14-12-2024 10:00,220.93,1.45,294.71,-67.01
14-12-2024 11:00,223.18,1.76,296.2,-76.85
14-12-2024 12:00,214.05,1.68,297.53,-89.14
14-12-2024 13:00,213.82,1.88,298.45,-96.67
14-12-2024 14:00,209.4,2.01,298.99,-123.6
14-12-2024 15:00,206.63,2.03,299.31,-139.59
14-12-2024 16:00,203.25,2.11,299.37,-172.76
14-12-2024 17:00,203.85,2.43,298.93,-332.64
14-12-2024 18:00,199.85,2.69,297.85,-2202.85
14-12-2024 19:00,194.75,2.27,295.93,230.97
14-12-2024 20:00,187.98,2.77,293.47,182.82
14-12-2024 21:00,194.24,2.25,291.59,131.46
14-12-2024 22:00,14.5,0.49,288.76,1.22
14-12-2024 23:00,246.42,0.9,288.98,8.09
15-12-2024 0:00,188.34,0.18,286.84,23.24
15-12-2024 1:00,74.26,0.98,286.67,12.43
15-12-2024 2:00,78.47,1.02,286,12.28
15-12-2024 3:00,85.99,1.1,285.57,9.51
15-12-2024 4:00,114.76,1.2,285.2,727.3
15-12-2024 5:00,129.39,0.36,285.18,-40.24
15-12-2024 6:00,282.42,0.14,285.06,-29.54
15-12-2024 7:00,182.61,0.15,285.29,-27.84
15-12-2024 8:00,165.9,0.17,286.6,-25.93
15-12-2024 9:00,281.32,0.38,290.9,-33.29
15-12-2024 10:00,252.22,1.3,293.29,-53.66
15-12-2024 11:00,230.16,1.6,294.91,-72.8
15-12-2024 12:00,232,1.81,296.16,-80.33
15-12-2024 13:00,218.67,2.11,296.99,-100.63
15-12-2024 14:00,217.35,2.35,297.46,-109.2
15-12-2024 15:00,209.08,2.82,297.6,-135.9
15-12-2024 16:00,212.79,2.89,297.52,-164.74
15-12-2024 17:00,208.92,2.96,297.12,-228.77
15-12-2024 18:00,211.05,3.23,296.18,-504.27
15-12-2024 19:00,204,2.69,294.73,715.63
15-12-2024 20:00,196.75,2.85,292.21,277.68
15-12-2024 21:00,191.83,2.82,291.02,296.37
15-12-2024 22:00,200.49,2.32,289.47,267.26
15-12-2024 23:00,205.28,2.13,287.96,338.2
16-12-2024 0:00,208.57,2.15,286.96,313.16
16-12-2024 1:00,208.65,1.45,286.17,151.45
16-12-2024 2:00,218.54,0.9,285.31,105.07
16-12-2024 3:00,218.16,0.89,284.43,126.94
16-12-2024 4:00,200,0.63,283.92,42.48
16-12-2024 5:00,197.36,0.82,284.77,-136.03
16-12-2024 6:00,206.04,0.33,284.6,-30.88
16-12-2024 7:00,197.09,0.34,284.69,-31.61
16-12-2024 8:00,93.22,0.16,287.19,-27.01
16-12-2024 9:00,232.67,1.06,290.33,-42.37
16-12-2024 10:00,225.47,1.67,292.24,-61.62
16-12-2024 11:00,218.35,1.88,293.92,-67.24
16-12-2024 12:00,216.25,2.2,295.35,-85.57
16-12-2024 13:00,215.73,2.38,296.4,-92.07
16-12-2024 14:00,212.65,2.64,296.97,-103.85
16-12-2024 15:00,211.08,2.79,297.26,-135.58
16-12-2024 16:00,209.89,2.85,297.35,-160.31
16-12-2024 17:00,208.81,3.02,296.97,-222.4
16-12-2024 18:00,207.39,3.22,296.19,-468.63
16-12-2024 19:00,199.18,2.99,294.55,850.29
16-12-2024 20:00,199.08,3.34,291.29,427.62
16-12-2024 21:00,205.58,3.01,289.61,362.21
16-12-2024 22:00,200.31,1.85,288.04,191.89
16-12-2024 23:00,212.02,1.96,287.04,179.75
17-12-2024 0:00,213.56,1.38,286.14,110.04
17-12-2024 1:00,212.5,1.15,285.12,123.74
17-12-2024 2:00,204.19,1,284.26,111.94
17-12-2024 3:00,205.41,0.66,283.54,71.15
17-12-2024 4:00,197.89,0.39,282.98,32.54
17-12-2024 5:00,203.69,0.84,282.91,11.61
17-12-2024 6:00,205.25,0.83,282.95,7.34
17-12-2024 7:00,132.51,0.58,283.71,642.76
17-12-2024 8:00,217.92,0.18,285.28,-30.81
17-12-2024 9:00,243.81,0.29,287.67,-32.92
17-12-2024 10:00,242.52,0.9,290.17,-42.45
17-12-2024 11:00,227.8,1.53,291.89,-62.22
17-12-2024 12:00,218.7,1.89,293.16,-70.97
17-12-2024 13:00,216.37,2.39,294.16,-100.15
17-12-2024 14:00,214.07,2.69,294.71,-116.46
17-12-2024 15:00,210.21,2.49,295.04,-125.75
17-12-2024 16:00,211.55,2.47,295.36,-160.81
17-12-2024 17:00,207.56,2.6,295.55,-196.45
17-12-2024 18:00,207.63,2.55,295.2,-447.9
17-12-2024 19:00,212.34,1.88,294,357.65
17-12-2024 20:00,206.51,1.85,291.68,114.25
17-12-2024 21:00,190.71,1.72,290.47,114.82
17-12-2024 22:00,199.95,1.97,289.36,136.16
17-12-2024 23:00,202.77,1.62,288.27,108.25
18-12-2024 0:00,215.52,0.64,286.98,50.86
18-12-2024 1:00,63.57,0.38,285.38,1.16
18-12-2024 2:00,133.83,0.51,284.36,1
18-12-2024 3:00,288.78,0.35,283.86,1.44
18-12-2024 4:00,101.2,1.12,285.2,7.89
18-12-2024 5:00,136.35,1.07,284.93,-143.86
18-12-2024 6:00,145.6,0.02,284.55,-28.98
18-12-2024 7:00,347.89,0.04,284.84,-27.95
18-12-2024 8:00,248.17,0.47,286.45,-32.03
18-12-2024 9:00,222.18,1.91,290.62,-71.38
18-12-2024 10:00,221.71,2.02,292.43,-73.77
18-12-2024 11:00,217.25,1.86,294.15,-79.33
18-12-2024 12:00,210.17,2.13,295.61,-90.5
18-12-2024 13:00,209.48,1.97,296.62,-97.85
18-12-2024 14:00,208.17,2.04,297.44,-108.67
18-12-2024 15:00,205.21,2.03,297.93,-127.42
18-12-2024 16:00,201.24,2,298.08,-153.51
18-12-2024 17:00,211.66,2.32,297.97,-270.55
18-12-2024 18:00,214.86,1.82,297.39,-1258.24
18-12-2024 19:00,38.56,0.68,295.39,49.72
18-12-2024 20:00,150.35,1.22,294.57,7.4
18-12-2024 21:00,167,1.29,292.49,13.46
18-12-2024 22:00,170.96,0.46,290.43,21.86
18-12-2024 23:00,200.06,0.32,289.33,27.51
19-12-2024 0:00,194.52,0.65,288.65,33.91
19-12-2024 1:00,191.27,0.31,287.67,25.1
19-12-2024 2:00,191.82,1,288.08,6.48
19-12-2024 3:00,191.73,0.73,287.48,4.56
19-12-2024 4:00,207.66,0.97,286.69,6.2
19-12-2024 5:00,195.28,1.29,285.65,13.59
19-12-2024 6:00,199.48,0.88,285.23,17.81
19-12-2024 7:00,199.6,0.46,287.53,-55.23
19-12-2024 8:00,211.27,1.35,290.1,-66.16
19-12-2024 9:00,216.77,1.98,292.3,-79.07
19-12-2024 10:00,218.16,2.4,293.94,-94.96
19-12-2024 11:00,215.79,2.74,295.31,-107.72
19-12-2024 12:00,215.21,3.04,296.38,-130.86
19-12-2024 13:00,215.16,3.31,297.36,-148.84
19-12-2024 14:00,208.42,3.24,298.14,-157.38
19-12-2024 15:00,210.66,3.41,298.4,-215.14
19-12-2024 16:00,210.68,3.63,298.34,-325.61
19-12-2024 17:00,209.94,3.28,298.16,-553.22
19-12-2024 18:00,211.83,2.57,297.59,1308.63
19-12-2024 19:00,215.91,1.77,295.47,154.85
19-12-2024 20:00,216.99,1.62,292.64,75.3
19-12-2024 21:00,207.2,1.52,291.51,70.85
19-12-2024 22:00,193.91,1.29,290.21,59.86
19-12-2024 23:00,197.12,1.51,289.67,64.08
20-12-2024 0:00,194.3,0.87,288.03,50.91
20-12-2024 1:00,190.66,1.8,287.84,78.9
20-12-2024 2:00,198.39,2.29,287.38,108.46
20-12-2024 3:00,205.6,2.47,286.45,139.33
20-12-2024 4:00,207.77,2.2,285.36,140.99
20-12-2024 5:00,205.6,1.4,284.38,85.77
20-12-2024 6:00,201.14,1.12,283.68,86.24
20-12-2024 7:00,210.13,2.06,285.36,-160.74
20-12-2024 8:00,213.37,2.18,287.61,-93.54
20-12-2024 9:00,219.45,2.31,289.51,-90.24
20-12-2024 10:00,220.85,2.55,291.1,-93.33
20-12-2024 11:00,217.96,2.69,292.63,-94.72
20-12-2024 12:00,216.3,2.72,294.07,-109.71
20-12-2024 13:00,212.52,2.53,295.18,-108.16
20-12-2024 14:00,210.79,2.26,295.88,-122.35
20-12-2024 15:00,212.18,2.36,296.3,-148.59
20-12-2024 16:00,206,2.25,296.67,-146.74
20-12-2024 17:00,215.2,2.25,296.81,-219.92
20-12-2024 18:00,214.17,2.04,296.44,-733.62
20-12-2024 19:00,219.85,0.23,294.96,81.9
20-12-2024 20:00,207.24,1.02,292.22,60.24
20-12-2024 21:00,174.37,1.05,291.03,12.85
20-12-2024 22:00,179.08,0.74,289.47,41.82
20-12-2024 23:00,186.03,0.18,288.23,25.45
21-12-2024 0:00,172.89,1.22,288.52,11.08
21-12-2024 1:00,323.96,0.2,286.49,1.82
21-12-2024 2:00,350.36,0.51,285.02,1.29
21-12-2024 3:00,174.61,0.43,286.14,3.61
21-12-2024 4:00,181.69,1.13,286.56,6.91
21-12-2024 5:00,169.71,0.86,285.88,5.53
21-12-2024 6:00,156.38,0.4,285.22,3.55
21-12-2024 7:00,163.34,0.29,287.48,-40.14
21-12-2024 8:00,225.99,0.43,290.41,-41.05
21-12-2024 9:00,229.89,0.98,292.71,-49.14
21-12-2024 10:00,222.16,1.55,294.53,-69.66
21-12-2024 11:00,217.87,2.1,295.96,-84.23
21-12-2024 12:00,217.85,2.46,297.07,-110.47
21-12-2024 13:00,208.87,2.43,298.11,-113.65
21-12-2024 14:00,221.32,2.45,298.82,-138.69
21-12-2024 15:00,211.14,2.66,299.26,-176.31
21-12-2024 16:00,211.51,2.52,299.36,-213.58
21-12-2024 17:00,221.99,2.06,299.19,-237.22
21-12-2024 18:00,206.76,1.57,298.72,-1434.56
21-12-2024 19:00,37.72,0.75,296.74,47.3
21-12-2024 20:00,145.11,1.47,295.9,9.36
21-12-2024 21:00,150.26,0.09,292.87,27.4
21-12-2024 22:00,193.25,0.39,292.2,30.13
21-12-2024 23:00,194.01,1.21,292.22,8.91
22-12-2024 0:00,186.72,1.38,291.26,9.74
22-12-2024 1:00,182.82,0.96,290.45,6.11
22-12-2024 2:00,192.98,0.45,288.96,3.7
22-12-2024 3:00,192.97,0.63,288.88,4.15
22-12-2024 4:00,308.11,0.73,285.06,1.22
22-12-2024 5:00,133.39,0.25,287.41,2.88
22-12-2024 6:00,136.08,0.53,288.17,3.55
22-12-2024 7:00,201.2,0.3,290.22,-130.18
22-12-2024 8:00,228.4,0.42,293.31,-52.76
22-12-2024 9:00,230.85,0.53,295.93,-51.63
22-12-2024 10:00,228.11,1.06,297.81,-74.89
22-12-2024 11:00,223.77,1.47,298.99,-82.63
22-12-2024 12:00,217.41,1.6,299.96,-98.91
22-12-2024 13:00,212.85,1.81,300.79,-111.88
22-12-2024 14:00,211.56,1.68,301.34,-110.76
22-12-2024 15:00,209.92,1.76,301.66,-131.64
22-12-2024 16:00,214.27,1.6,301.75,-159.18
22-12-2024 17:00,212.4,1.57,301.59,-377.77
22-12-2024 18:00,202.04,0.54,300.83,619.13
22-12-2024 19:00,339.2,1.18,297.92,33.49
22-12-2024 20:00,136.79,1.04,296.17,13.76
22-12-2024 21:00,157.37,1.06,294.97,15.41
22-12-2024 22:00,40.25,0.21,292.46,3.22
22-12-2024 23:00,74.17,1.13,292.05,10.19
23-12-2024 0:00,73.93,0.65,290.13,19.55
23-12-2024 1:00,83.11,1.18,289.91,11.32
23-12-2024 2:00,80.85,0.99,289.24,7.41
23-12-2024 3:00,95.71,0.22,287.97,2.98
23-12-2024 4:00,312.95,0.56,285.88,1.4
23-12-2024 5:00,54.96,0.96,283.99,1
23-12-2024 6:00,212.5,0.31,287.21,-40.92
23-12-2024 7:00,73.89,0.02,287.82,-28.21
23-12-2024 8:00,240.63,0.68,291.33,-45.14
23-12-2024 9:00,222.97,1.58,293.78,-70.66
23-12-2024 10:00,224.36,2.18,295.14,-92.59
23-12-2024 11:00,219.19,2.41,296.35,-97.01
23-12-2024 12:00,208.58,2.48,297.45,-111.16
23-12-2024 13:00,211.61,2.31,298.48,-107.13
23-12-2024 14:00,211.8,2.44,299.12,-135.93
23-12-2024 15:00,202.72,2.78,299.42,-175.39
23-12-2024 16:00,203.06,2.59,299.49,-209.43
23-12-2024 17:00,221.85,2.45,299.3,-336.67
23-12-2024 18:00,223.14,1.7,298.77,-6784.1
23-12-2024 19:00,224.98,0.08,296.81,78.82
23-12-2024 20:00,179.81,1.3,294.8,10
23-12-2024 21:00,178.32,0.39,292.22,33.56
23-12-2024 22:00,181.12,0.44,291.17,33.55
23-12-2024 23:00,197.35,0.4,289.96,32.13
24-12-2024 0:00,200.7,0.39,288.89,29.12
24-12-2024 1:00,207.38,1.83,288.8,80.54
24-12-2024 2:00,205.87,0.34,286.75,33.31
24-12-2024 3:00,213.83,0.25,285.36,18.46
24-12-2024 4:00,200.94,0.47,284.74,32.88
24-12-2024 5:00,191.23,0.4,284.33,22.52
24-12-2024 6:00,198.38,1.49,285.97,9.63
24-12-2024 7:00,90.98,0.1,286.5,-41.52
24-12-2024 8:00,240.78,0.1,290.13,-39.46
24-12-2024 9:00,253.77,0.28,293.35,-42.47
24-12-2024 10:00,247.66,0.8,295.86,-50.62
24-12-2024 11:00,230.71,1.36,297.53,-75.02
24-12-2024 12:00,216.55,1.94,298.43,-103.25
24-12-2024 13:00,217.18,2.26,299.09,-116.25
24-12-2024 14:00,213.32,2.31,299.71,-127.75
24-12-2024 15:00,210.64,2,299.94,-131.12
24-12-2024 16:00,209.4,2.3,299.93,-164.33
24-12-2024 17:00,197.55,2.02,299.71,-269.15
24-12-2024 18:00,186.26,1.53,298.98,-995.86
24-12-2024 19:00,188.6,0.74,297.03,105.74
24-12-2024 20:00,195.07,1.24,294.25,65.71
24-12-2024 21:00,197.18,1.44,292.71,75.31
24-12-2024 22:00,198.76,0.6,291.72,4.88
24-12-2024 23:00,13.77,0.46,289.42,38.97
25-12-2024 0:00,80.29,0.42,288.37,19.17
25-12-2024 1:00,79.82,0.7,287.67,15.22
25-12-2024 2:00,69.03,0.31,286.65,26.93
25-12-2024 3:00,33.35,0.51,286.89,4.36
25-12-2024 4:00,99.43,0.06,285.96,2.47
25-12-2024 5:00,239.33,0.92,284.35,1
25-12-2024 6:00,197.53,0.81,284.1,1
25-12-2024 7:00,249.39,0.01,287.41,-30.39
25-12-2024 8:00,9.74,0.21,290.18,-32.98
25-12-2024 9:00,283.03,0.49,292.68,-37.29
25-12-2024 10:00,249.68,0.88,294.67,-50.4
25-12-2024 11:00,237.46,1.48,296.26,-72.28
25-12-2024 12:00,221.69,1.85,297.51,-86.26
25-12-2024 13:00,219.41,2.05,298.41,-93.98
25-12-2024 14:00,211.65,2.24,299.03,-104.84
25-12-2024 15:00,214.52,2.21,299.28,-120.94
25-12-2024 16:00,212.79,2.45,299.16,-134.3
25-12-2024 17:00,203.32,2.84,298.62,-216.81
25-12-2024 18:00,205.75,2.83,297.64,-442.42
25-12-2024 19:00,199.63,2.85,295.93,1050.28
25-12-2024 20:00,201.28,3.03,293.24,312.5
25-12-2024 21:00,199.78,1.9,292,197.28
25-12-2024 22:00,214.8,2,290.57,246.55
25-12-2024 23:00,206.23,2.19,289.04,647.19
26-12-2024 0:00,208.45,2.01,287.87,717.72
26-12-2024 1:00,208.79,1.69,287.12,464.41
26-12-2024 2:00,215.02,1.54,286.39,555.75
26-12-2024 3:00,215.21,1.39,285.8,465.01
26-12-2024 4:00,218.34,0.83,285.24,406.75
26-12-2024 5:00,216.67,0.62,284.61,-319.33
26-12-2024 6:00,231.5,0.63,284.36,-213.48
26-12-2024 7:00,269.26,0.11,285.76,-27.84
26-12-2024 8:00,268.35,0.88,287.29,-35.63
26-12-2024 9:00,274.84,1.08,288.85,-37.37
26-12-2024 10:00,254.78,1.04,291.45,-44.45
26-12-2024 11:00,237.4,1.47,293.52,-60.54
26-12-2024 12:00,230.72,1.59,295.14,-65.18
26-12-2024 13:00,222.06,2.2,296.04,-91.23
26-12-2024 14:00,214.34,2.51,296.72,-104.06
26-12-2024 15:00,210.04,2.9,297.08,-126.14
26-12-2024 16:00,209,2.96,297.22,-146.36
26-12-2024 17:00,209.47,3.04,296.97,-190.16
26-12-2024 18:00,213.63,3.18,296.18,-303
26-12-2024 19:00,205.96,2.96,294.76,-1547.76
26-12-2024 20:00,200.89,3.47,292.37,595.04
26-12-2024 21:00,198.26,3.33,290.62,730.64
26-12-2024 22:00,202.69,2.99,289.28,689.84
26-12-2024 23:00,202.41,2.64,288.08,843.1
27-12-2024 0:00,208.68,2.44,287.15,905.98
27-12-2024 1:00,212.5,1.67,286.51,409.76
27-12-2024 2:00,214.27,1.16,286.01,193.87
27-12-2024 3:00,209.78,0.62,285.4,166.47
27-12-2024 4:00,203.97,0.24,285.51,-33.96
27-12-2024 5:00,197.66,0.18,286.06,-35.61
27-12-2024 6:00,207.66,0.37,286.06,-39.77
27-12-2024 7:00,196.85,0.38,286.09,-32.59
27-12-2024 8:00,193.3,0.49,286.49,-31.68
27-12-2024 9:00,202.05,0.56,287.87,-31.69
27-12-2024 10:00,243.08,0.67,292.55,-41.98
27-12-2024 11:00,221.99,1.43,294.7,-64.37
27-12-2024 12:00,220.46,1.98,296.04,-77.55
27-12-2024 13:00,219.69,2.24,296.9,-94.5
27-12-2024 14:00,215.27,2.64,297.56,-113.13
27-12-2024 15:00,209,2.67,297.94,-123.92
27-12-2024 16:00,208.22,3.02,297.99,-163.18
27-12-2024 17:00,211.94,3.06,297.74,-220.31
27-12-2024 18:00,211.6,3.04,297.09,-371.95
27-12-2024 19:00,202.51,3.13,295.53,-22205.77
27-12-2024 20:00,199.39,3.52,293.1,424.74
27-12-2024 21:00,195.33,2.88,291.87,447.06
27-12-2024 22:00,197.9,2.6,290.44,421.41
27-12-2024 23:00,205.38,2.35,289.19,558
28-12-2024 0:00,211.05,2.33,288.27,446.93
28-12-2024 1:00,206.79,0.87,287.56,107.06
28-12-2024 2:00,216.42,0.15,286.72,88.97
28-12-2024 3:00,233.54,0.36,286.04,81.59
28-12-2024 4:00,66.3,0.1,285.57,1.84
28-12-2024 5:00,194.01,0.52,284.67,1
28-12-2024 6:00,280.75,0.54,284.6,1
28-12-2024 7:00,93.12,0.08,287.01,-28.53
28-12-2024 8:00,201.69,0.28,289.5,-27.69
28-12-2024 9:00,251.64,0.48,292.25,-34.18
28-12-2024 10:00,236.97,1.23,294.19,-53.26
28-12-2024 11:00,220.62,1.77,295.75,-74.27
28-12-2024 12:00,212.67,2.4,296.83,-92.75
28-12-2024 13:00,211.53,2.45,297.69,-94.18
28-12-2024 14:00,213.41,2.65,298.32,-115.83
28-12-2024 15:00,209,3.18,298.61,-156.6
28-12-2024 16:00,206.07,3.02,298.72,-176.85
28-12-2024 17:00,203.05,3.23,298.35,-259.26
28-12-2024 18:00,201.47,3.37,297.56,-528.4
28-12-2024 19:00,204.44,3.05,296.41,849.5
28-12-2024 20:00,198.96,3.43,293.64,473.65
28-12-2024 21:00,195.85,3.36,292.16,431.41
28-12-2024 22:00,199.19,2.91,290.82,408.61
28-12-2024 23:00,209.24,1.63,289.59,235.09
29-12-2024 0:00,213.36,1.89,288.78,252.34
29-12-2024 1:00,220.24,1.14,288.13,113.98
29-12-2024 2:00,220.51,0.96,287.26,240.08
29-12-2024 3:00,214.39,0.65,286.71,56.11
29-12-2024 4:00,230.81,0.41,286.86,5.03
29-12-2024 5:00,273.79,0.61,287.47,-66.32
29-12-2024 6:00,307.46,0.61,287.65,-94.57
29-12-2024 7:00,229.78,0.26,287.1,-30.01
29-12-2024 8:00,244.7,0.13,287.82,-26.73
29-12-2024 9:00,257.48,0.92,292.27,-39.67
29-12-2024 10:00,222.58,1.92,294.74,-71.86
29-12-2024 11:00,218.18,2.03,296.36,-74.8
29-12-2024 12:00,211.07,1.94,297.84,-84.45
29-12-2024 13:00,212.8,2.13,298.77,-91.39
29-12-2024 14:00,209.38,2.43,299.22,-118.85
29-12-2024 15:00,204.74,2.85,299.29,-161.87
29-12-2024 16:00,207.35,2.76,299.25,-172.44
29-12-2024 17:00,204.42,2.94,299.06,-247.43
29-12-2024 18:00,202.54,2.6,298.66,-529.44
29-12-2024 19:00,199.17,2.57,297.39,455.27
29-12-2024 20:00,192.68,3.16,294.49,349.04
29-12-2024 21:00,196.37,2.07,293.35,173.76
29-12-2024 22:00,203.4,1.45,292.09,120.77
29-12-2024 23:00,194.94,0.95,290.86,83.89
30-12-2024 0:00,37.05,0.17,289.5,19.79
30-12-2024 1:00,218.74,0.18,288.94,3.57
30-12-2024 2:00,59.2,0.17,287.76,14.55
30-12-2024 3:00,261.46,0.03,287.45,2.2
30-12-2024 4:00,83.24,0.66,287.74,5.55
30-12-2024 5:00,81.15,0.8,287.61,6.26
30-12-2024 6:00,55.65,0.57,287.23,4.9
30-12-2024 7:00,187.65,0.09,288.4,-29.76
30-12-2024 8:00,97.34,0.23,290.53,-28.4
30-12-2024 9:00,230.25,1.2,292.8,-45.23
30-12-2024 10:00,221.7,1.67,294.52,-64
30-12-2024 11:00,211.59,1.99,295.9,-81.2
30-12-2024 12:00,212.19,2.19,297.23,-88.43
30-12-2024 13:00,210.45,2.34,298.08,-106.39
30-12-2024 14:00,218.53,2.56,298.84,-124.79
30-12-2024 15:00,208.45,2.93,299.09,-158.84
30-12-2024 16:00,207.75,3.12,299.15,-214.67
30-12-2024 17:00,207.82,2.89,298.97,-307.53
30-12-2024 18:00,201.26,2.72,298.15,-2020.02
30-12-2024 19:00,203.81,1.85,296.72,256.4
30-12-2024 20:00,207.03,1.65,293.86,101.65
30-12-2024 21:00,191.68,0.59,292.04,38.97
30-12-2024 22:00,196.46,1.04,290.91,60.83
30-12-2024 23:00,200.77,0.45,289.39,17.03
31-12-2024 0:00,108.08,0.87,287.93,1
31-12-2024 1:00,77.3,0.2,287.6,1.91
31-12-2024 2:00,261.03,0.61,287.57,5
31-12-2024 3:00,131.7,1.17,287.07,9.74
31-12-2024 4:00,154.7,0.84,286.18,-59.62
31-12-2024 5:00,185.2,0.32,286.08,3.37
31-12-2024 6:00,213.68,1.03,286.26,7.49
31-12-2024 7:00,89.48,0.03,286.98,-32.33
31-12-2024 8:00,215.61,1.2,290.09,-58.61
31-12-2024 9:00,221.18,1.65,291.85,-62.01
31-12-2024 10:00,222,2.11,293.61,-81.35
31-12-2024 11:00,218.63,2.14,295.08,-79.64
31-12-2024 12:00,213.96,2.05,296.47,-90.06
31-12-2024 13:00,217.85,2.36,297.51,-102.95
31-12-2024 14:00,213.56,2.22,298.29,-118.03
31-12-2024 15:00,212.64,2.23,298.86,-135.93
31-12-2024 16:00,213.28,2.33,299,-172.54
31-12-2024 17:00,208.57,2.17,298.79,-237.69
31-12-2024 18:00,204.62,1.79,298.39,-678.36
31-12-2024 19:00,207.28,0.66,296.98,128.02
31-12-2024 20:00,202.63,1.36,294.41,89.32
31-12-2024 21:00,187.82,1.52,293.28,93.79
31-12-2024 22:00,197.33,1.67,292.3,95.37
31-12-2024 23:00,212.06,0.48,290.72,42.99
